#Entity         POWER             SMACT        TENSO        DRAMA        PCITX                       PCIRX                       NVLTX                       NVLRX                       
ID               W                                                                                                                                                                       
GPU 0           97.406            N/A          N/A          N/A          N/A                         N/A                         N/A                         N/A                         
GPU 1           99.199            N/A          N/A          N/A          N/A                         N/A                         N/A                         N/A                         
GPU 2           71.580            N/A          N/A          N/A          N/A                         N/A                         N/A                         N/A                         
GPU 3           71.544            N/A          N/A          N/A          N/A                         N/A                         N/A                         N/A                         
GPU 4           71.918            N/A          N/A          N/A          N/A                         N/A                         N/A                         N/A                         
GPU 5           74.025            N/A          N/A          N/A          N/A                         N/A                         N/A                         N/A                         
GPU 6           73.952            N/A          N/A          N/A          N/A                         N/A                         N/A                         N/A                         
GPU 7           73.735            N/A          N/A          N/A          N/A                         N/A                         N/A                         N/A                         
GPU 0           97.349            0.000        0.000        0.000        501088                      287234                      0                           0                           
GPU 1           99.239            0.000        0.000        0.000        479093                      278335                      0                           0                           
GPU 2           71.558            0.000        0.000        0.000        503113                      307633                      0                           0                           
GPU 3           71.529            0.000        0.000        0.000        507299                      310773                      0                           0                           
GPU 4           71.864            0.000        0.000        0.000        1663132                     1332393                     0                           0                           
GPU 5           73.988            0.000        0.000        0.000        1681882                     1340266                     0                           0                           
GPU 6           73.940            0.000        0.000        0.000        2275039                     1870448                     0                           0                           
GPU 7           73.735            0.000        0.000        0.000        2168089                     1778179                     0                           0                           
GPU 0           97.588            0.000        0.000        0.000        4225731                     3546951                     0                           0                           
GPU 1           99.258            0.000        0.000        0.000        4173346                     3505569                     0                           0                           
GPU 2           71.565            0.000        0.000        0.000        4549907                     3902690                     0                           0                           
GPU 3           71.528            0.000        0.000        0.000        4595924                     3944005                     0                           0                           
GPU 4           71.911            0.000        0.000        0.000        4511623                     3854977                     0                           0                           
GPU 5           74.016            0.000        0.000        0.000        4487261                     3836417                     0                           0                           
GPU 6           73.884            0.000        0.000        0.000        4492326                     3833123                     0                           0                           
GPU 7           73.736            0.000        0.000        0.000        4430590                     3790762                     0                           0                           
GPU 0           97.588            0.000        0.000        0.000        4225731                     3546951                     0                           0                           
GPU 1           99.258            0.000        0.000        0.000        4787766                     3505569                     0                           0                           
GPU 2           71.565            0.000        0.000        0.000        4549907                     3902690                     0                           0                           
GPU 3           71.528            0.000        0.000        0.000        4595924                     832834                      0                           0                           
GPU 4           71.911            0.000        0.000        0.000        4511623                     3854977                     0                           0                           
GPU 5           74.016            0.000        0.000        0.000        4487261                     3836417                     0                           0                           
GPU 6           73.884            0.000        0.000        0.000        4492326                     3833123                     0                           0                           
GPU 7           73.736            0.000        0.000        0.000        4430590                     3790762                     0                           0                           
GPU 0           97.470            0.000        0.000        0.000        3760764                     3093371                     0                           0                           
GPU 1           99.319            0.000        0.000        0.000        1757689                     3980894                     0                           0                           
GPU 2           71.575            0.000        0.000        0.000        3953597                     3326481                     0                           0                           
GPU 3           71.530            0.000        0.000        0.000        7693897                     6631867                     0                           0                           
GPU 4           72.019            0.000        0.000        0.000        3565919                     2988694                     0                           0                           
GPU 5           74.016            0.000        0.000        0.000        3335162                     2768696                     0                           0                           
GPU 6           73.923            0.000        0.000        0.000        5532108                     2541496                     0                           0                           
GPU 7           73.756            0.000        0.000        0.000        3178894                     2649078                     0                           0                           
GPU 0           97.398            0.000        0.000        0.000        6477838                     5401357                     0                           0                           
GPU 1           99.299            0.000        0.000        0.000        6070744                     5073514                     0                           0                           
GPU 2           71.585            0.000        0.000        0.000        5300379                     4536632                     0                           0                           
GPU 3           71.548            0.000        0.000        0.000        5270249                     4502196                     0                           0                           
GPU 4           71.972            0.000        0.000        0.000        5458027                     4684897                     0                           0                           
GPU 5           74.033            0.000        0.000        0.000        5441669                     4668181                     0                           0                           
GPU 6           73.997            0.000        0.000        0.000        5895776                     4774237                     0                           0                           
GPU 7           73.751            0.000        0.000        0.000        5459714                     4681252                     0                           0                           
GPU 0           97.397            0.000        0.000        0.000        6633818                     5537063                     0                           0                           
GPU 1           99.297            0.000        0.000        0.000        6055795                     5059129                     0                           0                           
GPU 2           71.585            0.000        0.000        0.000        6276707                     5391897                     0                           0                           
GPU 3           71.521            0.000        0.000        0.000        6319305                     5425991                     0                           0                           
GPU 4           71.966            0.000        0.000        0.000        6722444                     5779206                     0                           0                           
GPU 5           74.040            0.000        0.000        0.000        6136982                     5250538                     0                           0                           
GPU 6           74.009            0.000        0.000        0.000        6751984                     5817489                     0                           0                           
GPU 7           73.736            0.000        0.000        0.000        5032418                     4297779                     0                           0                           
GPU 0           97.399            0.000        0.000        0.000        654537                      435047                      0                           0                           
GPU 1           99.227            0.000        0.000        0.000        559290                      351194                      0                           0                           
GPU 2           71.577            0.000        0.000        0.000        567581                      370526                      0                           0                           
GPU 3           71.524            0.000        0.000        0.000        568091                      370517                      0                           0                           
GPU 4           71.929            0.000        0.000        0.000        564953                      367901                      0                           0                           
GPU 5           74.040            0.000        0.000        0.000        2828482                     2364711                     0                           0                           
GPU 6           73.837            0.000        0.000        0.000        598046                      396251                      0                           0                           
GPU 7           73.746            0.000        0.000        0.000        8056629                     6961503                     0                           0                           
GPU 0           97.372            0.000        0.000        0.000        3574734                     2950514                     0                           0                           
GPU 1           99.277            0.000        0.000        0.000        4155073                     3493574                     0                           0                           
GPU 2           71.573            0.000        0.000        0.000        4593720                     3943536                     0                           0                           
GPU 3           71.513            0.000        0.000        0.000        4574611                     3922143                     0                           0                           
GPU 4           71.979            0.000        0.000        0.000        4485932                     3827192                     0                           0                           
GPU 5           74.054            0.000        0.000        0.000        2968570                     2453641                     0                           0                           
GPU 6           73.893            0.000        0.000        0.000        4446332                     3802232                     0                           0                           
GPU 7           73.737            0.000        0.000        0.000        1146797                     883683                      0                           0                           
GPU 0           97.372            0.000        0.000        0.000        531714                      2950514                     0                           0                           
GPU 1           99.277            0.000        0.000        0.000        4155073                     3493574                     0                           0                           
GPU 2           71.573            0.000        0.000        0.000        7823476                     3943536                     0                           0                           
GPU 3           71.522            0.000        0.000        0.000        4574611                     3922143                     0                           0                           
GPU 4           71.979            0.000        0.000        0.000        1501289                     1169102                     0                           0                           
GPU 5           74.054            0.000        0.000        0.000        2968570                     1365822                     0                           0                           
GPU 6           73.893            0.000        0.000        0.000        4446332                     2412946                     0                           0                           
GPU 7           73.737            0.000        0.000        0.000        2521497                     883683                      0                           0                           
GPU 0           97.378            0.000        0.000        0.000        521815                      307498                      0                           0                           
GPU 1           99.258            0.000        0.000        0.000        478039                      275187                      0                           0                           
GPU 2           71.568            0.000        0.000        0.000        542377                      340623                      0                           0                           
GPU 3           71.519            0.000        0.000        0.000        525603                      328043                      0                           0                           
GPU 4           71.932            0.000        0.000        0.000        7447583                     6468817                     0                           0                           
GPU 5           74.022            0.000        0.000        0.000        815024                      571303                      0                           0                           
GPU 6           73.905            0.000        0.000        0.000        4350844                     3731790                     0                           0                           
GPU 7           73.743            0.000        0.000        0.000        5493826                     4751496                     0                           0                           
GPU 0           97.414            0.000        0.000        0.000        3845159                     3170055                     0                           0                           
GPU 1           99.290            0.000        0.000        0.000        4086914                     3397637                     0                           0                           
GPU 2           71.592            0.000        0.000        0.000        4354815                     3702379                     0                           0                           
GPU 3           71.515            0.000        0.000        0.000        4384228                     3722348                     0                           0                           
GPU 4           71.990            0.000        0.000        0.000        433919                      230534                      0                           0                           
GPU 5           74.061            0.000        0.000        0.000        4263082                     3596501                     0                           0                           
GPU 6           73.962            0.000        0.000        0.000        2785893                     2292389                     0                           0                           
GPU 7           73.748            0.000        0.000        0.000        1084769                     792615                      0                           0                           
GPU 0           97.484            0.000        0.000        0.000        3845159                     285657                      0                           0                           
GPU 1           99.290            0.000        0.000        0.000        4086914                     2163710                     0                           0                           
GPU 2           71.592            0.000        0.000        0.000        752778                      505505                      0                           0                           
GPU 3           71.529            0.000        0.000        0.000        2907762                     3722348                     0                           0                           
GPU 4           71.990            0.000        0.000        0.000        1929925                     4032426                     0                           0                           
GPU 5           74.061            0.000        0.000        0.000        4263082                     3596501                     0                           0                           
GPU 6           73.962            0.000        0.000        0.000        2785893                     936341                      0                           0                           
GPU 7           73.756            0.000        0.000        0.000        3887290                     792615                      0                           0                           
GPU 0           97.370            0.000        0.000        0.000        4200562                     3513921                     0                           0                           
GPU 1           99.282            0.000        0.000        0.000        487483                      285676                      0                           0                           
GPU 2           71.592            0.000        0.000        0.000        4458182                     3824626                     0                           0                           
GPU 3           71.528            0.000        0.000        0.000        511495                      314443                      0                           0                           
GPU 4           72.012            0.000        0.000        0.000        2803661                     2356150                     0                           0                           
GPU 5           74.032            0.000        0.000        0.000        1621897                     1284417                     0                           0                           
GPU 6           73.877            0.000        0.000        0.000        4173532                     3542052                     0                           0                           
GPU 7           73.736            0.000        0.000        0.000        1603133                     1283974                     0                           0                           
GPU 0           97.540            0.000        0.000        0.000        3597555                     2973820                     0                           0                           
GPU 1           99.319            0.000        0.000        0.000        4226847                     3691152                     0                           0                           
GPU 2           71.581            0.000        0.000        0.000        3649291                     3085544                     0                           0                           
GPU 3           71.543            0.000        0.000        0.000        4623456                     3963636                     0                           0                           
GPU 4           71.964            0.000        0.000        0.000        3607593                     3034277                     0                           0                           
GPU 5           74.056            0.000        0.000        0.000        4516807                     3852832                     0                           0                           
GPU 6           73.955            0.000        0.000        0.000        455427                      253656                      0                           0                           
GPU 7           73.728            0.000        0.000        0.000        4491716                     3862320                     0                           0                           
#Entity         POWER             SMACT        TENSO        DRAMA        PCITX                       PCIRX                       NVLTX                       NVLRX                       
ID               W                                                                                                                                                                       
GPU 0           99.716            0.009        0.000        0.004        3597555                     347565917                   0                           0                           
GPU 1           99.319            0.000        0.001        0.008        4226847                     19231544                    0                           0                           
GPU 2           71.574            0.000        0.000        0.000        594170                      3427529                     0                           0                           
GPU 3           71.520            0.000        0.000        0.000        1550409                     3963636                     0                           0                           
GPU 4           71.964            0.000        0.000        0.000        1131503                     3034277                     0                           0                           
GPU 5           74.044            0.000        0.000        0.000        4516807                     3852832                     0                           0                           
GPU 6           73.955            0.000        0.000        0.000        455427                      1691576                     0                           0                           
GPU 7           73.749            0.000        0.000        0.000        4491716                     3862320                     0                           0                           
GPU 0           98.867            0.003        0.000        0.001        2092873                     28510885                    2381672                     2382196                     
GPU 1           100.754           0.002        0.000        0.001        758452                      5417664                     2382283                     2381759                     
GPU 2           71.578            0.000        0.000        0.000        4077921                     310250                      0                           0                           
GPU 3           71.536            0.000        0.000        0.000        3386136                     2843726                     0                           0                           
GPU 4           71.973            0.000        0.000        0.000        4324467                     3663115                     0                           0                           
GPU 5           74.045            0.000        0.000        0.000        1093132                     807534                      0                           0                           
GPU 6           73.931            0.000        0.000        0.000        2189958                     1785769                     0                           0                           
GPU 7           73.740            0.000        0.000        0.000        2084797                     1692260                     0                           0                           
GPU 0           98.758            0.000        0.000        0.000        4138592                     3769075                     1702399                     1701875                     
GPU 1           100.340           0.001        0.000        0.000        4283355                     4480960                     1701915                     1702440                     
GPU 2           71.569            0.000        0.000        0.000        501537                      3882866                     0                           0                           
GPU 3           71.524            0.000        0.000        0.000        3585385                     3019410                     0                           0                           
GPU 4           71.999            0.000        0.000        0.000        700827                      459277                      0                           0                           
GPU 5           74.043            0.000        0.000        0.000        4492682                     3837696                     0                           0                           
GPU 6           73.886            0.000        0.000        0.000        3007658                     2503063                     0                           0                           
GPU 7           73.726            0.000        0.000        0.000        4433894                     3791946                     0                           0                           
GPU 0           98.758            0.000        0.000        0.000        4138592                     3769075                     1702399                     1701875                     
GPU 1           100.340           0.001        0.000        0.000        4283355                     4480960                     1701915                     1702440                     
GPU 2           71.569            0.000        0.000        0.000        4536911                     3882866                     0                           0                           
GPU 3           71.520            0.000        0.000        0.000        3585385                     3019410                     0                           0                           
GPU 4           71.999            0.000        0.000        0.000        4404555                     459277                      0                           0                           
GPU 5           74.043            0.000        0.000        0.000        4492682                     3837696                     0                           0                           
GPU 6           73.886            0.000        0.000        0.000        3007658                     1355971                     0                           0                           
GPU 7           73.726            0.000        0.000        0.000        4433894                     3791946                     0                           0                           
GPU 0           97.655            0.058        0.018        0.021        3672061                     13675623                    1857306454                  1857306454                  
GPU 1           152.306           0.064        0.018        0.021        16793322                    356431                      1857363694                  1857363694                  
GPU 2           71.521            0.000        0.000        0.000        720856                      483112                      0                           0                           
GPU 3           71.490            0.000        0.000        0.000        590886                      392396                      0                           0                           
GPU 4           71.969            0.000        0.000        0.000        2080701                     1685957                     0                           0                           
GPU 5           74.100            0.000        0.000        0.000        2503123                     2063635                     0                           0                           
GPU 6           73.946            0.000        0.000        0.000        1672556                     3866234                     0                           0                           
GPU 7           73.680            0.000        0.000        0.000        1701495                     1353160                     0                           0                           
GPU 0           97.697            0.000        0.000        0.000        504204                      291935                      0                           0                           
GPU 1           99.439            0.000        0.000        0.000        560855                      3264333                     0                           0                           
GPU 2           71.564            0.000        0.000        0.000        4505969                     3870079                     0                           0                           
GPU 3           71.522            0.000        0.000        0.000        4300593                     3654403                     0                           0                           
GPU 4           71.946            0.000        0.000        0.000        2320917                     1923615                     0                           0                           
GPU 5           74.019            0.000        0.000        0.000        1156000                     874074                      0                           0                           
GPU 6           73.901            0.000        0.000        0.000        4506065                     838964                      0                           0                           
GPU 7           73.714            0.000        0.000        0.000        2209026                     1820677                     0                           0                           
GPU 0           97.510            0.000        0.000        0.000        4224059                     3544247                     0                           0                           
GPU 1           99.422            0.000        0.000        0.000        3911644                     285149                      0                           0                           
GPU 2           71.577            0.000        0.000        0.000        3643775                     3084370                     0                           0                           
GPU 3           71.520            0.000        0.000        0.000        518294                      318628                      0                           0                           
GPU 4           71.993            0.000        0.000        0.000        4502540                     3854979                     0                           0                           
GPU 5           74.085            0.000        0.000        0.000        4517333                     3852310                     0                           0                           
GPU 6           73.931            0.000        0.000        0.000        1129828                     3588085                     0                           0                           
GPU 7           73.714            0.000        0.000        0.000        4458755                     3813106                     0                           0                           
GPU 0           97.558            0.000        0.000        0.000        2889149                     2354898                     0                           0                           
GPU 1           99.463            0.000        0.000        0.000        486955                      3550217                     0                           0                           
GPU 2           71.590            0.000        0.000        0.000        590238                      392400                      0                           0                           
GPU 3           71.511            0.000        0.000        0.000        3158515                     2635589                     0                           0                           
GPU 4           71.967            0.000        0.000        0.000        2345060                     1923005                     0                           0                           
GPU 5           74.012            0.000        0.000        0.000        2226046                     1802393                     0                           0                           
GPU 6           73.945            0.000        0.000        0.000        2578895                     2125569                     0                           0                           
GPU 7           73.741            0.000        0.000        0.000        669956                      433244                      0                           0                           
GPU 0           97.475            0.000        0.000        0.000        577874                      361007                      0                           0                           
GPU 1           99.453            0.000        0.000        0.000        4216243                     2467191                     0                           0                           
GPU 2           71.597            0.000        0.000        0.000        4325487                     3682481                     0                           0                           
GPU 3           71.515            0.000        0.000        0.000        520886                      316514                      0                           0                           
GPU 4           71.909            0.000        0.000        0.000        1419746                     1112632                     0                           0                           
GPU 5           74.050            0.000        0.000        0.000        1733698                     1395134                     0                           0                           
GPU 6           73.872            0.000        0.000        0.000        1663441                     1333268                     0                           0                           
GPU 7           73.730            0.000        0.000        0.000        4832802                     4164582                     0                           0                           
GPU 0           97.590            0.000        0.000        0.000        3879160                     3208785                     0                           0                           
GPU 1           99.444            0.000        0.000        0.000        3018474                     849772                      0                           0                           
GPU 2           71.579            0.000        0.000        0.000        514130                      317597                      0                           0                           
GPU 3           71.523            0.000        0.000        0.000        4519830                     3857523                     0                           0                           
GPU 4           71.982            0.000        0.000        0.000        4452577                     3798079                     0                           0                           
GPU 5           74.057            0.000        0.000        0.000        4438765                     3793126                     0                           0                           
GPU 6           73.913            0.000        0.000        0.000        4402482                     3760530                     0                           0                           
GPU 7           73.731            0.000        0.000        0.000        2032126                     1633824                     0                           0                           
GPU 0           98.082            0.000        0.000        0.000        506330                      289855                      0                           0                           
GPU 1           100.213           0.014        0.000        0.000        3341491                     3274661                     14313375                    0                           
GPU 2           71.587            0.000        0.000        0.000        3141158                     3834166                     0                           0                           
GPU 3           71.516            0.000        0.000        0.000        1151102                     850662                      0                           0                           
GPU 4           71.927            0.000        0.000        0.000        1802570                     1435393                     0                           0                           
GPU 5           74.019            0.000        0.000        0.000        2075564                     1665412                     0                           0                           
GPU 6           73.939            0.000        0.000        0.000        2460032                     2019455                     0                           0                           
GPU 7           73.721            0.000        0.000        0.000        2636138                     2203114                     0                           0                           
GPU 0           100.318           0.000        0.000        0.000        4239136                     4113869                     0                           17175105                    
GPU 1           101.776           0.031        0.000        0.000        54764641                    1011349101                  111941916                   129116536                   
GPU 2           71.563            0.000        0.000        0.000        509926                      2630546                     0                           0                           
GPU 3           71.498            0.000        0.000        0.000        4319181                     3703465                     0                           0                           
GPU 4           71.892            0.000        0.000        0.000        2561906                     2142008                     0                           0                           
GPU 5           74.059            0.000        0.000        0.000        1718296                     1376628                     0                           0                           
GPU 6           73.833            0.000        0.000        0.000        1111570                     845862                      0                           0                           
GPU 7           73.727            0.000        0.000        0.000        3012361                     2506109                     0                           0                           
GPU 0           341.273           0.082        0.024        0.029        12529797                    155831490                   2550313816                  2536002034                  
GPU 1           344.229           0.404        0.001        0.001        29243289                    425144498                   11896682204                 11896683253                 
GPU 2           71.587            0.000        0.000        0.000        4579341                     314445                      0                           0                           
GPU 3           71.585            0.000        0.000        0.000        3372314                     2828133                     0                           0                           
GPU 4           71.920            0.000        0.000        0.000        4283294                     3638154                     0                           0                           
GPU 5           74.150            0.000        0.000        0.000        4558310                     3909291                     0                           0                           
GPU 6           73.923            0.000        0.000        0.000        4508602                     3860847                     0                           0                           
GPU 7           73.718            0.000        0.000        0.000        1643534                     1323317                     0                           0                           
GPU 0           341.273           0.540        0.190        0.168        23057640                    466898233                   9873523417                  9859211372                  
GPU 1           297.359           0.428        0.136        0.135        16226639                    425144498                   9911088753                  9911089103                  
GPU 2           71.764            0.000        0.000        0.000        3013774                     3929566                     0                           0                           
GPU 3           71.585            0.000        0.000        0.000        617007                      417888                      0                           0                           
GPU 4           71.849            0.000        0.000        0.000        4283294                     310248                      0                           0                           
GPU 5           73.951            0.000        0.000        0.000        724610                      470210                      0                           0                           
GPU 6           73.915            0.000        0.000        0.000        1823396                     3860847                     0                           0                           
GPU 7           73.717            0.000        0.000        0.000        2084491                     1686597                     0                           0                           
#Entity         POWER             SMACT        TENSO        DRAMA        PCITX                       PCIRX                       NVLTX                       NVLRX                       
ID               W                                                                                                                                                                       
GPU 0           315.574           0.435        0.055        0.278        11969078                    268208582                   4044766667                  4061939169                  
GPU 1           333.739           0.525        0.184        0.124        11307245                    80785803                    4397597686                  4397596114                  
GPU 2           71.598            0.000        0.000        0.000        518848                      2529935                     0                           0                           
GPU 3           71.478            0.000        0.000        0.000        4344237                     3694960                     0                           0                           
GPU 4           71.873            0.000        0.000        0.000        4590709                     3939310                     0                           0                           
GPU 5           74.232            0.000        0.000        0.000        4402774                     3767070                     0                           0                           
GPU 6           73.927            0.000        0.000        0.000        2747505                     2300724                     0                           0                           
GPU 7           73.553            0.000        0.000        0.000        1647367                     1329215                     0                           0                           
GPU 0           332.490           0.506        0.064        0.321        16349010                    84941205                    4371162411                  4371162411                  
GPU 1           341.026           0.548        0.059        0.302        15886870                    86780098                    4416368716                  4416369241                  
GPU 2           71.551            0.000        0.000        0.000        4542304                     322314                      0                           0                           
GPU 3           71.646            0.000        0.000        0.000        522979                      314940                      0                           0                           
GPU 4           71.797            0.000        0.000        0.000        716083                      474054                      0                           0                           
GPU 5           73.952            0.000        0.000        0.000        2094428                     1685674                     0                           0                           
GPU 6           73.823            0.000        0.000        0.000        3329606                     2804129                     0                           0                           
GPU 7           73.617            0.000        0.000        0.000        4482255                     3844478                     0                           0                           
GPU 0           332.490           0.557        0.065        0.321        14605525                    88176395                    4495094985                  4495095335                  
GPU 1           346.432           0.567        0.062        0.319        14757825                    86780098                    4481395295                  4481395295                  
GPU 2           71.631            0.000        0.000        0.000        2825814                     3893029                     0                           0                           
GPU 3           71.524            0.000        0.000        0.000        4648363                     2432044                     0                           0                           
GPU 4           71.892            0.000        0.000        0.000        716083                      1668869                     0                           0                           
GPU 5           73.986            0.000        0.000        0.000        2791101                     2756975                     0                           0                           
GPU 6           73.730            0.000        0.000        0.000        1080141                     2804129                     0                           0                           
GPU 7           73.617            0.000        0.000        0.000        198203                      15722                       0                           0                           
GPU 0           278.391           0.465        0.057        0.273        10575702                    77021695                    4059562498                  4059561843                  
GPU 1           289.870           0.458        0.058        0.210        13012923                    121726651                   4760275823                  4760274775                  
GPU 2           71.488            0.000        0.000        0.000        512023                      316018                      0                           0                           
GPU 3           71.552            0.000        0.000        0.000        535121                      338247                      0                           0                           
GPU 4           71.879            0.000        0.000        0.000        2311993                     1915217                     0                           0                           
GPU 5           74.034            0.000        0.000        0.000        3297222                     870969                      0                           0                           
GPU 6           73.785            0.000        0.000        0.000        4501978                     3860036                     0                           0                           
GPU 7           73.668            0.000        0.000        0.000        4952059                     4260343                     0                           0                           
GPU 0           343.870           0.408        0.115        0.161        9469437                     50532727                    10559045750                 10559046702                 
GPU 1           338.657           0.471        0.120        0.184        15090073                    99283587                    11118727739                 11111754502                 
GPU 2           71.498            0.000        0.000        0.000        4630745                     3985679                     0                           0                           
GPU 3           71.336            0.000        0.000        0.000        4656427                     3995640                     0                           0                           
GPU 4           71.913            0.000        0.000        0.000        4300515                     3659054                     0                           0                           
GPU 5           73.961            0.000        0.000        0.000        1150811                     3909369                     0                           0                           
GPU 6           73.786            0.000        0.000        0.000        711786                      470236                      0                           0                           
GPU 7           73.571            0.000        0.000        0.000        1616750                     1275232                     0                           0                           
GPU 0           343.870           0.408        0.115        0.161        9469437                     50532727                    5801899147                  5801897982                  
GPU 1           341.393           0.547        0.120        0.184        13235564                    99283587                    5057604799                  5063416536                  
GPU 2           71.498            0.000        0.000        0.000        4630745                     3985679                     0                           0                           
GPU 3           71.336            0.000        0.000        0.000        4656427                     2476727                     0                           0                           
GPU 4           71.913            0.000        0.000        0.000        4300515                     3659054                     0                           0                           
GPU 5           73.961            0.000        0.000        0.000        4564860                     3909369                     0                           0                           
GPU 6           73.786            0.000        0.000        0.000        2799475                     470236                      0                           0                           
GPU 7           73.571            0.000        0.000        0.000        1616750                     2902699                     0                           0                           
GPU 0           335.760           0.566        0.062        0.328        16067009                    89388033                    4582209780                  4582209780                  
GPU 1           342.862           0.573        0.059        0.322        14933423                    88323656                    4514279323                  4514277357                  
GPU 2           71.731            0.000        0.000        0.000        698349                      484127                      0                           0                           
GPU 3           71.579            0.000        0.000        0.000        513590                      314443                      0                           0                           
GPU 4           71.843            0.000        0.000        0.000        1133079                     862649                      0                           0                           
GPU 5           73.950            0.000        0.000        0.000        1728519                     1391515                     0                           0                           
GPU 6           73.838            0.000        0.000        0.000        1115256                     847448                      0                           0                           
GPU 7           73.708            0.000        0.000        0.000        1649477                     2297037                     0                           0                           
GPU 0           324.876           0.551        0.061        0.322        13868116                    84708792                    4420589627                  4420590937                  
GPU 1           328.699           0.562        0.057        0.312        15053536                    87140194                    4346924706                  4346924269                  
GPU 2           71.614            0.000        0.000        0.000        3779948                     3180130                     0                           0                           
GPU 3           71.596            0.000        0.000        0.000        4382751                     3723478                     0                           0                           
GPU 4           71.795            0.000        0.000        0.000        4452271                     3814511                     0                           0                           
GPU 5           73.983            0.000        0.000        0.000        4411753                     3756724                     0                           0                           
GPU 6           73.817            0.000        0.000        0.000        4421614                     3770713                     0                           0                           
GPU 7           73.671            0.000        0.000        0.000        4370205                     1330798                     0                           0                           
GPU 0           298.195           0.425        0.079        0.212        10880192                    65280777                    6907657433                  6907644706                  
GPU 1           310.018           0.465        0.083        0.181        13484681                    85843830                    7751238542                  4035384068                  
GPU 2           71.344            0.000        0.000        0.000        533391                      335989                      0                           0                           
GPU 3           71.511            0.000        0.000        0.000        711875                      469051                      0                           0                           
GPU 4           71.875            0.000        0.000        0.000        1431102                     1108421                     0                           0                           
GPU 5           73.881            0.000        0.000        0.000        2204592                     1786011                     0                           0                           
GPU 6           73.800            0.000        0.000        0.000        1692065                     1337790                     0                           0                           
GPU 7           73.603            0.000        0.000        0.000        1691240                     1340485                     0                           0                           
GPU 0           326.585           0.484        0.068        0.280        11003393                    80995164                    6171996590                  6172014932                  
GPU 1           335.648           0.527        0.068        0.285        14416693                    132270506                   6161645369                  7751238542                  
GPU 2           71.460            0.000        0.000        0.000        4137886                     3493831                     0                           0                           
GPU 3           71.558            0.000        0.000        0.000        4785427                     4084481                     0                           0                           
GPU 4           71.894            0.000        0.000        0.000        3502811                     2963665                     0                           0                           
GPU 5           73.985            0.000        0.000        0.000        1474888                     1155222                     0                           0                           
GPU 6           73.803            0.000        0.000        0.000        2209550                     1818150                     0                           0                           
GPU 7           73.618            0.000        0.000        0.000        2166562                     1777168                     0                           0                           
GPU 0           360.432           0.570        0.066        0.352        17087214                    95243766                    5488462508                  5488463556                  
GPU 1           376.421           0.598        0.065        0.344        20086431                    145127713                   5376398356                  6161645893                  
GPU 2           71.580            0.000        0.000        0.000        475599                      283001                      0                           0                           
GPU 3           71.470            0.000        0.000        0.000        1591656                     1239265                     0                           0                           
GPU 4           71.741            0.000        0.000        0.000        3497443                     2933241                     0                           0                           
GPU 5           73.947            0.000        0.000        0.000        4180960                     3538541                     0                           0                           
GPU 6           73.781            0.000        0.000        0.000        4188259                     3563584                     0                           0                           
GPU 7           73.564            0.000        0.000        0.000        4141665                     3525367                     0                           0                           
GPU 0           360.432           0.570        0.064        0.352        9247470                     95243766                    5488462508                  5488463556                  
GPU 1           251.227           0.426        0.065        0.344        21486911                    145127713                   5376398356                  5376397308                  
GPU 2           71.580            0.000        0.000        0.000        2834499                     283001                      0                           0                           
GPU 3           71.470            0.000        0.000        0.000        1591656                     2907123                     0                           0                           
GPU 4           71.741            0.000        0.000        0.000        3497443                     393112                      0                           0                           
GPU 5           73.947            0.000        0.000        0.000        4180960                     302374                      0                           0                           
GPU 6           73.781            0.000        0.000        0.000        884391                      3563584                     0                           0                           
GPU 7           73.564            0.000        0.000        0.000        1475273                     3525367                     0                           0                           
GPU 0           352.696           0.562        0.061        0.351        12196565                    83921676                    5161138580                  5161138056                  
GPU 1           362.366           0.611        0.062        0.357        14538061                    95258025                    5250616766                  5250618338                  
GPU 2           71.656            0.000        0.000        0.000        498397                      301344                      0                           0                           
GPU 3           71.499            0.000        0.000        0.000        531650                      331917                      0                           0                           
GPU 4           71.876            0.000        0.000        0.000        4251147                     3608129                     0                           0                           
GPU 5           74.046            0.000        0.000        0.000        4466425                     3801937                     0                           0                           
GPU 6           73.772            0.000        0.000        0.000        4822025                     4154592                     0                           0                           
GPU 7           73.586            0.000        0.000        0.000        3367620                     2858645                     0                           0                           
GPU 0           260.647           0.320        0.058        0.169        10447262                    56852520                    5369094776                  5369094252                  
GPU 1           277.908           0.421        0.056        0.161        13905778                    77121725                    5382517498                  5382516450                  
GPU 2           71.515            0.000        0.000        0.000        4448552                     3799270                     0                           0                           
GPU 3           71.564            0.000        0.000        0.000        4374353                     3713510                     0                           0                           
GPU 4           72.178            0.000        0.000        0.000        465907                      265184                      0                           0                           
GPU 5           74.059            0.000        0.000        0.000        1136712                     834957                      0                           0                           
GPU 6           73.766            0.000        0.000        0.000        2214218                     1799450                     0                           0                           
GPU 7           73.568            0.000        0.000        0.000        2260599                     1854692                     0                           0                           
#Entity         POWER             SMACT        TENSO        DRAMA        PCITX                       PCIRX                       NVLTX                       NVLRX                       
ID               W                                                                                                                                                                       
GPU 0           260.647           0.320        0.058        0.169        10447262                    56852520                    5369094776                  5369094252                  
GPU 1           277.908           0.421        0.056        0.161        21731544                    77121725                    5382517498                  5382516450                  
GPU 2           71.515            0.000        0.000        0.000        4448552                     3799270                     0                           0                           
GPU 3           71.564            0.000        0.000        0.000        4374353                     485651                      0                           0                           
GPU 4           72.178            0.000        0.000        0.000        465907                      265184                      0                           0                           
GPU 5           74.059            0.000        0.000        0.000        1136712                     834957                      0                           0                           
GPU 6           73.766            0.000        0.000        0.000        2214218                     1799450                     0                           0                           
GPU 7           73.568            0.000        0.000        0.000        2260599                     1854692                     0                           0                           
GPU 0           248.085           0.278        0.057        0.136        13295227                    51131021                    5429142095                  5429143143                  
GPU 1           388.882           0.618        0.058        0.134        13424577                    255035960                   5578236295                  5578140460                  
GPU 2           71.730            0.000        0.000        0.000        2914436                     2425319                     0                           0                           
GPU 3           71.581            0.000        0.000        0.000        721925                      4254595                     0                           0                           
GPU 4           72.141            0.000        0.000        0.000        3148165                     2631582                     0                           0                           
GPU 5           73.940            0.000        0.000        0.000        2771732                     2294419                     0                           0                           
GPU 6           73.868            0.000        0.000        0.000        4315610                     1501181                     0                           0                           
GPU 7           73.600            0.000        0.000        0.000        2216359                     1829583                     0                           0                           
GPU 0           379.251           0.603        0.085        0.348        12990454                    92157359                    7419311206                  7419309634                  
GPU 1           289.875           0.507        0.088        0.338        15339355                    93240349                    7766221334                  7766389681                  
GPU 2           71.667            0.000        0.000        0.000        505217                      309209                      0                           0                           
GPU 3           71.412            0.000        0.000        0.000        4945467                     1289136                     0                           0                           
GPU 4           72.276            0.000        0.000        0.000        511501                      314971                      0                           0                           
GPU 5           73.980            0.000        0.000        0.000        1523409                     1197451                     0                           0                           
GPU 6           73.843            0.000        0.000        0.000        463816                      3688838                     0                           0                           
GPU 7           73.560            0.000        0.000        0.000        4519361                     3882123                     0                           0                           
GPU 0           266.080           0.362        0.070        0.208        10234700                    75634326                    4665620086                  4665623230                  
GPU 1           298.645           0.464        0.056        0.247        13700688                    101525321                   4959849740                  4959848787                  
GPU 2           71.677            0.000        0.000        0.000        2970145                     3871815                     0                           0                           
GPU 3           71.375            0.000        0.000        0.000        1647229                     2622561                     0                           0                           
GPU 4           71.955            0.000        0.000        0.000        4836464                     1953454                     0                           0                           
GPU 5           73.917            0.000        0.000        0.000        4602075                     1114335                     0                           0                           
GPU 6           73.854            0.000        0.000        0.000        4589911                     262042                      0                           0                           
GPU 7           73.463            0.000        0.000        0.000        2086911                     438918                      0                           0                           
GPU 0           314.328           0.556        0.064        0.339        15589245                    94379897                    5522739318                  5522738153                  
GPU 1           358.318           0.552        0.058        0.291        17436202                    118937413                   5164426333                  5164425285                  
GPU 2           71.338            0.000        0.000        0.000        507305                      310777                      0                           0                           
GPU 3           71.503            0.000        0.000        0.000        504692                      306065                      0                           0                           
GPU 4           71.896            0.000        0.000        0.000        1441726                     1133570                     0                           0                           
GPU 5           73.983            0.000        0.000        0.000        3528727                     2996831                     0                           0                           
GPU 6           73.720            0.000        0.000        0.000        2266245                     1354741                     0                           0                           
GPU 7           73.532            0.000        0.000        0.000        2060702                     1685457                     0                           0                           
GPU 0           309.614           0.407        0.068        0.217        12856515                    81348536                    6293211891                  6293212367                  
GPU 1           309.068           0.525        0.067        0.247        11465206                    86460725                    6170098445                  6170098882                  
GPU 2           71.458            0.000        0.000        0.000        4461542                     3815344                     0                           0                           
GPU 3           71.635            0.000        0.000        0.000        4572480                     3918445                     0                           0                           
GPU 4           72.118            0.000        0.000        0.000        4644255                     3984983                     0                           0                           
GPU 5           74.162            0.000        0.000        0.000        2813594                     2329099                     0                           0                           
GPU 6           73.788            0.000        0.000        0.000        1683338                     3935229                     0                           0                           
GPU 7           73.506            0.000        0.000        0.000        4519546                     3874945                     0                           0                           
GPU 0           346.559           0.529        0.063        0.324        8708408                     92438683                    6293211891                  6293212367                  
GPU 1           312.322           0.491        0.059        0.296        15015453                    93961828                    6170098445                  6170098882                  
GPU 2           71.566            0.000        0.000        0.000        319693                      135310                      0                           0                           
GPU 3           71.485            0.000        0.000        0.000        2733650                     3918445                     0                           0                           
GPU 4           72.137            0.000        0.000        0.000        1429964                     1109906                     0                           0                           
GPU 5           74.067            0.000        0.000        0.000        2813594                     1568644                     0                           0                           
GPU 6           73.788            0.000        0.000        0.000        4579748                     1444376                     0                           0                           
GPU 7           73.524            0.000        0.000        0.000        1722947                     3874945                     0                           0                           
GPU 0           350.813           0.481        0.101        0.232        10039434                    77465782                    9434600921                  9434599873                  
GPU 1           352.712           0.539        0.102        0.228        10799807                    81862510                    9693089148                  9693088624                  
GPU 2           71.674            0.000        0.000        0.000        5000213                     4293301                     0                           0                           
GPU 3           71.572            0.000        0.000        0.000        512510                      309183                      0                           0                           
GPU 4           72.085            0.000        0.000        0.000        3609666                     3077812                     0                           0                           
GPU 5           74.131            0.000        0.000        0.000        4339335                     3695850                     0                           0                           
GPU 6           73.850            0.000        0.000        0.000        2189113                     1804957                     0                           0                           
GPU 7           73.435            0.000        0.000        0.000        2247492                     1865921                     0                           0                           
GPU 0           285.129           0.387        0.067        0.204        13081236                    79813886                    6322742376                  6322742901                  
GPU 1           283.827           0.482        0.064        0.199        14804142                    101421995                   5970215686                  5970216210                  
GPU 2           71.475            0.000        0.000        0.000        3070961                     2571139                     0                           0                           
GPU 3           71.614            0.000        0.000        0.000        4555336                     3892446                     0                           0                           
GPU 4           72.221            0.000        0.000        0.000        2828589                     2359778                     0                           0                           
GPU 5           74.167            0.000        0.000        0.000        459729                      252493                      0                           0                           
GPU 6           73.787            0.000        0.000        0.000        4586136                     3934193                     0                           0                           
GPU 7           73.550            0.000        0.000        0.000        4405422                     3792321                     0                           0                           
GPU 0           285.129           0.387        0.065        0.204        13081236                    79813886                    6322742376                  6322742901                  
GPU 1           283.827           0.482        0.064        0.199        14804142                    101421995                   5970215686                  5970216210                  
GPU 2           71.475            0.000        0.000        0.000        3886497                     2571139                     0                           0                           
GPU 3           71.368            0.000        0.000        0.000        4555336                     3892446                     0                           0                           
GPU 4           72.221            0.000        0.000        0.000        1941987                     1585616                     0                           0                           
GPU 5           74.167            0.000        0.000        0.000        459729                      4365904                     0                           0                           
GPU 6           73.787            0.000        0.000        0.000        4586136                     1111425                     0                           0                           
GPU 7           73.550            0.000        0.000        0.000        812776                      3792321                     0                           0                           
GPU 0           271.270           0.329        0.068        0.159        7013081                     60195837                    6438663235                  6438665331                  
GPU 1           267.006           0.431        0.065        0.151        9377511                     70499308                    6194596269                  6194595221                  
GPU 2           71.601            0.000        0.000        0.000        508364                      312355                      0                           0                           
GPU 3           71.579            0.000        0.000        0.000        520378                      309187                      0                           0                           
GPU 4           72.185            0.000        0.000        0.000        4360222                     3725131                     0                           0                           
GPU 5           73.969            0.000        0.000        0.000        1737740                     1392917                     0                           0                           
GPU 6           73.920            0.000        0.000        0.000        3529297                     3011824                     0                           0                           
GPU 7           73.538            0.000        0.000        0.000        4881627                     4202313                     0                           0                           
GPU 0           256.767           0.301        0.045        0.170        11245931                    63897624                    4171032579                  4171032055                  
GPU 1           264.945           0.455        0.045        0.186        14154034                    79974905                    4120236320                  4120237368                  
GPU 2           71.451            0.000        0.000        0.000        4502976                     3862089                     0                           0                           
GPU 3           71.559            0.000        0.000        0.000        4563075                     3896535                     0                           0                           
GPU 4           71.895            0.000        0.000        0.000        459439                      267278                      0                           0                           
GPU 5           73.889            0.000        0.000        0.000        4617815                     3956480                     0                           0                           
GPU 6           73.824            0.000        0.000        0.000        2604827                     2168942                     0                           0                           
GPU 7           73.431            0.000        0.000        0.000        1633825                     1290551                     0                           0                           
GPU 0           256.767           0.301        0.060        0.170        11245931                    63897624                    4171032579                  4171032055                  
GPU 1           264.945           0.455        0.045        0.186        14154034                    79974905                    4120236320                  4120237368                  
GPU 2           71.451            0.000        0.000        0.000        2704640                     3862089                     0                           0                           
GPU 3           71.390            0.000        0.000        0.000        4563075                     3896535                     0                           0                           
GPU 4           71.895            0.000        0.000        0.000        2282269                     4917880                     0                           0                           
GPU 5           73.889            0.000        0.000        0.000        4617815                     3956480                     0                           0                           
GPU 6           73.824            0.000        0.000        0.000        2604827                     1764421                     0                           0                           
GPU 7           73.431            0.000        0.000        0.000        3452405                     1290551                     0                           0                           
GPU 0           341.482           0.389        0.069        0.204        12303961                    77514781                    6271950557                  6271950557                  
GPU 1           358.589           0.531        0.099        0.211        10264513                    77223880                    9327305494                  9327306019                  
GPU 2           71.392            0.000        0.000        0.000        1348173                     1061899                     0                           0                           
GPU 3           71.513            0.000        0.000        0.000        513037                      307088                      0                           0                           
GPU 4           71.933            0.000        0.000        0.000        1769835                     1430228                     0                           0                           
GPU 5           74.068            0.000        0.000        0.000        1806345                     1452622                     0                           0                           
GPU 6           73.607            0.000        0.000        0.000        4257661                     3626004                     0                           0                           
GPU 7           73.232            0.000        0.000        0.000        2206185                     1817968                     0                           0                           
#Entity         POWER             SMACT        TENSO        DRAMA        PCITX                       PCIRX                       NVLTX                       NVLRX                       
ID               W                                                                                                                                                                       
GPU 0           281.093           0.412        0.080        0.208        11639732                    67271201                    7483616712                  7483618022                  
GPU 1           286.831           0.464        0.051        0.208        22606662                    235516593                   4654549170                  4654549170                  
GPU 2           71.414            0.000        0.000        0.000        3898359                     3306197                     0                           0                           
GPU 3           71.330            0.000        0.000        0.000        4560041                     3893485                     0                           0                           
GPU 4           72.032            0.000        0.000        0.000        4780719                     4090688                     0                           0                           
GPU 5           73.765            0.000        0.000        0.000        4588964                     3930253                     0                           0                           
GPU 6           73.742            0.000        0.000        0.000        460160                      262387                      0                           0                           
GPU 7           73.357            0.000        0.000        0.000        4536642                     3899406                     0                           0                           
GPU 0           281.093           0.412        0.056        0.208        11639732                    67271201                    7483616712                  7483618022                  
GPU 1           286.831           0.464        0.051        0.208        22606662                    235516593                   4654549170                  4654549170                  
GPU 2           71.414            0.000        0.000        0.000        540367                      3306197                     0                           0                           
GPU 3           71.330            0.000        0.000        0.000        4560041                     3893485                     0                           0                           
GPU 4           72.032            0.000        0.000        0.000        4780719                     4090688                     0                           0                           
GPU 5           73.765            0.000        0.000        0.000        4588964                     3930253                     0                           0                           
GPU 6           73.742            0.000        0.000        0.000        460160                      262387                      0                           0                           
GPU 7           73.357            0.000        0.000        0.000        4536642                     3899406                     0                           0                           
GPU 0           316.285           0.465        0.076        0.246        12872585                    73433486                    6387897162                  6387896686                  
GPU 1           325.599           0.532        0.072        0.253        13710200                    81616903                    6147477864                  6147478213                  
GPU 2           71.462            0.000        0.000        0.000        4269419                     345881                      0                           0                           
GPU 3           71.031            0.000        0.000        0.000        1428799                     1099019                     0                           0                           
GPU 4           71.920            0.000        0.000        0.000        951630                      699201                      0                           0                           
GPU 5           73.754            0.000        0.000        0.000        1751679                     1386251                     0                           0                           
GPU 6           73.703            0.000        0.000        0.000        2246103                     1382898                     0                           0                           
GPU 7           73.413            0.000        0.000        0.000        1736622                     1388040                     0                           0                           
GPU 0           291.205           0.389        0.052        0.215        9588711                     78227971                    4208805845                  4208805321                  
GPU 1           293.331           0.478        0.051        0.217        10224371                    80782442                    4150064595                  4150065119                  
GPU 2           71.418            0.000        0.000        0.000        923574                      3632177                     0                           0                           
GPU 3           71.190            0.000        0.000        0.000        3501980                     2959586                     0                           0                           
GPU 4           71.840            0.000        0.000        0.000        5011448                     4319016                     0                           0                           
GPU 5           73.628            0.000        0.000        0.000        2310525                     1901244                     0                           0                           
GPU 6           73.483            0.000        0.000        0.000        1704246                     3816186                     0                           0                           
GPU 7           73.343            0.000        0.000        0.000        2233055                     1845245                     0                           0                           
GPU 0           326.660           0.465        0.060        0.264        14136071                    83577488                    4497930047                  4497929348                  
GPU 1           317.949           0.504        0.056        0.264        14337828                    85522335                    4520050689                  4520051016                  
GPU 2           71.505            0.000        0.000        0.000        4922495                     2779588                     0                           0                           
GPU 3           71.378            0.000        0.000        0.000        551425                      3295830                     0                           0                           
GPU 4           72.037            0.000        0.000        0.000        3128513                     835458                      0                           0                           
GPU 5           73.754            0.000        0.000        0.000        2172658                     3577109                     0                           0                           
GPU 6           73.531            0.000        0.000        0.000        4467065                     460323                      0                           0                           
GPU 7           73.541            0.000        0.000        0.000        4382689                     1642973                     0                           0                           
GPU 0           340.065           0.547        0.060        0.319        12039581                    85466669                    4435227941                  4435228465                  
GPU 1           345.107           0.561        0.057        0.313        12041126                    85889422                    4424727364                  4424726316                  
GPU 2           71.329            0.000        0.000        0.000        605966                      404195                      0                           0                           
GPU 3           71.356            0.000        0.000        0.000        4268722                     3625741                     0                           0                           
GPU 4           71.974            0.000        0.000        0.000        1263602                     985260                      0                           0                           
GPU 5           73.724            0.000        0.000        0.000        1744954                     1402252                     0                           0                           
GPU 6           73.611            0.000        0.000        0.000        4953333                     4272102                     0                           0                           
GPU 7           73.412            0.000        0.000        0.000        1660826                     1333797                     0                           0                           
GPU 0           328.293           0.487        0.062        0.281        14994810                    87704178                    5168802807                  5168803331                  
GPU 1           323.916           0.528        0.061        0.261        15362498                    88920009                    5335900707                  5335900707                  
GPU 2           71.289            0.000        0.000        0.000        3893547                     3293770                     0                           0                           
GPU 3           71.190            0.000        0.000        0.000        774767                      543735                      0                           0                           
GPU 4           72.024            0.000        0.000        0.000        4342515                     3698946                     0                           0                           
GPU 5           73.618            0.000        0.000        0.000        4565807                     3918713                     0                           0                           
GPU 6           73.590            0.000        0.000        0.000        1640364                     1297092                     0                           0                           
GPU 7           73.120            0.000        0.000        0.000        4524023                     3885892                     0                           0                           
GPU 0           328.293           0.487        0.062        0.281        14994810                    87704178                    5168802807                  5168803331                  
GPU 1           323.916           0.528        0.061        0.261        15362498                    88920009                    5335900707                  5335900707                  
GPU 2           71.289            0.000        0.000        0.000        3893547                     3293770                     0                           0                           
GPU 3           70.845            0.000        0.000        0.000        774767                      543735                      0                           0                           
GPU 4           72.024            0.000        0.000        0.000        476470                      3698946                     0                           0                           
GPU 5           73.618            0.000        0.000        0.000        4565807                     3918713                     0                           0                           
GPU 6           73.590            0.000        0.000        0.000        1640364                     2987925                     0                           0                           
GPU 7           73.120            0.000        0.000        0.000        4524023                     3885892                     0                           0                           
GPU 0           338.439           0.442        0.075        0.235        12292092                    82400191                    6900524340                  6900523685                  
GPU 1           345.499           0.520        0.075        0.233        13251426                    92021864                    7027271702                  7027272451                  
GPU 2           71.445            0.000        0.000        0.000        558399                      363920                      0                           0                           
GPU 3           70.905            0.000        0.000        0.000        2831220                     2338621                     0                           0                           
GPU 4           71.987            0.000        0.000        0.000        5561037                     277322                      0                           0                           
GPU 5           73.794            0.000        0.000        0.000        1734160                     1364201                     0                           0                           
GPU 6           73.505            0.000        0.000        0.000        2256646                     1848382                     0                           0                           
GPU 7           73.282            0.000        0.000        0.000        1675435                     1320855                     0                           0                           
GPU 0           338.439           0.466        0.058        0.279        11234035                    86022873                    5052364101                  5052365148                  
GPU 1           341.503           0.569        0.062        0.308        12676270                    92021864                    5383523086                  5383521776                  
GPU 2           71.295            0.000        0.000        0.000        4394434                     3720988                     0                           0                           
GPU 3           71.297            0.000        0.000        0.000        503085                      301327                      0                           0                           
GPU 4           71.844            0.000        0.000        0.000        1121527                     4785413                     0                           0                           
GPU 5           73.582            0.000        0.000        0.000        2249632                     1838797                     0                           0                           
GPU 6           73.562            0.000        0.000        0.000        2189030                     1796504                     0                           0                           
GPU 7           73.417            0.000        0.000        0.000        2181660                     1800669                     0                           0                           
GPU 0           300.102           0.432        0.088        0.209        13335838                    81352805                    8182087463                  8182087463                  
GPU 1           337.037           0.516        0.081        0.218        13721986                    84076033                    7630427240                  7630428669                  
GPU 2           71.327            0.000        0.000        0.000        258900                      75468                       0                           0                           
GPU 3           71.271            0.000        0.000        0.000        4444019                     3786403                     0                           0                           
GPU 4           71.732            0.000        0.000        0.000        4179452                     830227                      0                           0                           
GPU 5           73.776            0.000        0.000        0.000        4211865                     3569972                     0                           0                           
GPU 6           73.521            0.000        0.000        0.000        4211979                     3587284                     0                           0                           
GPU 7           73.333            0.000        0.000        0.000        4141940                     3522090                     0                           0                           
GPU 0           281.425           0.414        0.064        0.231        11589154                    76624081                    5824887372                  5824887372                  
GPU 1           296.497           0.501        0.071        0.218        10572030                    85348787                    6625176987                  6625175822                  
GPU 2           71.318            0.000        0.000        0.000        3115620                     2606145                     0                           0                           
GPU 3           71.299            0.000        0.000        0.000        2888983                     2389376                     0                           0                           
GPU 4           71.980            0.000        0.000        0.000        2376700                     1950448                     0                           0                           
GPU 5           73.626            0.000        0.000        0.000        1821288                     1455458                     0                           0                           
GPU 6           73.556            0.000        0.000        0.000        1206520                     914530                      0                           0                           
GPU 7           73.105            0.000        0.000        0.000        465113                      263345                      0                           0                           
GPU 0           327.551           0.413        0.049        0.255        9610866                     69777626                    4153019281                  4153018117                  
GPU 1           318.443           0.501        0.054        0.233        14830104                    80261699                    4893337982                  4893338506                  
GPU 2           71.096            0.000        0.000        0.000        506254                      309203                      0                           0                           
GPU 3           71.259            0.000        0.000        0.000        514631                      311818                      0                           0                           
GPU 4           71.799            0.000        0.000        0.000        2019259                     1649262                     0                           0                           
GPU 5           73.561            0.000        0.000        0.000        2293153                     1885458                     0                           0                           
GPU 6           73.500            0.000        0.000        0.000        4204340                     3601006                     0                           0                           
GPU 7           73.239            0.000        0.000        0.000        5544633                     4804475                     0                           0                           
GPU 0           496.782           0.638        0.234        0.210        11674396                    56497872                    15094522684                 15094523732                 
GPU 1           511.671           0.533        0.067        0.259        11832498                    55377781                    5775316310                  5775316835                  
GPU 2           71.253            0.000        0.000        0.000        4512249                     3858733                     0                           0                           
GPU 3           71.086            0.000        0.000        0.000        4510775                     3854700                     0                           0                           
GPU 4           71.815            0.000        0.000        0.000        4270668                     3639685                     0                           0                           
GPU 5           73.621            0.000        0.000        0.000        4228270                     3590545                     0                           0                           
GPU 6           73.340            0.000        0.000        0.000        2515112                     2063536                     0                           0                           
GPU 7           73.239            0.000        0.000        0.000        1114552                     822812                      0                           0                           
#Entity         POWER             SMACT        TENSO        DRAMA        PCITX                       PCIRX                       NVLTX                       NVLRX                       
ID               W                                                                                                                                                                       
GPU 0           496.782           0.474        0.234        0.180        11674396                    61229815                    9037491484                  9037491484                  
GPU 1           511.671           0.533        0.092        0.214        11832498                    55377781                    6309556918                  6309556918                  
GPU 2           71.318            0.000        0.000        0.000        4512249                     2515549                     0                           0                           
GPU 3           71.086            0.000        0.000        0.000        2734156                     3854700                     0                           0                           
GPU 4           71.787            0.000        0.000        0.000        4270668                     3639685                     0                           0                           
GPU 5           73.446            0.000        0.000        0.000        2087626                     3590545                     0                           0                           
GPU 6           73.421            0.000        0.000        0.000        2515112                     2063536                     0                           0                           
GPU 7           73.192            0.000        0.000        0.000        1114552                     2033261                     0                           0                           
GPU 0           250.991           0.398        0.051        0.231        13544851                    72213196                    3751794034                  3751793452                  
GPU 1           259.351           0.432        0.040        0.178        9218761                     67954168                    3092404436                  3092403912                  
GPU 2           71.071            0.000        0.000        0.000        613190                      408793                      0                           0                           
GPU 3           70.963            0.000        0.000        0.000        543859                      341222                      0                           0                           
GPU 4           71.977            0.000        0.000        0.000        1071681                     810180                      0                           0                           
GPU 5           73.654            0.000        0.000        0.000        1681577                     1335200                     0                           0                           
GPU 6           73.414            0.000        0.000        0.000        4123993                     3497796                     0                           0                           
GPU 7           73.180            0.000        0.000        0.000        1601218                     1282023                     0                           0                           
GPU 0           298.174           0.377        0.046        0.220        11551984                    66863155                    3427625571                  3427625571                  
GPU 1           306.787           0.497        0.050        0.250        15021728                    80874903                    3760002016                  3760002016                  
GPU 2           71.481            0.000        0.000        0.000        3603937                     3034435                     0                           0                           
GPU 3           71.086            0.000        0.000        0.000        4355542                     3712062                     0                           0                           
GPU 4           71.690            0.000        0.000        0.000        4576070                     3920998                     0                           0                           
GPU 5           73.574            0.000        0.000        0.000        4546493                     3886214                     0                           0                           
GPU 6           73.321            0.000        0.000        0.000        467483                      266235                      0                           0                           
GPU 7           73.210            0.000        0.000        0.000        4498269                     3867338                     0                           0                           
GPU 0           298.174           0.414        0.046        0.241        11551984                    67401240                    3427625571                  3427625571                  
GPU 1           306.787           0.497        0.050        0.255        15021728                    80874903                    3760002016                  3760002016                  
GPU 2           71.481            0.000        0.000        0.000        3603937                     391742                      0                           0                           
GPU 3           71.086            0.000        0.000        0.000        476378                      3712062                     0                           0                           
GPU 4           71.690            0.000        0.000        0.000        4576070                     3920998                     0                           0                           
GPU 5           73.574            0.000        0.000        0.000        4546493                     3886214                     0                           0                           
GPU 6           73.321            0.000        0.000        0.000        467483                      266235                      0                           0                           
GPU 7           73.210            0.000        0.000        0.000        4498269                     3867338                     0                           0                           
GPU 0           316.607           0.446        0.053        0.261        12773036                    73405873                    3840696601                  3840697037                  
GPU 1           319.282           0.502        0.051        0.226        11275671                    78468071                    3812893423                  3812893423                  
GPU 2           71.371            0.000        0.000        0.000        592854                      3538053                     0                           0                           
GPU 3           71.117            0.000        0.000        0.000        4504364                     274087                      0                           0                           
GPU 4           71.763            0.000        0.000        0.000        1378681                     1056003                     0                           0                           
GPU 5           73.621            0.000        0.000        0.000        1677992                     1312634                     0                           0                           
GPU 6           73.289            0.000        0.000        0.000        2161638                     1747651                     0                           0                           
GPU 7           73.061            0.000        0.000        0.000        1665501                     1314722                     0                           0                           
GPU 0           292.423           0.399        0.051        0.230        8811866                     65527939                    3876047807                  3876047807                  
GPU 1           297.550           0.478        0.064        0.230        14274169                    76185244                    3994504128                  3994503473                  
GPU 2           71.219            0.000        0.000        0.000        4186338                     309210                      0                           0                           
GPU 3           71.101            0.000        0.000        0.000        1666518                     3852423                     0                           0                           
GPU 4           71.763            0.000        0.000        0.000        3432788                     2891665                     0                           0                           
GPU 5           73.621            0.000        0.000        0.000        2229427                     1825887                     0                           0                           
GPU 6           73.324            0.000        0.000        0.000        1638464                     1311924                     0                           0                           
GPU 7           73.147            0.000        0.000        0.000        2145100                     1752557                     0                           0                           
GPU 0           332.905           0.457        0.091        0.223        12245493                    63677300                    7879772924                  7879772400                  
GPU 1           340.474           0.488        0.084        0.138        15088942                    115308297                   5255602312                  5255602686                  
GPU 2           71.152            0.000        0.000        0.000        508362                      3989077                     0                           0                           
GPU 3           71.151            0.000        0.000        0.000        3607027                     1321510                     0                           0                           
GPU 4           71.697            0.000        0.000        0.000        2788874                     2322474                     0                           0                           
GPU 5           73.539            0.000        0.000        0.000        4298463                     3656549                     0                           0                           
GPU 6           73.345            0.000        0.000        0.000        4520624                     3866061                     0                           0                           
GPU 7           73.245            0.000        0.000        0.000        4254423                     3631300                     0                           0                           
GPU 0           284.211           0.313        0.060        0.161        8769619                     53078561                    5576048929                  5576048580                  
GPU 1           286.846           0.419        0.059        0.198        9066569                     64863968                    8164751814                  8164751814                  
GPU 2           71.340            0.000        0.000        0.000        2959343                     2469846                     0                           0                           
GPU 3           71.224            0.000        0.000        0.000        3643850                     3071332                     0                           0                           
GPU 4           71.643            0.000        0.000        0.000        1742050                     1401396                     0                           0                           
GPU 5           73.478            0.000        0.000        0.000        899149                      634514                      0                           0                           
GPU 6           73.364            0.000        0.000        0.000        1423174                     1109866                     0                           0                           
GPU 7           73.011            0.000        0.000        0.000        2103865                     1704580                     0                           0                           
GPU 0           355.950           0.543        0.070        0.326        11878935                    85584618                    5911081638                  5911082162                  
GPU 1           368.038           0.453        0.067        0.339        16164644                    114452789                   5499394118                  5499394118                  
GPU 2           71.191            0.000        0.000        0.000        517789                      325977                      0                           0                           
GPU 3           71.135            0.000        0.000        0.000        518841                      320214                      0                           0                           
GPU 4           71.800            0.000        0.000        0.000        4529514                     3876002                     0                           0                           
GPU 5           73.500            0.000        0.000        0.000        4931157                     4242053                     0                           0                           
GPU 6           73.361            0.000        0.000        0.000        3449652                     2929715                     0                           0                           
GPU 7           73.169            0.000        0.000        0.000        1800509                     1456945                     0                           0                           
GPU 0           408.277           0.555        0.146        0.234        13487468                    74354006                    12558681878                 12559174466                 
GPU 1           412.255           0.599        0.169        0.208        13496530                    94456324                    5630384169                  5630384169                  
GPU 2           71.039            0.000        0.000        0.000        4620713                     3968248                     0                           0                           
GPU 3           71.003            0.000        0.000        0.000        4619113                     3958791                     0                           0                           
GPU 4           71.629            0.000        0.000        0.000        703147                      462504                      0                           0                           
GPU 5           73.551            0.000        0.000        0.000        1610540                     1254194                     0                           0                           
GPU 6           73.390            0.000        0.000        0.000        2271514                     1859421                     0                           0                           
GPU 7           72.999            0.000        0.000        0.000        4183098                     3555266                     0                           0                           
GPU 0           408.277           0.555        0.146        0.234        13487468                    74354006                    11729300709                 11728949204                 
GPU 1           412.255           0.599        0.169        0.208        11889436                    94456324                    10350239589                 10350238541                 
GPU 2           71.039            0.000        0.000        0.000        4620713                     3968248                     0                           0                           
GPU 3           71.003            0.000        0.000        0.000        4619113                     2358714                     0                           0                           
GPU 4           71.629            0.000        0.000        0.000        703147                      462504                      0                           0                           
GPU 5           73.551            0.000        0.000        0.000        3497174                     1254194                     0                           0                           
GPU 6           73.390            0.000        0.000        0.000        2271514                     1859421                     0                           0                           
GPU 7           72.999            0.000        0.000        0.000        4183098                     226666                      0                           0                           
GPU 0           312.588           0.441        0.064        0.245        9970808                     79484112                    4892769939                  4892771249                  
GPU 1           320.293           0.498        0.061        0.242        10739816                    82718018                    4852916351                  4852916351                  
GPU 2           71.247            0.000        0.000        0.000        502071                      305540                      0                           0                           
GPU 3           70.891            0.000        0.000        0.000        498918                      306059                      0                           0                           
GPU 4           71.766            0.000        0.000        0.000        1971626                     1594281                     0                           0                           
GPU 5           73.349            0.000        0.000        0.000        2235167                     1794279                     0                           0                           
GPU 6           73.173            0.000        0.000        0.000        4323592                     3673743                     0                           0                           
GPU 7           73.054            0.000        0.000        0.000        5366163                     4616787                     0                           0                           
GPU 0           330.206           0.509        0.071        0.285        14368847                    83177434                    5393485496                  5393484066                  
GPU 1           338.991           0.534        0.067        0.283        15457800                    86546910                    5165476958                  5165477482                  
GPU 2           71.399            0.000        0.000        0.000        4660869                     4004763                     0                           0                           
GPU 3           70.934            0.000        0.000        0.000        4589781                     3934846                     0                           0                           
GPU 4           71.730            0.000        0.000        0.000        4319101                     3685696                     0                           0                           
GPU 5           73.426            0.000        0.000        0.000        2203022                     3645477                     0                           0                           
GPU 6           73.269            0.000        0.000        0.000        719736                      478222                      0                           0                           
GPU 7           72.995            0.000        0.000        0.000        1506126                     1174746                     0                           0                           
GPU 0           326.130           0.453        0.055        0.265        10280233                    74327306                    3951404601                  3951405650                  
GPU 1           332.854           0.505        0.053        0.259        11288896                    77600205                    3947645053                  3947644577                  
GPU 2           71.399            0.000        0.000        0.000        3038373                     2529669                     0                           0                           
GPU 3           71.188            0.000        0.000        0.000        2739932                     2266954                     0                           0                           
GPU 4           71.730            0.000        0.000        0.000        2445103                     2009144                     0                           0                           
GPU 5           73.426            0.000        0.000        0.000        4284235                     1683145                     0                           0                           
GPU 6           73.269            0.000        0.000        0.000        2536379                     2088320                     0                           0                           
GPU 7           72.947            0.000        0.000        0.000        2717532                     2902764                     0                           0                           
#Entity         POWER             SMACT        TENSO        DRAMA        PCITX                       PCIRX                       NVLTX                       NVLRX                       
ID               W                                                                                                                                                                       
GPU 0           289.035           0.490        0.059        0.288        14297015                    77810551                    4122146014                  4122140775                  
GPU 1           297.348           0.546        0.059        0.304        15928585                    85927249                    4162360082                  4162338536                  
GPU 2           71.135            0.000        0.000        0.000        565417                      364522                      0                           0                           
GPU 3           71.126            0.000        0.000        0.000        538636                      343562                      0                           0                           
GPU 4           71.645            0.000        0.000        0.000        1169140                     904498                      0                           0                           
GPU 5           73.238            0.000        0.000        0.000        1740245                     1394921                     0                           0                           
GPU 6           73.139            0.000        0.000        0.000        1185975                     907169                      0                           0                           
GPU 7           72.909            0.000        0.000        0.000        1665210                     2241189                     0                           0                           
GPU 0           402.048           0.387        0.062        0.211        9946495                     62945546                    4951921045                  4951924977                  
GPU 1           412.702           0.485        0.101        0.180        11672529                    65403110                    8393438366                  8393454961                  
GPU 2           71.275            0.000        0.000        0.000        3784354                     3184517                     0                           0                           
GPU 3           71.004            0.000        0.000        0.000        4117914                     3473639                     0                           0                           
GPU 4           71.618            0.000        0.000        0.000        4462458                     3807894                     0                           0                           
GPU 5           73.233            0.000        0.000        0.000        4458283                     3804842                     0                           0                           
GPU 6           73.307            0.000        0.000        0.000        4519289                     3880563                     0                           0                           
GPU 7           72.884            0.000        0.000        0.000        4452545                     1346530                     0                           0                           
GPU 0           402.048           0.387        0.062        0.211        9268934                     62945546                    16300736233                 16300734923                 
GPU 1           259.579           0.436        0.101        0.180        12307285                    65403110                    15271778020                 15271778020                 
GPU 2           71.275            0.000        0.000        0.000        3784354                     3184517                     0                           0                           
GPU 3           71.004            0.000        0.000        0.000        4117914                     683803                      0                           0                           
GPU 4           71.618            0.000        0.000        0.000        4462458                     1096807                     0                           0                           
GPU 5           73.233            0.000        0.000        0.000        4458283                     1350628                     0                           0                           
GPU 6           73.307            0.000        0.000        0.000        1698363                     3880563                     0                           0                           
GPU 7           72.884            0.000        0.000        0.000        1666262                     3821109                     0                           0                           
GPU 0           284.283           0.355        0.047        0.202        8026413                     62108141                    3635855252                  3635855252                  
GPU 1           276.962           0.452        0.048        0.198        9508300                     70064695                    3854719592                  5210061462                  
GPU 2           71.087            0.000        0.000        0.000        4450171                     3797738                     0                           0                           
GPU 3           71.006            0.000        0.000        0.000        4881675                     4190563                     0                           0                           
GPU 4           71.605            0.000        0.000        0.000        3451111                     2912612                     0                           0                           
GPU 5           73.157            0.000        0.000        0.000        2454276                     2030864                     0                           0                           
GPU 6           73.204            0.000        0.000        0.000        2137739                     1752537                     0                           0                           
GPU 7           72.887            0.000        0.000        0.000        2196880                     1806976                     0                           0                           
GPU 0           274.995           0.369        0.062        0.195        11832912                    62657257                    5166764364                  5166763840                  
GPU 1           284.213           0.429        0.058        0.190        13723282                    73167429                    4903792108                  3854720116                  
GPU 2           71.323            0.000        0.000        0.000        745073                      506178                      0                           0                           
GPU 3           71.219            0.000        0.000        0.000        1989280                     1603114                     0                           0                           
GPU 4           71.614            0.000        0.000        0.000        2783997                     2315234                     0                           0                           
GPU 5           73.113            0.000        0.000        0.000        4211423                     3574234                     0                           0                           
GPU 6           73.111            0.000        0.000        0.000        4513683                     3859662                     0                           0                           
GPU 7           72.865            0.000        0.000        0.000        4311815                     3690301                     0                           0                           
GPU 0           295.250           0.416        0.051        0.244        11713858                    70547300                    5166764364                  5166763840                  
GPU 1           293.143           0.491        0.050        0.245        13260657                    78720847                    4903792108                  4903791584                  
GPU 2           71.081            0.000        0.000        0.000        3160805                     2646482                     0                           0                           
GPU 3           70.948            0.000        0.000        0.000        3936725                     3329755                     0                           0                           
GPU 4           71.614            0.000        0.000        0.000        1918683                     1561150                     0                           0                           
GPU 5           73.112            0.000        0.000        0.000        4211423                     286898                      0                           0                           
GPU 6           73.111            0.000        0.000        0.000        1085592                     809054                      0                           0                           
GPU 7           72.842            0.000        0.000        0.000        1453080                     3690301                     0                           0                           
GPU 0           319.853           0.477        0.056        0.282        10393708                    74435662                    3928819799                  3928819275                  
GPU 1           323.108           0.522        0.054        0.278        11337771                    79724958                    3938919542                  3938918493                  
GPU 2           70.833            0.000        0.000        0.000        513069                      316541                      0                           0                           
GPU 3           70.880            0.000        0.000        0.000        530247                      337430                      0                           0                           
GPU 4           71.522            0.000        0.000        0.000        4256029                     3611414                     0                           0                           
GPU 5           73.199            0.000        0.000        0.000        5653376                     4881121                     0                           0                           
GPU 6           73.237            0.000        0.000        0.000        3719747                     3164230                     0                           0                           
GPU 7           72.797            0.000        0.000        0.000        3058697                     2581412                     0                           0                           
GPU 0           293.614           0.438        0.052        0.260        13608998                    73591303                    3609467024                  3609467548                  
GPU 1           316.801           0.493        0.049        0.250        14777047                    80976353                    3531269905                  3531268857                  
GPU 2           71.151            0.000        0.000        0.000        4525469                     3881518                     0                           0                           
GPU 3           70.913            0.000        0.000        0.000        4494494                     3833632                     0                           0                           
GPU 4           71.588            0.000        0.000        0.000        468172                      271208                      0                           0                           
GPU 5           73.192            0.000        0.000        0.000        1474526                     1131088                     0                           0                           
GPU 6           73.157            0.000        0.000        0.000        2226141                     1817404                     0                           0                           
GPU 7           72.751            0.000        0.000        0.000        3731437                     3143040                     0                           0                           
GPU 0           293.614           0.438        0.052        0.260        13608998                    73591303                    3609467024                  3609467548                  
GPU 1           316.801           0.493        0.049        0.250        11499851                    80976353                    3531269905                  3531268857                  
GPU 2           71.151            0.000        0.000        0.000        4525469                     3881518                     0                           0                           
GPU 3           70.913            0.000        0.000        0.000        4494494                     496439                      0                           0                           
GPU 4           71.588            0.000        0.000        0.000        468172                      271208                      0                           0                           
GPU 5           73.192            0.000        0.000        0.000        1474526                     1131088                     0                           0                           
GPU 6           73.157            0.000        0.000        0.000        2226141                     1817404                     0                           0                           
GPU 7           72.751            0.000        0.000        0.000        3731437                     3143040                     0                           0                           
GPU 0           246.601           0.342        0.070        0.166        7332656                     54380431                    6035596573                  6035596573                  
GPU 1           266.753           0.447        0.069        0.165        9709502                     67093936                    6064126082                  6064126082                  
GPU 2           71.188            0.000        0.000        0.000        2950896                     2457217                     0                           0                           
GPU 3           71.012            0.000        0.000        0.000        732748                      3860268                     0                           0                           
GPU 4           71.493            0.000        0.000        0.000        2037416                     1654114                     0                           0                           
GPU 5           73.248            0.000        0.000        0.000        2287792                     1857670                     0                           0                           
GPU 6           73.004            0.000        0.000        0.000        4460247                     1780852                     0                           0                           
GPU 7           72.732            0.000        0.000        0.000        486226                      284165                      0                           0                           
GPU 0           263.981           0.323        0.044        0.179        11903456                    58278658                    3603444235                  3603444235                  
GPU 1           279.476           0.470        0.040        0.188        13788196                    69992660                    3218722344                  3218723654                  
GPU 2           71.003            0.000        0.000        0.000        511511                      313929                      0                           0                           
GPU 3           70.879            0.000        0.000        0.000        4495591                     2837152                     0                           0                           
GPU 4           71.481            0.000        0.000        0.000        2020870                     1646149                     0                           0                           
GPU 5           73.107            0.000        0.000        0.000        2279230                     1876212                     0                           0                           
GPU 6           73.043            0.000        0.000        0.000        247274                      3812513                     0                           0                           
GPU 7           72.740            0.000        0.000        0.000        4470429                     3827379                     0                           0                           
GPU 0           276.042           0.369        0.072        0.205        11225365                    65532953                    3952861218                  3952862266                  
GPU 1           307.887           0.473        0.051        0.203        10216382                    79824690                    4304263662                  4304268379                  
GPU 2           71.011            0.000        0.000        0.000        2956154                     3994995                     0                           0                           
GPU 3           70.825            0.000        0.000        0.000        3374913                     357540                      0                           0                           
GPU 4           71.352            0.000        0.000        0.000        4517523                     1389841                     0                           0                           
GPU 5           73.115            0.000        0.000        0.000        4489586                     1137504                     0                           0                           
GPU 6           72.981            0.000        0.000        0.000        4981477                     60031                       0                           0                           
GPU 7           72.832            0.000        0.000        0.000        2262157                     790534                      0                           0                           
GPU 0           315.623           0.439        0.050        0.254        11265981                    71665212                    3764151744                  3764151089                  
GPU 1           328.974           0.524        0.070        0.249        14985247                    79440050                    5865998082                  5865998606                  
GPU 2           70.839            0.000        0.000        0.000        508887                      312879                      0                           0                           
GPU 3           70.908            0.000        0.000        0.000        4360097                     3721804                     0                           0                           
GPU 4           71.547            0.000        0.000        0.000        2310194                     1907168                     0                           0                           
GPU 5           73.172            0.000        0.000        0.000        3523305                     2990126                     0                           0                           
GPU 6           73.058            0.000        0.000        0.000        2029977                     1747001                     0                           0                           
GPU 7           72.751            0.000        0.000        0.000        2207395                     1816960                     0                           0                           
GPU 0           297.453           0.512        0.056        0.298        13690886                    79929892                    4195647079                  4195647079                  
GPU 1           340.460           0.534        0.053        0.283        14199249                    83073301                    4097676141                  4097675018                  
GPU 2           70.988            0.000        0.000        0.000        4602111                     3951778                     0                           0                           
GPU 3           70.671            0.000        0.000        0.000        898786                      648541                      0                           0                           
GPU 4           71.302            0.000        0.000        0.000        4329623                     3693437                     0                           0                           
GPU 5           72.971            0.000        0.000        0.000        2295840                     1873348                     0                           0                           
GPU 6           73.050            0.000        0.000        0.000        2125440                     3863854                     0                           0                           
GPU 7           72.639            0.000        0.000        0.000        4223758                     3605916                     0                           0                           
#Entity         POWER             SMACT        TENSO        DRAMA        PCITX                       PCIRX                       NVLTX                       NVLRX                       
ID               W                                                                                                                                                                       
GPU 0           297.453           0.512        0.042        0.298        6722115                     79929892                    4195647079                  4195647079                  
GPU 1           255.824           0.419        0.053        0.283        8690016                     83073301                    4097676141                  4097675018                  
GPU 2           70.988            0.000        0.000        0.000        1200589                     3951778                     0                           0                           
GPU 3           70.671            0.000        0.000        0.000        898786                      4343304                     0                           0                           
GPU 4           71.302            0.000        0.000        0.000        4329623                     1261920                     0                           0                           
GPU 5           72.971            0.000        0.000        0.000        2295840                     1847370                     0                           0                           
GPU 6           73.050            0.000        0.000        0.000        4516826                     3863854                     0                           0                           
GPU 7           72.639            0.000        0.000        0.000        1522249                     3605916                     0                           0                           
GPU 0           263.588           0.309        0.057        0.160        10360972                    55462386                    5417326538                  5417326538                  
GPU 1           277.079           0.434        0.043        0.180        11696908                    99878356                    3800116282                  3800116807                  
GPU 2           71.162            0.000        0.000        0.000        4316133                     3700385                     0                           0                           
GPU 3           70.866            0.000        0.000        0.000        506745                      312326                      0                           0                           
GPU 4           71.357            0.000        0.000        0.000        3536133                     3006924                     0                           0                           
GPU 5           72.929            0.000        0.000        0.000        4496671                     3848974                     0                           0                           
GPU 6           72.960            0.000        0.000        0.000        1724562                     1841590                     0                           0                           
GPU 7           72.576            0.000        0.000        0.000        2752491                     2301254                     0                           0                           
GPU 0           339.219           0.383        0.047        0.235        11036661                    66697677                    3833928307                  3833928307                  
GPU 1           282.964           0.447        0.057        0.337        19023404                    117228633                   4181488590                  4181488066                  
GPU 2           71.178            0.000        0.000        0.000        3393563                     2862299                     0                           0                           
GPU 3           70.746            0.000        0.000        0.000        4628561                     3969808                     0                           0                           
GPU 4           71.422            0.000        0.000        0.000        2264482                     1846651                     0                           0                           
GPU 5           72.872            0.000        0.000        0.000        1463890                     1128142                     0                           0                           
GPU 6           72.981            0.000        0.000        0.000        2235693                     3637746                     0                           0                           
GPU 7           72.653            0.000        0.000        0.000        4207165                     3577768                     0                           0                           
