#Entity         POWER             SMACT        TENSO        DRAMA        PCITX                       PCIRX                       NVLTX                       NVLRX                       
ID               W                                                                                                                                                                       
GPU 0           97.874            N/A          N/A          N/A          N/A                         N/A                         N/A                         N/A                         
GPU 1           99.716            N/A          N/A          N/A          N/A                         N/A                         N/A                         N/A                         
GPU 2           100.072           N/A          N/A          N/A          N/A                         N/A                         N/A                         N/A                         
GPU 3           98.747            N/A          N/A          N/A          N/A                         N/A                         N/A                         N/A                         
GPU 4           98.159            N/A          N/A          N/A          N/A                         N/A                         N/A                         N/A                         
GPU 5           100.125           N/A          N/A          N/A          N/A                         N/A                         N/A                         N/A                         
GPU 6           101.575           N/A          N/A          N/A          N/A                         N/A                         N/A                         N/A                         
GPU 7           102.755           N/A          N/A          N/A          N/A                         N/A                         N/A                         N/A                         
GPU 0           97.814            0.000        0.000        0.000        258397                      60275                       0                           0                           
GPU 1           99.786            0.000        0.000        0.000        273615                      93301                       0                           0                           
GPU 2           100.037           0.000        0.000        0.000        279921                      94355                       0                           0                           
GPU 3           98.724            0.000        0.000        0.000        266790                      72332                       0                           0                           
GPU 4           98.196            0.000        0.000        0.000        263130                      74955                       0                           0                           
GPU 5           100.061           0.000        0.000        0.000        264171                      73380                       0                           0                           
GPU 6           101.502           0.000        0.000        0.000        281473                      94872                       0                           0                           
GPU 7           102.721           0.000        0.000        0.000        263622                      70753                       0                           0                           
GPU 0           97.921            0.000        0.000        0.000        4145962                     3446757                     0                           0                           
GPU 1           99.782            0.000        0.000        0.000        4099529                     3426496                     0                           0                           
GPU 2           100.024           0.000        0.000        0.000        4054884                     3372430                     0                           0                           
GPU 3           98.766            0.000        0.000        0.000        4065701                     3383804                     0                           0                           
GPU 4           98.226            0.000        0.000        0.000        4335737                     3575201                     0                           0                           
GPU 5           100.161           0.000        0.000        0.000        4294985                     3533902                     0                           0                           
GPU 6           101.607           0.000        0.000        0.000        4188951                     3455767                     0                           0                           
GPU 7           102.754           0.000        0.000        0.000        4358945                     3584324                     0                           0                           
GPU 0           97.921            0.000        0.000        0.000        4145962                     3446757                     0                           0                           
GPU 1           99.782            0.000        0.000        0.000        3056712                     3426496                     0                           0                           
GPU 2           100.024           0.000        0.000        0.000        4054884                     3372430                     0                           0                           
GPU 3           98.766            0.000        0.000        0.000        4065701                     460765                      0                           0                           
GPU 4           98.226            0.000        0.000        0.000        4335737                     3575201                     0                           0                           
GPU 5           100.161           0.000        0.000        0.000        4294985                     3533902                     0                           0                           
GPU 6           101.607           0.000        0.000        0.000        4188951                     3455767                     0                           0                           
GPU 7           102.754           0.000        0.000        0.000        4358945                     3584324                     0                           0                           
GPU 0           97.912            0.000        0.000        0.000        4612988                     3895334                     0                           0                           
GPU 1           99.825            0.000        0.000        0.000        5105939                     2442375                     0                           0                           
GPU 2           100.113           0.000        0.000        0.000        4170426                     3422022                     0                           0                           
GPU 3           98.712            0.000        0.000        0.000        738559                      6701386                     0                           0                           
GPU 4           98.276            0.000        0.000        0.000        4010171                     3285488                     0                           0                           
GPU 5           100.148           0.000        0.000        0.000        3548578                     2891219                     0                           0                           
GPU 6           101.587           0.000        0.000        0.000        6697631                     1144148                     0                           0                           
GPU 7           102.701           0.000        0.000        0.000        2524004                     2032410                     0                           0                           
GPU 0           97.883            0.000        0.000        0.000        6411084                     3823870                     0                           0                           
GPU 1           99.855            0.000        0.000        0.000        7037365                     5968603                     0                           0                           
GPU 2           100.205           0.000        0.000        0.000        4352399                     3636535                     0                           0                           
GPU 3           98.749            0.000        0.000        0.000        5993409                     5060897                     0                           0                           
GPU 4           98.245            0.000        0.000        0.000        6251197                     5203715                     0                           0                           
GPU 5           100.164           0.000        0.000        0.000        5593836                     5964652                     0                           0                           
GPU 6           101.582           0.000        0.000        0.000        6441384                     5617568                     0                           0                           
GPU 7           102.763           0.000        0.000        0.000        6157432                     5092408                     0                           0                           
GPU 0           97.950            0.000        0.000        0.000        4589482                     5419153                     0                           0                           
GPU 1           99.756            0.000        0.000        0.000        7087910                     5960992                     0                           0                           
GPU 2           100.154           0.000        0.000        0.000        6919779                     5839513                     0                           0                           
GPU 3           98.736            0.000        0.000        0.000        6550795                     5474004                     0                           0                           
GPU 4           98.214            0.000        0.000        0.000        6128374                     5116411                     0                           0                           
GPU 5           100.230           0.000        0.000        0.000        7152925                     4699474                     0                           0                           
GPU 6           101.595           0.000        0.000        0.000        6509696                     5393591                     0                           0                           
GPU 7           102.705           0.000        0.000        0.000        6897619                     5715769                     0                           0                           
GPU 0           97.827            0.000        0.000        0.000        3849998                     3763942                     0                           0                           
GPU 1           99.751            0.000        0.000        0.000        529943                      332328                      0                           0                           
GPU 2           100.049           0.000        0.000        0.000        4393677                     3622673                     0                           0                           
GPU 3           98.701            0.000        0.000        0.000        1710799                     1325031                     0                           0                           
GPU 4           98.148            0.000        0.000        0.000        2361146                     1922581                     0                           0                           
GPU 5           100.110           0.000        0.000        0.000        5590093                     1022509                     0                           0                           
GPU 6           101.571           0.000        0.000        0.000        2094529                     5456195                     0                           0                           
GPU 7           102.639           0.000        0.000        0.000        7439723                     6280584                     0                           0                           
GPU 0           97.927            0.000        0.000        0.000        537536                      3105728                     0                           0                           
GPU 1           99.882            0.000        0.000        0.000        4330426                     3551033                     0                           0                           
GPU 2           100.118           0.000        0.000        0.000        3464207                     2785430                     0                           0                           
GPU 3           98.692            0.000        0.000        0.000        4170083                     3386489                     0                           0                           
GPU 4           98.203            0.000        0.000        0.000        2457088                     1978040                     0                           0                           
GPU 5           100.157           0.000        0.000        0.000        1366436                     2307907                     0                           0                           
GPU 6           101.604           0.000        0.000        0.000        3754586                     1685163                     0                           0                           
GPU 7           102.746           0.000        0.000        0.000        475415                      267322                      0                           0                           
GPU 0           97.945            0.000        0.000        0.000        3867395                     331956                      0                           0                           
GPU 1           99.743            0.000        0.000        0.000        281481                      6058886                     0                           0                           
GPU 2           100.096           0.000        0.000        0.000        4362769                     302965                      0                           0                           
GPU 3           98.732            0.000        0.000        0.000        490591                      279888                      0                           0                           
GPU 4           98.118            0.000        0.000        0.000        4506791                     3738915                     0                           0                           
GPU 5           100.155           0.000        0.000        0.000        2797093                     2789471                     0                           0                           
GPU 6           101.581           0.000        0.000        0.000        479072                      3954849                     0                           0                           
GPU 7           102.740           0.000        0.000        0.000        262953                      3253399                     0                           0                           
GPU 0           97.818            0.000        0.000        0.000        4644955                     3865167                     0                           0                           
GPU 1           99.836            0.000        0.000        0.000        460799                      268760                      0                           0                           
GPU 2           100.094           0.000        0.000        0.000        4190284                     3444827                     0                           0                           
GPU 3           98.685            0.000        0.000        0.000        1119028                     818699                      0                           0                           
GPU 4           98.126            0.000        0.000        0.000        2885791                     2380850                     0                           0                           
GPU 5           100.133           0.000        0.000        0.000        4609073                     3851473                     0                           0                           
GPU 6           101.622           0.000        0.000        0.000        4735813                     2093506                     0                           0                           
GPU 7           102.750           0.000        0.000        0.000        7007609                     5917070                     0                           0                           
GPU 0           97.863            0.000        0.000        0.000        267309                      72854                       0                           0                           
GPU 1           99.823            0.000        0.000        0.000        460799                      3323720                     0                           0                           
GPU 2           100.072           0.000        0.000        0.000        3432668                     2807983                     0                           0                           
GPU 3           98.695            0.000        0.000        0.000        3784818                     818699                      0                           0                           
GPU 4           98.147            0.000        0.000        0.000        2336111                     1833456                     0                           0                           
GPU 5           100.113           0.000        0.000        0.000        4609073                     440770                      0                           0                           
GPU 6           101.622           0.000        0.000        0.000        2563680                     3123934                     0                           0                           
GPU 7           102.713           0.000        0.000        0.000        2037382                     5917070                     0                           0                           
GPU 0           97.804            0.000        0.000        0.000        4128178                     3435781                     0                           0                           
GPU 1           99.660            0.000        0.000        0.000        275713                      97495                       0                           0                           
GPU 2           100.094           0.000        0.000        0.000        550956                      345367                      0                           0                           
GPU 3           98.711            0.000        0.000        0.000        481686                      268360                      0                           0                           
GPU 4           98.129            0.000        0.000        0.000        2153210                     1708731                     0                           0                           
GPU 5           100.131           0.000        0.000        0.000        4136159                     3400596                     0                           0                           
GPU 6           101.577           0.000        0.000        0.000        510002                      295623                      0                           0                           
GPU 7           102.718           0.000        0.000        0.000        4090520                     3338355                     0                           0                           
GPU 0           97.845            0.000        0.000        0.000        3496951                     2872274                     0                           0                           
GPU 1           99.806            0.000        0.000        0.000        4082009                     3414778                     0                           0                           
GPU 2           100.055           0.000        0.000        0.000        3756608                     3089885                     0                           0                           
GPU 3           98.712            0.000        0.000        0.000        3987677                     3320443                     0                           0                           
GPU 4           98.206            0.000        0.000        0.000        4033640                     3312972                     0                           0                           
GPU 5           100.148           0.000        0.000        0.000        2151931                     1680183                     0                           0                           
GPU 6           101.533           0.000        0.000        0.000        4108528                     3388396                     0                           0                           
GPU 7           102.742           0.000        0.000        0.000        465453                      257362                      0                           0                           
GPU 0           97.845            0.000        0.000        0.000        549767                      2872274                     0                           0                           
GPU 1           99.806            0.000        0.000        0.000        4082009                     3414778                     0                           0                           
GPU 2           100.055           0.000        0.000        0.000        515224                      3089885                     0                           0                           
GPU 3           98.712            0.000        0.000        0.000        3987677                     3320443                     0                           0                           
GPU 4           98.206            0.000        0.000        0.000        4033640                     261551                      0                           0                           
GPU 5           100.148           0.000        0.000        0.000        2151931                     1887555                     0                           0                           
GPU 6           101.533           0.000        0.000        0.000        4108528                     3388396                     0                           0                           
GPU 7           102.742           0.000        0.000        0.000        4371473                     257362                      0                           0                           
#Entity         POWER             SMACT        TENSO        DRAMA        PCITX                       PCIRX                       NVLTX                       NVLRX                       
ID               W                                                                                                                                                                       
GPU 0           97.825            0.000        0.000        0.000        3489842                     2857058                     0                           0                           
GPU 1           99.662            0.000        0.000        0.000        2756321                     343039                      0                           0                           
GPU 2           100.101           0.000        0.000        0.000        3972635                     311860                      0                           0                           
GPU 3           98.700            0.000        0.000        0.000        1394566                     1052274                     0                           0                           
GPU 4           98.195            0.000        0.000        0.000        4284293                     3536442                     0                           0                           
GPU 5           100.081           0.000        0.000        0.000        2359880                     3140731                     0                           0                           
GPU 6           101.503           0.000        0.000        0.000        260605                      3760029                     0                           0                           
GPU 7           102.709           0.000        0.000        0.000        1794847                     1362796                     0                           0                           
GPU 0           141.688           0.000        0.000        0.000        518382                      308198                      0                           0                           
GPU 1           99.814            0.000        0.000        0.000        545135                      259198277                   0                           0                           
GPU 2           100.145           0.000        0.000        0.000        284618                      3291222                     0                           0                           
GPU 3           138.708           0.000        0.027        0.000        2811719                     2296314                     0                           0                           
GPU 4           98.149            0.000        0.000        0.000        11511380                    17007403                    0                           6457379                     
GPU 5           100.133           0.000        0.000        0.000        3875595                     422992                      0                           0                           
GPU 6           101.572           0.000        0.000        0.015        4503765                     64007627                    0                           0                           
GPU 7           102.733           0.000        0.000        0.000        2151143                     1697746                     0                           0                           
GPU 0           100.094           0.085        0.032        0.025        1141073353                  1192595602                  1903823174                  1902649164                  
GPU 1           150.119           0.085        0.032        0.026        18015925                    35595688                    3806718529                  3806718529                  
GPU 2           145.264           0.086        0.032        0.026        13854124                    210188                      0                           0                           
GPU 3           100.207           0.074        0.002        0.022        997584189                   1033797578                  1659353213                  1659353690                  
GPU 4           141.854           0.003        0.000        0.032        1457652280                  1555642826                  0                           2426635250                  
GPU 5           148.690           0.000        0.000        0.000        654668                      147215096                   0                           0                           
GPU 6           151.118           0.051        0.019        0.008        5482370                     110375457                   2270967101                  2271001774                  
GPU 7           146.797           0.086        0.032        0.025        1142299284                  1191774524                  1902777732                  1903950248                  
GPU 0           100.154           0.001        0.001        0.001        39709639                    180172294                   51155796                    46404600                    
GPU 1           102.711           0.001        0.001        0.001        2368677                     243954797                   97578627                    97578103                    
GPU 2           103.591           0.001        0.001        0.001        3094093                     158361819                   3806118202                  3806117678                  
GPU 3           100.660           0.005        0.000        0.002        83882175                    108532346                   123755586                   129681355                   
GPU 4           99.563            0.108        0.041        0.002        36917968                    529225544                   2439255205                  73379                       
GPU 5           103.400           0.086        0.032        0.026        12448801                    34665596                    3805863690                  3805865262                  
GPU 6           104.518           0.025        0.010        0.002        9598919                     136119179                   1189902442                  1189845442                  
GPU 7           104.537           0.001        0.001        0.001        36828519                    73911245                    46410800                    51164203                    
GPU 0           208.186           0.005        0.000        0.002        23741220                    311940539                   52892563                    86482                       
GPU 1           103.107           0.005        0.000        0.002        14989975                    1629249029                  52982261                    52981212                    
GPU 2           103.804           0.052        0.004        0.025        49447099                    57328532                    97577959                    97578484                    
GPU 3           202.016           0.005        0.019        0.002        71597525                    337871537                   77666                       48084121                    
GPU 4           100.158           0.005        0.000        0.053        224377853                   2540928684                  47060877                    1582063                     
GPU 5           103.838           0.001        0.001        0.001        2342978                     537751240                   97578496                    97576399                    
GPU 6           104.898           0.004        0.000        0.096        8524537                     1409470186                  44147906                    44147469                    
GPU 7           105.592           0.005        0.000        0.002        81409387                    418230885                   85433                       52892358                    
GPU 0           212.998           0.266        0.020        0.129        437747164                   4986469918                  2463331473                  3783301                     
GPU 1           229.636           0.241        0.017        0.117        143009102                   1803144786                  2273675659                  2273647884                  
GPU 2           217.482           0.280        0.021        0.138        184521269                   654960226                   501028718                   500998319                   
GPU 3           204.015           0.256        0.021        0.125        2748855836                  1858840480                  3626148                     2364116645                  
GPU 4           208.824           0.108        0.008        0.136        497653092                   5659750907                  1030396874                  3927448                     
GPU 5           225.965           0.011        0.001        0.004        30922027                    2025837485                  112528024                   112501818                   
GPU 6           226.793           0.195        0.014        0.138        127259258                   2019886535                  1845935981                  1845937946                  
GPU 7           212.709           0.265        0.019        0.129        2861760904                  2102634915                  3927006                     2446953034                  
GPU 0           117.562           0.280        0.021        0.020        450995530                   5089157036                  2559090973                  3925642                     
GPU 1           230.193           0.279        0.021        0.136        163914583                   694770895                   2571309764                  2571338063                  
GPU 2           217.303           0.251        0.018        0.123        169651678                   2082846267                  2562973842                  2562976899                  
GPU 3           111.353           0.284        0.006        0.139        2981643843                  1959345351                  3940293                     2563372654                  
GPU 4           212.350           0.279        0.021        0.080        295326660                   3342723816                  2558444713                  2325731                     
GPU 5           226.639           0.279        0.021        0.136        179371802                   2017911620                  2568866672                  2568893400                  
GPU 6           227.646           0.118        0.021        0.058        181262206                   1714806907                  2565224333                  2565207182                  
GPU 7           117.960           0.282        0.021        0.138        2993068432                  2170335593                  577041                      2557398646                  
GPU 0           101.261           0.041        0.003        0.001        86044233                    1160748866                  368562659                   551374                      
GPU 1           114.143           0.061        0.004        0.030        47807300                    3691224                     554073010                   554072486                   
GPU 2           112.829           0.005        0.000        0.002        35222408                    1872962837                  2310109232                  2310142641                  
GPU 3           102.906           0.076        0.000        0.038        843998197                   1233851436                  1057176                     700014157                   
GPU 4           115.112           0.162        0.012        0.002        11293344                    158437036                   1516686333                  29876                       
GPU 5           112.229           0.281        0.021        0.138        182336789                   822432496                   2560878690                  2560879738                  
GPU 6           115.046           0.001        0.009        0.000        115190538                   4153549                     1100837008                  1100854828                  
GPU 7           107.659           0.043        0.003        0.021        486326900                   1105281072                  3144                        386867714                   
GPU 0           101.261           0.001        0.000        0.001        15793830                    137108369                   6089023                     6289                        
GPU 1           106.063           0.000        0.000        0.000        4170182                     3691224                     3612096                     3613144                     
GPU 2           106.588           0.026        0.000        0.009        16616690                    744599420                   26230973                    26230973                    
GPU 3           102.906           0.001        0.040        0.000        8247837                     4221920                     3668                        3609280                     
GPU 4           100.717           0.005        0.000        0.028        11293344                    1802526247                  28824602                    29876                       
GPU 5           107.114           0.024        0.002        0.012        43477870                    50179564                    210147148                   210148196                   
GPU 6           109.575           0.001        0.000        0.042        4112673                     4153549                     3612738                     3613262                     
GPU 7           107.659           0.001        0.000        0.000        13298916                    64376632                    3144                        3639460                     
GPU 0           175.870           0.109        0.038        0.035        2137593159                  2492208757                  3592492271                  3520622291                  
GPU 1           163.379           0.108        0.037        0.036        43855946                    405784688                   7115203018                  7115201406                  
GPU 2           156.924           0.121        0.043        0.038        52953285                    149195567                   1502341832                  1508179861                  
GPU 3           174.909           0.117        0.031        0.038        2391601838                  2583305137                  3813971922                  3893893937                  
GPU 4           150.390           0.089        0.031        0.017        1054849742                  1658216996                  2938946727                  1671334769                  
GPU 5           156.401           0.115        0.041        0.037        38691410                    486261175                   7681822729                  7681822729                  
GPU 6           161.512           0.130        0.045        0.013        45463421                    10989973                    8407432582                  8407432106                  
GPU 7           161.109           0.119        0.041        0.038        2400296776                  2686678806                  3814149039                  3894050743                  
GPU 0           228.465           0.169        0.059        0.051        3799871503                  3707050952                  6371542104                  6371541580                  
GPU 1           198.938           0.148        0.051        0.046        23222827                    626088514                   11475930217                 11478665089                 
GPU 2           193.026           0.151        0.052        0.045        10778904                    653103270                   7900023427                  7894770709                  
GPU 3           218.256           0.091        0.094        0.027        2107574339                  1958501392                  3566394408                  3534888490                  
GPU 4           189.697           0.054        0.019        0.062        4753935942                  4656123111                  1736061805                  7978882213                  
GPU 5           199.956           0.163        0.057        0.049        14825454                    190219561                   12107052570                 12109035132                 
GPU 6           196.519           0.041        0.014        0.084        5930625                     355096311                   3410033769                  3410983670                  
GPU 7           183.280           0.144        0.050        0.043        3265096382                  3134425693                  5506306003                  5478238244                  
GPU 0           288.090           0.254        0.095        0.079        5512786111                  5539877618                  9269602700                  9219543342                  
GPU 1           249.165           0.240        0.089        0.077        39727060                    2499130441                  18904673076                 18903386925                 
GPU 2           239.474           0.245        0.090        0.078        26579492                    366603025                   19059274692                 19062110312                 
GPU 3           271.366           0.262        0.078        0.081        6065797799                  5977684367                  10096522135                 10143408510                 
GPU 4           230.059           0.205        0.073        0.086        4913855107                  5866130156                  7973325505                  8070186821                  
GPU 5           246.163           0.248        0.091        0.078        27882506                    369665320                   18668832471                 18666849662                 
GPU 6           246.052           0.267        0.096        0.109        22919005                    1482075067                  20550673522                 20550389191                 
GPU 7           230.318           0.248        0.092        0.077        5821648349                  5565781178                  9649190518                  9727318855                  
GPU 0           299.245           0.362        0.083        0.180        1331789047                  12676237292                 9052793517                  459772990                   
GPU 1           314.632           0.363        0.089        0.175        200763453                   2610078953                  9664224357                  9662544065                  
GPU 2           293.441           0.362        0.089        0.174        182198744                   2224484003                  9576341415                  9572549277                  
GPU 3           286.553           0.304        0.080        0.139        7630487142                  2740719784                  1202669954                  7370382925                  
GPU 4           290.796           0.270        0.098        0.192        1162980463                  13446522455                 8807052103                  2580745                     
GPU 5           301.906           0.367        0.087        0.180        221254132                   2747675276                  9625640641                  9625641165                  
GPU 6           314.726           0.261        0.077        0.196        112477978                   2697382565                  9437030790                  9436387460                  
GPU 7           289.201           0.355        0.087        0.170        9029598276                  2763414253                  895230521                   8493969117                  
GPU 0           293.537           0.375        0.081        0.198        1144687831                  13219457453                 9226394909                  2554981                     
GPU 1           327.987           0.373        0.080        0.198        231994173                   2705222524                  9219341310                  9219339214                  
GPU 2           301.249           0.373        0.080        0.198        218340244                   2433883091                  9222127182                  9222146050                  
GPU 3           288.696           0.373        0.079        0.200        10297732101                 2775553559                  2540698                     9189988173                  
GPU 4           302.043           0.366        0.078        0.196        1151835455                  13281100804                 9331101362                  2561795                     
GPU 5           315.421           0.373        0.080        0.199        240657214                   2714571145                  9225615977                  9225615453                  
GPU 6           319.513           0.369        0.079        0.197        236611135                   2697937810                  9261210077                  9261210554                  
GPU 7           296.365           0.376        0.081        0.200        10329099848                 2560032196                  2552691                     9233613818                  
#Entity         POWER             SMACT        TENSO        DRAMA        PCITX                       PCIRX                       NVLTX                       NVLRX                       
ID               W                                                                                                                                                                       
GPU 0           305.587           0.378        0.082        0.200        1140144110                  13183477483                 9205973275                  2546992                     
GPU 1           330.928           0.376        0.081        0.200        236552617                   2717641441                  9232824706                  9233038592                  
GPU 2           304.292           0.374        0.080        0.199        219635105                   2461615770                  9225102301                  9225106044                  
GPU 3           285.875           0.373        0.081        0.198        10402441545                 2768339542                  2569057                     9289449399                  
GPU 4           310.022           0.374        0.081        0.198        1150866251                  13285519884                 9212393697                  2547333                     
GPU 5           316.218           0.376        0.081        0.201        245709700                   2791699570                  9220053189                  9219893346                  
GPU 6           322.422           0.371        0.079        0.201        238108373                   2683970696                  9274384071                  9274384071                  
GPU 7           304.867           0.379        0.082        0.202        10306764586                 2603744712                  1914958740                  9211899315                  
GPU 0           287.406           0.372        0.108        0.163        2107999484                  9685712163                  7892485791                  2341763884                  
GPU 1           325.426           0.370        0.082        0.198        238818050                   1650442360                  9153283842                  9155161534                  
GPU 2           299.503           0.377        0.104        0.173        162728936                   1877231670                  10371614949                 10371826169                 
GPU 3           276.265           0.374        0.115        0.201        10265577207                 2733062763                  2534269                     9163158823                  
GPU 4           297.695           0.381        0.109        0.169        2109414861                  10125756644                 8148015017                  2266554285                  
GPU 5           312.327           0.384        0.110        0.171        190346027                   2259037310                  10431553141                 10431776929                 
GPU 6           312.263           0.376        0.081        0.164        237787144                   2071683800                  9191630285                  9191865600                  
GPU 7           304.867           0.387        0.102        0.184        8952222013                  3354515610                  1914958740                  8866703187                  
GPU 0           282.541           0.344        0.120        0.121        5689700798                  8643316123                  10866969615                 9103849346                  
GPU 1           300.183           0.362        0.125        0.130        110356091                   1310392865                  15344220216                 15344677056                 
GPU 2           286.806           0.349        0.122        0.123        86296304                    1339477972                  18529090940                 18531889349                 
GPU 3           272.076           0.366        0.127        0.146        6829600873                  4155832690                  3882836232                  7867381891                  
GPU 4           285.683           0.332        0.115        0.117        5437077196                  8512322248                  10441464187                 8651273775                  
GPU 5           296.303           0.337        0.117        0.120        93358972                    1448495025                  19095814420                 19100240645                 
GPU 6           294.809           0.373        0.109        0.122        174078303                   1483543973                  10219651643                 10219495458                 
GPU 7           289.170           0.354        0.119        0.128        6708971277                  5132065033                  8733541787                  9078683289                  
GPU 0           290.290           0.374        0.133        0.131        4695324127                  8169904170                  9542080382                  7342016648                  
GPU 1           314.321           0.344        0.134        0.107        74872348                    1396783324                  23582503147                 23579705613                 
GPU 2           298.589           0.364        0.131        0.126        87664670                    1184374548                  17970588596                 17968143012                 
GPU 3           281.230           0.335        0.126        0.104        7679565587                  7429786650                  12774631867                 12826158993                 
GPU 4           297.614           0.375        0.135        0.128        4949876420                  7892796799                  9747246928                  7842002726                  
GPU 5           308.899           0.376        0.136        0.130        103242896                   1431010888                  17593948320                 17589609146                 
GPU 6           312.304           0.343        0.119        0.134        94160440                    1676311507                  20137584806                 20139694870                 
GPU 7           284.331           0.355        0.127        0.123        7402705759                  6215965160                  10816594628                 10681285993                 
GPU 0           287.550           0.344        0.129        0.108        7305082148                  7476791206                  12692112689                 12174918023                 
GPU 1           307.831           0.357        0.123        0.130        105814158                   23803045                    19259228643                 19259229080                 
GPU 2           296.146           0.354        0.130        0.114        39865491                    461681196                   23705889080                 23707013314                 
GPU 3           280.764           0.365        0.134        0.131        7138088800                  5593790023                  7269552584                  9753788260                  
GPU 4           287.471           0.339        0.124        0.110        7064069691                  7763710468                  12531261285                 11690432652                 
GPU 5           296.984           0.344        0.126        0.113        35781083                    384835466                   24260332787                 24263104329                 
GPU 6           298.558           0.373        0.131        0.108        122587821                   155852792                   16721620043                 16719228549                 
GPU 7           295.033           0.353        0.129        0.115        7405793608                  6452664184                  12677926558                 11674212624                 
GPU 0           300.666           0.359        0.146        0.103        7575254922                  7320254977                  12758196977                 12707247719                 
GPU 1           326.431           0.371        0.138        0.104        60388085                    999276178                   25186921878                 25190684907                 
GPU 2           308.559           0.360        0.146        0.106        21990226                    323857916                   25498343914                 25496865355                 
GPU 3           292.550           0.365        0.151        0.102        7701200447                  7376900402                  12577547444                 12597866924                 
GPU 4           291.046           0.358        0.146        0.103        7541589733                  7209402352                  12675357540                 12660997542                 
GPU 5           312.508           0.367        0.150        0.107        27021694                    394610780                   25294898441                 25292856221                 
GPU 6           319.471           0.338        0.151        0.106        29711326                    448838972                   25313370599                 25315291956                 
GPU 7           309.618           0.354        0.141        0.103        7567170506                  7208174748                  12448478790                 12688529142                 
GPU 0           308.437           0.371        0.157        0.105        7439743981                  7499989909                  12484807058                 12445720078                 
GPU 1           337.028           0.380        0.155        0.107        63224287                    1128142765                  24617110854                 24614382936                 
GPU 2           317.200           0.377        0.160        0.107        36477013                    527892031                   24900653072                 24900654120                 
GPU 3           296.926           0.381        0.166        0.104        7527117396                  7293577476                  12253901431                 12241290179                 
GPU 4           313.486           0.382        0.163        0.106        7448005096                  7531554994                  12483619791                 12463168793                 
GPU 5           332.758           0.384        0.167        0.106        29507052                    421763913                   24723186148                 24725399614                 
GPU 6           336.758           0.366        0.169        0.107        30188887                    417642440                   24509386349                 24506574993                 
GPU 7           316.481           0.369        0.156        0.104        7464730240                  7168415140                  12262512679                 12495040607                 
GPU 0           303.968           0.374        0.162        0.106        7302705355                  7162818124                  12240148155                 12240404953                 
GPU 1           326.707           0.376        0.166        0.107        90434985                    1223312965                  21704531200                 21702097351                 
GPU 2           316.054           0.381        0.162        0.109        39136790                    599004623                   24272591608                 24273647629                 
GPU 3           290.636           0.371        0.146        0.105        7319134337                  6979023071                  10752321721                 11605516400                 
GPU 4           306.899           0.382        0.162        0.109        7156014767                  7277429221                  12037174283                 11953179536                 
GPU 5           317.956           0.384        0.160        0.114        66032151                    889550532                   23856037628                 23854235127                 
GPU 6           322.180           0.387        0.152        0.116        89080544                    1210436472                  23107255865                 23105708863                 
GPU 7           305.456           0.380        0.166        0.105        7348295502                  7342570363                  9610968075                  12286578804                 
GPU 0           284.038           0.390        0.141        0.155        4655203302                  8454567426                  9494254553                  7210207851                  
GPU 1           298.773           0.351        0.147        0.120        258637574                   3064432730                  10970295534                 10970069125                 
GPU 2           295.126           0.383        0.128        0.139        168355762                   3680804157                  13536469400                 13534826595                 
GPU 3           269.143           0.364        0.113        0.116        7392078723                  4522899824                  2980980275                  8269483599                  
GPU 4           289.400           0.370        0.118        0.141        2626328987                  10103024628                 8175267627                  3212780185                  
GPU 5           306.166           0.369        0.117        0.142        239633987                   2816182972                  11385731017                 11385677558                 
GPU 6           307.505           0.376        0.123        0.141        217191487                   2553696590                  11605973629                 11605720897                 
GPU 7           275.234           0.390        0.151        0.121        6703796878                  6319723479                  1124996914                  10448685348                 
GPU 0           275.164           0.333        0.082        0.165        1496943850                  13709044512                 8993939119                  570857110                   
GPU 1           293.778           0.317        0.106        0.142        327558084                   3682704400                  9607524123                  9607749466                  
GPU 2           277.976           0.333        0.078        0.161        325375222                   3792155995                  9567949766                  9567735442                  
GPU 3           261.481           0.321        0.069        0.142        7803218299                  3660569393                  2584378                     9609704432                  
GPU 4           277.275           0.327        0.071        0.164        1309939624                  15101494484                 9614346886                  2584623                     
GPU 5           288.533           0.325        0.070        0.164        351047476                   3952999211                  9615366580                  9615354528                  
GPU 6           295.460           0.328        0.071        0.165        338701105                   3811589978                  9616443653                  9616452038                  
GPU 7           275.567           0.343        0.089        0.155        9501179403                  4108234612                  2575313                     8922746350                  
GPU 0           277.613           0.327        0.071        0.165        1292763685                  14945683572                 9586376449                  2576175                     
GPU 1           298.436           0.321        0.068        0.161        335504405                   3788182206                  9593448160                  9593447723                  
GPU 2           281.131           0.330        0.072        0.167        332538678                   3800514950                  9591197345                  9591411176                  
GPU 3           264.505           0.325        0.070        0.164        10836844607                 3831720284                  2579589                     9582021052                  
GPU 4           280.256           0.329        0.071        0.165        1316511387                  15224542177                 9589816353                  2578506                     
GPU 5           291.929           0.329        0.071        0.166        355746633                   4055275361                  9592180588                  9592973533                  
GPU 6           294.273           0.332        0.072        0.168        337869240                   3844747204                  9604180957                  9604364382                  
GPU 7           279.925           0.332        0.071        0.166        10838508171                 3893891290                  2580304                     9589791643                  
GPU 0           276.410           0.329        0.072        0.168        1292090817                  14895843275                 9588217441                  2581255                     
GPU 1           300.071           0.326        0.069        0.163        327203441                   3717603562                  9543454967                  9543456131                  
GPU 2           282.779           0.332        0.072        0.168        337623750                   3775638900                  9592242680                  9592015218                  
GPU 3           263.914           0.330        0.072        0.166        10819577543                 3717344627                  2564421                     9550071840                  
GPU 4           282.981           0.334        0.073        0.169        1314368647                  15156717120                 9554484814                  2571751                     
GPU 5           293.298           0.333        0.073        0.169        364916768                   4116776304                  9556874758                  9556092299                  
GPU 6           299.010           0.335        0.073        0.170        360095665                   4048735048                  9533428169                  9533154990                  
GPU 7           280.191           0.337        0.072        0.168        10780450070                 3955081292                  2567201                     9538531251                  
GPU 0           277.041           0.333        0.073        0.166        1282776164                  14829982261                 9558928254                  2568993                     
GPU 1           297.416           0.322        0.070        0.167        340673867                   3837403712                  9565950589                  9565952161                  
GPU 2           282.214           0.336        0.073        0.171        331119045                   3650395267                  9561820326                  9562028051                  
GPU 3           266.002           0.326        0.070        0.169        10773497590                 3762160203                  2576807                     9567557544                  
GPU 4           283.002           0.334        0.073        0.168        1306919431                  15100298479                 9565236890                  2572303                     
GPU 5           293.396           0.333        0.073        0.169        356754489                   4048817707                  9570438282                  9570627380                  
GPU 6           299.313           0.334        0.073        0.170        339266244                   3842385728                  9569675442                  9569843552                  
GPU 7           279.105           0.334        0.074        0.172        10822534978                 3939525553                  2575403                     9580110419                  
GPU 0           277.124           0.331        0.072        0.166        1290935503                  14841071348                 9572102176                  2577335                     
GPU 1           298.881           0.322        0.069        0.164        334950310                   3815279225                  9556355025                  9556351880                  
GPU 2           280.995           0.333        0.072        0.169        334272663                   3650395267                  9568981794                  9568980047                  
GPU 3           266.872           0.327        0.071        0.166        10799167860                 3821925082                  2566351                     9551891561                  
GPU 4           285.088           0.334        0.073        0.169        1303908367                  15051954980                 9530931626                  2580743                     
GPU 5           294.112           0.332        0.072        0.169        363442067                   4121665680                  9541501448                  9541500924                  
GPU 6           301.256           0.334        0.073        0.169        348382219                   3947154378                  9546805883                  9546584195                  
GPU 7           279.105           0.334        0.073        0.169        10819020060                 3875081599                  2575403                     9574043944                  
#Entity         POWER             SMACT        TENSO        DRAMA        PCITX                       PCIRX                       NVLTX                       NVLRX                       
ID               W                                                                                                                                                                       
GPU 0           281.130           0.334        0.073        0.169        1280354024                  14799776000                 9571749358                  2571441                     
GPU 1           300.441           0.324        0.070        0.165        342164613                   3850312927                  9577389797                  9577163397                  
GPU 2           284.374           0.334        0.073        0.170        326579637                   3719775472                  9570555428                  9570369378                  
GPU 3           267.523           0.328        0.071        0.167        10809629537                 3830041934                  2576938                     9571196454                  
GPU 4           284.090           0.335        0.073        0.169        1306813080                  15089351044                 9593397845                  2573472                     
GPU 5           298.125           0.332        0.072        0.169        363016227                   4094431990                  9593924765                  9593703084                  
GPU 6           301.468           0.336        0.073        0.170        351350599                   3955464739                  9589710780                  9589930900                  
GPU 7           281.227           0.334        0.073        0.170        10810190418                 3951739716                  2570049                     9554453430                  
GPU 0           283.833           0.336        0.074        0.170        1287695948                  14848156746                 9570145330                  2575026                     
GPU 1           301.704           0.328        0.071        0.168        333960019                   3768892011                  9560467951                  9560466742                  
GPU 2           286.860           0.336        0.078        0.167        370521890                   4883592891                  9579767709                  9579762992                  
GPU 3           270.282           0.331        0.072        0.169        10785129234                 3780712853                  2568015                     9554582762                  
GPU 4           285.685           0.339        0.073        0.164        1509151368                  15800986821                 9574229289                  435454634                   
GPU 5           296.016           0.337        0.074        0.172        354435685                   4033997915                  9551203218                  9551192212                  
GPU 6           304.864           0.338        0.074        0.172        342909690                   3906181543                  9546881246                  9546669228                  
GPU 7           282.383           0.340        0.073        0.170        10792323523                 4052907420                  2567987                     9545124327                  
GPU 0           283.833           0.336        0.098        0.170        2033061637                  14848156746                 9540234323                  2563757                     
GPU 1           305.364           0.343        0.071        0.168        334723854                   3768892011                  9103276895                  9103531958                  
GPU 2           286.860           0.354        0.078        0.144        211898875                   4883592891                  9342832557                  9343620788                  
GPU 3           270.282           0.345        0.096        0.169        10785129234                 5918731708                  1213112941                  7870876833                  
GPU 4           285.685           0.339        0.082        0.142        1509151368                  10947598278                 8809549399                  435454634                   
GPU 5           296.016           0.348        0.095        0.157        369251618                   5389635255                  9137412686                  9137421596                  
GPU 6           304.804           0.338        0.099        0.157        359878552                   3906181543                  9095468750                  9095729054                  
GPU 7           282.383           0.350        0.075        0.174        8410950133                  3990101946                  2567987                     8179865279                  
GPU 0           296.903           0.346        0.128        0.136        4419961352                  13206556920                 8204062526                  1840191705                  
GPU 1           319.593           0.353        0.096        0.152        210930925                   2820282890                  15937879750                 15937879226                 
GPU 2           293.204           0.375        0.115        0.151        202413218                   3102381156                  13304739162                 13305611271                 
GPU 3           280.779           0.369        0.123        0.153        8341452335                  5733081093                  6572083421                  9915691013                  
GPU 4           286.409           0.350        0.106        0.153        2633739867                  11170000936                 9714614876                  3102384927                  
GPU 5           301.219           0.357        0.107        0.148        221310117                   2848168277                  14864193752                 14864379347                 
GPU 6           302.703           0.355        0.106        0.147        216041456                   2790828215                  14890080824                 14889883868                 
GPU 7           295.594           0.381        0.099        0.153        7493292845                  6129276699                  6731422800                  9801827089                  
GPU 0           296.903           0.377        0.084        0.136        1404081458                  9416015795                  9770184959                  6646694657                  
GPU 1           301.783           0.351        0.111        0.141        217626088                   2820282890                  10717351767                 10717125355                 
GPU 2           299.221           0.349        0.093        0.158        237553299                   2690402612                  13384904152                 13383253198                 
GPU 3           276.443           0.341        0.088        0.137        7728439583                  3657302988                  837842900                   8650207619                  
GPU 4           297.798           0.373        0.111        0.153        2396403679                  12315852975                 8939395541                  2501160846                  
GPU 5           310.161           0.367        0.112        0.149        190710878                   2482538691                  11035356619                 11035071638                 
GPU 6           315.724           0.355        0.103        0.155        213059666                   2761791002                  10719085100                 10719320961                 
GPU 7           295.594           0.345        0.129        0.138        9551718069                  5740823147                  6731422800                  8750668653                  
GPU 0           283.948           0.349        0.093        0.154        2677418773                  12766549897                 8817109767                  533910804                   
GPU 1           305.609           0.342        0.090        0.155        245510119                   3175154011                  12566516431                 12566743364                 
GPU 2           290.203           0.349        0.096        0.150        214620259                   3000620604                  10622248810                 10624235115                 
GPU 3           267.995           0.344        0.090        0.156        9744249718                  4431611472                  2666266631                  9911968783                  
GPU 4           291.088           0.353        0.098        0.142        3917225271                  11679085679                 9169542729                  5397429415                  
GPU 5           300.280           0.350        0.091        0.160        263979501                   3360315315                  12281258089                 12281465822                 
GPU 6           309.950           0.349        0.092        0.158        244295442                   3110748295                  12564021258                 12563797486                 
GPU 7           283.405           0.353        0.086        0.162        9676877687                  3919327649                  2665993295                  9831182381                  
GPU 0           302.793           0.366        0.135        0.118        6433120925                  7726273737                  9852643248                  2962107710                  
GPU 1           319.553           0.335        0.108        0.126        126255141                   1856232606                  20785691302                 20793339053                 
GPU 2           305.491           0.370        0.138        0.118        61555973                    790023195                   14283866824                 14283775978                 
GPU 3           286.125           0.351        0.123        0.119        7624040356                  6858232320                  10271930722                 11586186039                 
GPU 4           303.524           0.374        0.137        0.122        6103681633                  7864306691                  10581717460                 9934604891                  
GPU 5           315.510           0.377        0.101        0.140        167083502                   2286291505                  17097624881                 17097624881                 
GPU 6           316.471           0.340        0.107        0.131        132111123                   1843073889                  19599426591                 19599650392                 
GPU 7           299.356           0.365        0.092        0.159        7131176533                  4959929894                  11035340202                 11517551087                 
GPU 0           310.079           0.374        0.097        0.176        2570889935                  13951769737                 9564914931                  2568444594                  
GPU 1           328.062           0.397        0.139        0.140        177794930                   2291825386                  9788476385                  9788476385                  
GPU 2           309.912           0.375        0.100        0.173        335062223                   4275767202                  12396599484                 12396384611                 
GPU 3           292.608           0.388        0.121        0.156        8128246731                  6676265073                  2532215                     9428059230                  
GPU 4           309.433           0.374        0.097        0.176        2575632195                  14000823233                 11017874050                 2568518677                  
GPU 5           323.184           0.377        0.096        0.184        400171827                   1831213153                  19275531667                 19278847258                 
GPU 6           326.026           0.384        0.085        0.134        152942124                   1962737264                  18602569890                 18603574623                 
GPU 7           307.350           0.379        0.102        0.173        9238399694                  6121317655                  3017242590                  9507115967                  
GPU 0           306.339           0.368        0.080        0.197        1333896029                  15863941869                 9163146135                  2534427                     
GPU 1           328.983           0.365        0.083        0.192        438076903                   5548210935                  9210396144                  9210395620                  
GPU 2           305.129           0.370        0.080        0.198        420705931                   5279493765                  9164371463                  9164587381                  
GPU 3           292.505           0.369        0.080        0.199        10439856386                 5328707198                  2548013                     9153474922                  
GPU 4           305.089           0.366        0.079        0.194        1353636072                  16142457547                 9550058220                  2535672                     
GPU 5           323.352           0.365        0.079        0.195        461110211                   5023216434                  11725065406                 11722051863                 
GPU 6           322.487           0.371        0.078        0.194        443058747                   5582540484                  9924486864                  9923649202                  
GPU 7           302.997           0.372        0.081        0.199        10464104288                 5532440173                  2534351                     9165122697                  
GPU 0           310.862           0.370        0.081        0.198        1321478751                  15732668838                 9181610505                  2536902                     
GPU 1           332.330           0.360        0.078        0.193        433652802                   5470252557                  9105059047                  9105059047                  
GPU 2           305.341           0.367        0.079        0.197        416989369                   5265594352                  9167780545                  9167780545                  
GPU 3           297.835           0.364        0.078        0.195        10511183135                 5410449930                  2517521                     9215034144                  
GPU 4           310.991           0.368        0.080        0.196        1344265806                  16058121924                 9169838988                  2533992                     
GPU 5           328.319           0.371        0.081        0.199        452735141                   5683847315                  9221013305                  9221013887                  
GPU 6           324.476           0.368        0.080        0.198        448632168                   5555503315                  9243921509                  9243640468                  
GPU 7           305.194           0.370        0.080        0.197        10466725543                 5488898395                  2537597                     9173977751                  
GPU 0           315.855           0.376        0.083        0.202        1312119184                  15660496781                 9114560035                  2522584                     
GPU 1           334.329           0.369        0.080        0.199        320516104                   5604498789                  9377135446                  9377134922                  
GPU 2           310.757           0.375        0.082        0.202        411254705                   5209380388                  9084832707                  9084586384                  
GPU 3           297.667           0.368        0.080        0.198        10404984453                 5162099864                  3712445575                  8858225479                  
GPU 4           307.829           0.372        0.082        0.197        1340970635                  15703043577                 9000429848                  51317557                    
GPU 5           328.757           0.377        0.082        0.203        449611222                   5607417449                  9094691304                  9094950995                  
GPU 6           328.704           0.377        0.087        0.217        443578320                   5582837379                  10048132173                 10048384781                 
GPU 7           306.804           0.372        0.081        0.199        10426841410                 5599212781                  2520353                     9650234869                  
GPU 0           296.488           0.370        0.127        0.134        7094549973                  8694875683                  10349199953                 7885804417                  
GPU 1           326.010           0.343        0.107        0.178        8425549                     4142423784                  26253332476                 26254608677                 
GPU 2           302.993           0.372        0.143        0.115        25859223                    298200243                   21140281129                 21140500728                 
GPU 3           288.516           0.351        0.112        0.162        8098449671                  7321708013                  13305540872                 13350603068                 
GPU 4           299.110           0.368        0.143        0.110        6518997845                  6290952937                  11028633665                 10924051984                 
GPU 5           315.018           0.373        0.135        0.127        83279350                    1041898284                  19317585253                 19320213237                 
GPU 6           309.745           0.357        0.138        0.111        16959792                    182006523                   23136079749                 23135850569                 
GPU 7           297.536           0.365        0.121        0.145        7630456761                  5540629949                  6221008057                  12042725880                 
GPU 0           303.454           0.370        0.143        0.113        4020059932                  7407972428                  11898899731                 11828002046                 
GPU 1           323.273           0.375        0.131        0.108        168941734                   28118883                    20624279343                 20622909931                 
GPU 2           305.244           0.371        0.144        0.114        54584817                    743106683                   23788381099                 23789890574                 
GPU 3           286.228           0.383        0.134        0.108        7965687719                  7165699552                  8682736066                  10377215201                 
GPU 4           302.385           0.369        0.141        0.115        6855312446                  7671901162                  11794597311                 11344494501                 
GPU 5           319.314           0.375        0.146        0.115        57312359                    727750656                   23765764454                 23770631552                 
GPU 6           321.304           0.370        0.137        0.124        115286058                   1496349731                  21714626253                 21716750514                 
GPU 7           300.561           0.386        0.143        0.110        7226085102                  6722311400                  11908709625                 10418963943                 
GPU 0           300.888           0.374        0.120        0.146        3433731287                  10222876115                 9434431804                  5780225393                  
GPU 1           333.327           0.367        0.136        0.128        260452204                   2332740570                  14456421853                 14456679190                 
GPU 2           306.963           0.377        0.121        0.148        194807512                   2466847076                  15186946651                 15185440134                 
GPU 3           287.019           0.356        0.138        0.130        7184514752                  5759263124                  4959881541                  9712764564                  
GPU 4           304.225           0.377        0.123        0.143        4197770573                  9544001698                  9481809355                  6200085059                  
GPU 5           322.813           0.377        0.123        0.146        243108228                   3040338949                  16009726860                 16002674686                 
GPU 6           319.112           0.372        0.122        0.144        258897615                   3287174185                  15914888042                 15912542113                 
GPU 7           302.809           0.370        0.129        0.144        7861477607                  6745858785                  7458730190                  9959697788                  
#Entity         POWER             SMACT        TENSO        DRAMA        PCITX                       PCIRX                       NVLTX                       NVLRX                       
ID               W                                                                                                                                                                       
GPU 0           313.080           0.380        0.110        0.167        2787917910                  12366781639                 9908114108                  4396763140                  
GPU 1           334.927           0.375        0.096        0.184        341573929                   4362075505                  11696808529                 11696807723                 
GPU 2           311.752           0.380        0.104        0.175        304270756                   3907677052                  13294016077                 13293832655                 
GPU 3           298.290           0.379        0.094        0.189        9764944067                  5587894187                  1731461049                  9379067873                  
GPU 4           312.578           0.378        0.099        0.180        2618737425                  13878793128                 9563041063                  2668230439                  
GPU 5           327.662           0.380        0.108        0.171        310702728                   3986280105                  13917485439                 13917483110                 
GPU 6           328.593           0.376        0.095        0.186        343857268                   4343326773                  11413037314                 11413194917                 
GPU 7           310.507           0.376        0.118        0.145        7831571698                  6139598379                  6522188079                  9340686115                  
GPU 0           318.181           0.377        0.100        0.179        2290774696                  13442094685                 9643381477                  3037884824                  
GPU 1           332.867           0.396        0.128        0.158        271194927                   3609707276                  13856775300                 13856775300                 
GPU 2           320.326           0.379        0.105        0.174        303729405                   3854201454                  13590577270                 13590580545                 
GPU 3           302.697           0.395        0.129        0.153        7389319958                  6064038210                  5354488749                  8974626339                  
GPU 4           314.377           0.386        0.121        0.157        3587886155                  14664639546                 9209631672                  4900764659                  
GPU 5           334.048           0.379        0.101        0.181        356666171                   5515008673                  12690167020                 12689939574                 
GPU 6           326.996           0.394        0.128        0.156        261768972                   3374839217                  14009499795                 14009265520                 
GPU 7           313.551           0.400        0.089        0.194        10014349205                 5348573817                  1158920987                  8752255506                  
GPU 0           307.307           0.383        0.111        0.169        1287017097                  12813000140                 7900758743                  2349931521                  
GPU 1           337.795           0.361        0.082        0.190        440308476                   6312844293                  8778051315                  8778052888                  
GPU 2           302.967           0.377        0.105        0.173        346532706                   5006113383                  10090858089                 10090852848                 
GPU 3           297.699           0.364        0.083        0.192        9619441034                  6482471742                  268559388                   8510302692                  
GPU 4           313.768           0.371        0.096        0.177        2002471799                  15666112001                 8366785254                  1547459237                  
GPU 5           320.933           0.381        0.106        0.175        383067004                   5219357676                  10087645701                 10087654569                 
GPU 6           324.143           0.364        0.082        0.191        456072166                   6583543644                  8779478833                  8779492984                  
GPU 7           297.710           0.369        0.125        0.163        7737819857                  5815720445                  4197860587                  8525053369                  
GPU 0           313.584           0.377        0.082        0.201        2250407996                  15340661343                 9146591919                  2529606                     
GPU 1           335.728           0.375        0.085        0.198        382244632                   4831036753                  9409648498                  9409647450                  
GPU 2           313.623           0.396        0.082        0.202        382994770                   4871628781                  9131778362                  9131999529                  
GPU 3           297.005           0.374        0.082        0.201        10403005065                 5029872230                  2529208                     9144817839                  
GPU 4           316.616           0.374        0.082        0.200        1313076572                  9360954134                  9129108414                  2525281                     
GPU 5           326.545           0.378        0.083        0.203        416729662                   3132313490                  9126944289                  9127184205                  
GPU 6           333.162           0.375        0.084        0.198        388459014                   4893560467                  9331044769                  9331265932                  
GPU 7           310.814           0.385        0.084        0.193        9643445379                  6728821496                  268573598                   8915245362                  
GPU 0           315.944           0.391        0.113        0.170        3026552871                  11274119660                 8293639044                  2376235376                  
GPU 1           340.166           0.410        0.140        0.149        193613461                   2500110357                  11913529504                 11913530028                 
GPU 2           319.800           0.403        0.124        0.160        204397853                   2560361240                  11063042119                 11063043692                 
GPU 3           302.844           0.410        0.141        0.161        6854270214                  5176944116                  5104951722                  8421709322                  
GPU 4           319.625           0.403        0.129        0.157        2675503419                  11282572374                 7753956526                  3442983434                  
GPU 5           335.291           0.393        0.116        0.169        252505235                   3959234616                  10967262103                 10968255764                 
GPU 6           332.150           0.412        0.140        0.151        191977992                   2409307404                  11881715030                 11883525569                 
GPU 7           314.190           0.421        0.095        0.191        9565927459                  5074123847                  1079211836                  7431842864                  
GPU 0           316.329           0.403        0.127        0.161        3759865691                  11070551136                 8436347839                  3858775200                  
GPU 1           342.847           0.400        0.127        0.160        288928535                   3808920712                  14197196514                 14197017103                 
GPU 2           318.244           0.409        0.125        0.162        249626980                   3220166607                  13235787445                 13237800494                 
GPU 3           302.834           0.398        0.124        0.160        7958576005                  6339026345                  4704209011                  9152371475                  
GPU 4           319.919           0.399        0.123        0.160        3419519921                  9705724742                  9063761247                  4529240206                  
GPU 5           333.219           0.399        0.121        0.165        310243340                   2904060134                  11724062766                 11724226810                 
GPU 6           328.842           0.397        0.122        0.164        289958616                   3728114233                  14217300390                 14215481737                 
GPU 7           313.317           0.402        0.124        0.163        5749973685                  5999195349                  4523572775                  9161182615                  
GPU 0           322.372           0.404        0.131        0.156        2474158332                  10424363375                 9129777757                  5283838628                  
GPU 1           339.645           0.406        0.125        0.167        264934279                   3560335820                  10894989333                 10895222557                 
GPU 2           321.880           0.389        0.135        0.157        221008230                   2867150515                  13781521464                 13780472817                 
GPU 3           300.350           0.407        0.127        0.164        7389352342                  4648827924                  3182023293                  8001207711                  
GPU 4           321.906           0.407        0.135        0.154        3463416237                  11980802248                 8590717812                  4841269788                  
GPU 5           336.623           0.414        0.139        0.155        229495870                   3892144191                  14853801280                 14855448597                 
GPU 6           333.676           0.412        0.133        0.171        250433966                   3223483934                  12023215524                 12023191067                 
GPU 7           314.108           0.410        0.126        0.167        7530556567                  4899216837                  2917488914                  7986605700                  
GPU 0           313.192           0.407        0.126        0.166        1839689141                  10594149380                 7980983243                  2915837816                  
GPU 1           335.173           0.382        0.105        0.175        340740821                   4400190570                  9084007037                  9083771177                  
GPU 2           312.437           0.401        0.103        0.182        326967750                   4183708831                  9761054099                  9760251365                  
GPU 3           297.593           0.386        0.108        0.173        8139813898                  4860241519                  1380280862                  7772798300                  
GPU 4           314.241           0.392        0.112        0.172        1893375841                  12911521562                 7838592471                  1632865552                  
GPU 5           328.477           0.400        0.118        0.172        302228142                   3633252645                  10423338523                 10420315036                 
GPU 6           329.014           0.391        0.113        0.172        308968439                   3943155092                  9295511899                  9295504911                  
GPU 7           312.106           0.386        0.108        0.172        8125158686                  4772984702                  1501712484                  7831654482                  
GPU 0           313.389           0.388        0.110        0.172        2140802992                  11858854328                 7824014478                  1550734619                  
GPU 1           343.212           0.388        0.110        0.172        276959937                   3668304693                  11210330911                 11210344538                 
GPU 2           311.889           0.379        0.132        0.153        218825180                   2843698783                  10825141769                 10825141114                 
GPU 3           303.020           0.391        0.112        0.171        8329039260                  5020596589                  2611044198                  8548663072                  
GPU 4           312.142           0.384        0.105        0.174        2280919732                  14030996882                 8846337086                  2194721500                  
GPU 5           334.665           0.396        0.122        0.163        285589855                   4553859016                  10456503747                 10456498506                 
GPU 6           335.233           0.388        0.110        0.198        276778905                   3563315294                  11197081163                 11197155062                 
GPU 7           310.751           0.392        0.108        0.176        8734249025                  5098027917                  2222051139                  8729041538                  
GPU 0           317.671           0.389        0.105        0.178        1761900417                  12723806195                 8771641117                  1975885536                  
GPU 1           339.081           0.369        0.080        0.198        405433329                   5103196051                  9367583337                  9370388292                  
GPU 2           309.034           0.382        0.092        0.188        346090079                   4411303719                  9675734582                  9675555523                  
GPU 3           296.375           0.371        0.081        0.197        10411355564                 5207632910                  106488330                   9190791526                  
GPU 4           321.883           0.379        0.094        0.185        1726507734                  11105023846                 8747737088                  1009911506                  
GPU 5           327.585           0.381        0.093        0.190        358102299                   4138261400                  9697651817                  9697838749                  
GPU 6           331.328           0.370        0.080        0.151        418144648                   5233448970                  9221881546                  9222027770                  
GPU 7           315.924           0.379        0.088        0.194        10135075739                 5236373766                  826466881                   9291576289                  
GPU 0           305.074           0.371        0.089        0.146        4888949911                  10839096405                 10915918875                 7285068445                  
GPU 1           325.408           0.377        0.128        0.141        193044351                   2627460033                  19502705054                 19500551323                 
GPU 2           307.047           0.367        0.112        0.164        223268891                   2877638956                  15148965037                 15149203209                 
GPU 3           289.548           0.377        0.121        0.147        8305204510                  6326544505                  7344311573                  10781511191                 
GPU 4           309.312           0.376        0.115        0.154        4353600651                  11202954855                 10497421995                 6258538160                  
GPU 5           318.198           0.367        0.114        0.150        216906082                   2780071567                  18046806432                 18046806869                 
GPU 6           321.285           0.376        0.119        0.134        198254609                   2609547847                  17738576831                 17738576831                 
GPU 7           303.505           0.374        0.119        0.147        8434528560                  6828101307                  7290772709                  10849585373                 
GPU 0           306.573           0.389        0.145        0.124        5350998764                  7287408909                  9584026718                  8683385706                  
GPU 1           330.128           0.363        0.121        0.137        190086911                   2631469990                  18661030739                 18661031904                 
GPU 2           314.751           0.392        0.113        0.126        108634728                   3032491821                  17651628647                 17652555286                 
GPU 3           289.516           0.357        0.116        0.136        8509467817                  7464659174                  8713493696                  11556266718                 
GPU 4           313.254           0.360        0.110        0.125        4688598094                  9274097355                  10984240431                 6841533812                  
GPU 5           323.472           0.387        0.144        0.125        98207409                    1338115198                  18674500595                 18674502692                 
GPU 6           325.358           0.361        0.122        0.154        188497022                   2413276037                  20958911393                 20958910869                 
GPU 7           305.880           0.379        0.138        0.125        6732146418                  6403394703                  8628849150                  9985840742                  
GPU 0           311.597           0.383        0.110        0.170        2047408530                  13007802932                 7870735879                  1891709226                  
GPU 1           338.204           0.391        0.126        0.155        286461599                   4514948368                  10622832630                 10622833107                 
GPU 2           315.580           0.384        0.147        0.171        329122407                   1516487309                  18180524162                 18179598576                 
GPU 3           294.911           0.392        0.120        0.152        6714357919                  5994527447                  3754975754                  7623741058                  
GPU 4           310.436           0.386        0.145        0.174        4643752810                  11935279157                 8263817531                  7233751566                  
GPU 5           329.610           0.383        0.110        0.172        357629661                   5473055825                  9689645813                  9689644765                  
GPU 6           330.960           0.391        0.128        0.176        305139999                   4821490159                  11193304253                 11193095559                 
GPU 7           310.086           0.389        0.114        0.168        7779651295                  6557778144                  2109674418                  7758654221                  
GPU 0           322.160           0.390        0.115        0.170        2401723217                  12780801202                 8035713303                  2584053809                  
GPU 1           342.921           0.396        0.114        0.177        251179661                   3159692294                  11486258911                 11486258387                 
GPU 2           314.863           0.385        0.110        0.173        335372882                   4996367540                  9759453098                  9759452575                  
GPU 3           307.496           0.400        0.121        0.170        7987128821                  4533393019                  3334566147                  8624917237                  
GPU 4           318.067           0.393        0.111        0.169        2290130308                  13034340273                 8590421904                  2340909994                  
GPU 5           334.011           0.395        0.119        0.170        339819023                   5285465900                  10939325366                 10939325366                 
GPU 6           338.543           0.399        0.116        0.160        282042373                   3604219912                  11097351789                 11097608022                 
GPU 7           314.244           0.398        0.121        0.167        7562821946                  6689543397                  3158658907                  8070941348                  
#Entity         POWER             SMACT        TENSO        DRAMA        PCITX                       PCIRX                       NVLTX                       NVLRX                       
ID               W                                                                                                                                                                       
GPU 0           313.049           0.404        0.130        0.159        3370323996                  10005190583                 8823416120                  4622359435                  
GPU 1           347.166           0.395        0.129        0.155        291257054                   4608228477                  12540787908                 12540788956                 
GPU 2           319.449           0.408        0.110        0.156        227812361                   5077080183                  10408832046                 10408717224                 
GPU 3           298.405           0.390        0.114        0.161        7502511105                  6998000121                  3514770008                  8155894656                  
GPU 4           323.099           0.384        0.111        0.167        2094992165                  11240730517                 7773315845                  1964408123                  
GPU 5           340.216           0.406        0.131        0.161        227753068                   2796381169                  13447366943                 13447153634                 
GPU 6           338.024           0.395        0.126        0.171        338380077                   5090039875                  11801129953                 11800933849                 
GPU 7           311.866           0.407        0.131        0.159        7469599762                  5294461362                  4669458225                  8768683377                  
GPU 0           312.396           0.381        0.096        0.186        2103074115                  13720771501                 9377075046                  1735783114                  
GPU 1           338.478           0.385        0.105        0.179        302992794                   3795159557                  12147108132                 12146891155                 
GPU 2           315.377           0.378        0.135        0.185        358885107                   4545753999                  11099593588                 11099398370                 
GPU 3           302.883           0.392        0.097        0.171        8618973081                  5225300073                  3727422491                  9346787342                  
GPU 4           316.530           0.380        0.097        0.182        3344065747                  13875354949                 9392017055                  4373983849                  
GPU 5           336.007           0.380        0.094        0.188        344760311                   4308945131                  10953337318                 10953320789                 
GPU 6           330.434           0.398        0.119        0.187        251819044                   3115774128                  13487806128                 13488066433                 
GPU 7           311.496           0.383        0.097        0.186        9621333993                  5199427473                  1892513716                  9363328475                  
GPU 0           316.173           0.383        0.099        0.183        2005129236                  13191045323                 9012090447                  1641738158                  
GPU 1           340.675           0.377        0.095        0.184        331201262                   4132478783                  10519028088                 10519244539                 
GPU 2           316.107           0.389        0.094        0.178        323862421                   4141075446                  10397494418                 10397729733                 
GPU 3           301.412           0.381        0.105        0.186        9453514226                  4870462261                  1477612389                  9015730341                  
GPU 4           319.608           0.390        0.110        0.174        2250435509                  12013819833                 8373848786                  1984207247                  
GPU 5           337.554           0.394        0.111        0.177        297978433                   3702076627                  10374642744                 10374655846                 
GPU 6           336.493           0.381        0.096        0.178        354698530                   4386222145                  10403072561                 10403072561                 
GPU 7           309.984           0.383        0.099        0.183        9384018073                  4954391871                  1641307944                  9034790473                  
GPU 0           311.679           0.415        0.143        0.151        2725786763                  8133123614                  7152862025                  3731813779                  
GPU 1           344.479           0.396        0.118        0.170        262336007                   1905016205                  10007195623                 10008115022                 
GPU 2           322.548           0.417        0.143        0.151        201577563                   2622703143                  11213594407                 11214627880                 
GPU 3           297.764           0.387        0.138        0.180        8728711768                  4555478702                  1506054400                  8392578782                  
GPU 4           321.816           0.414        0.140        0.152        2824097149                  8539132419                  7400421854                  3838135319                  
GPU 5           337.653           0.417        0.141        0.154        195026106                   2436331132                  11245617873                 11245837463                 
GPU 6           335.532           0.393        0.111        0.158        292093197                   2875691718                  10116641207                 10116409031                 
GPU 7           317.137           0.411        0.132        0.161        6880761946                  4310260198                  3081017994                  7513595103                  
GPU 0           315.302           0.372        0.115        0.150        4266437873                  10733830223                 10355190734                 6147740513                  
GPU 1           332.671           0.381        0.130        0.138        148732608                   3747875893                  16851173122                 16850943667                 
GPU 2           310.862           0.361        0.103        0.159        276593511                   3530826644                  16277519349                 16276486345                 
GPU 3           303.655           0.400        0.121        0.142        6331745944                  4660400227                  4946462895                  7901651993                  
GPU 4           311.413           0.362        0.104        0.157        4087204500                  11720002518                 10734229401                 5659650173                  
GPU 5           325.095           0.362        0.105        0.157        230157016                   2863071256                  16423426692                 16424346517                 
GPU 6           322.584           0.396        0.125        0.153        230160385                   2746361851                  11233587031                 11247581249                 
GPU 7           302.044           0.371        0.118        0.144        8184866793                  6000766767                  6870626044                  10458192756                 
GPU 0           314.634           0.399        0.122        0.167        2727989331                  11078347655                 8199072326                  3300449722                  
GPU 1           341.804           0.391        0.118        0.166        292828545                   5464048338                  12362350519                 12361533476                 
GPU 2           315.760           0.398        0.121        0.167        294526772                   3795228651                  11509520324                 11509519276                 
GPU 3           301.737           0.385        0.121        0.155        7799023523                  6079721090                  5297940061                  9316163184                  
GPU 4           320.423           0.395        0.119        0.166        2694014571                  11529609630                 8224711661                  3159698681                  
GPU 5           332.905           0.400        0.121        0.170        338086279                   4256281442                  11347874718                 11346956475                 
GPU 6           334.915           0.385        0.123        0.174        221355874                   4756439773                  16189689045                 16180072947                 
GPU 7           315.913           0.402        0.122        0.168        7606681614                  5412970035                  3299430516                  8205920732                  
GPU 0           315.632           0.405        0.135        0.154        2870994729                  11039082439                 7381673411                  3716020212                  
GPU 1           336.381           0.393        0.122        0.164        350826351                   4423434868                  10521481164                 10521871118                 
GPU 2           324.382           0.401        0.126        0.162        338087411                   5064404636                  10760350372                 10760351682                 
GPU 3           302.277           0.402        0.103        0.170        7867553790                  5238625266                  2964730629                  8289188098                  
GPU 4           317.047           0.397        0.120        0.168        2448914847                  12674839372                 7847096831                  2654973420                  
GPU 5           328.380           0.398        0.120        0.169        365882911                   5335501394                  10511060276                 10511028830                 
GPU 6           332.663           0.390        0.112        0.173        425314526                   6153277841                  10233893461                 10233188096                 
GPU 7           317.830           0.403        0.128        0.160        6949160180                  6919960288                  3271601244                  7550550796                  
GPU 0           311.613           0.385        0.100        0.185        2408752699                  13744096762                 9364595286                  2296838932                  
GPU 1           336.949           0.386        0.103        0.181        346649869                   5722881990                  10942078378                 10942434765                 
GPU 2           318.358           0.393        0.106        0.184        314005592                   3977359398                  12280424986                 12280423020                 
GPU 3           296.122           0.383        0.098        0.180        8521829305                  7056260956                  1346192967                  8006548172                  
GPU 4           324.669           0.384        0.103        0.178        2678623041                  13219074707                 9475681100                  2870398240                  
GPU 5           334.442           0.384        0.099        0.184        356738879                   4509734937                  11727791707                 11727836255                 
GPU 6           333.626           0.390        0.098        0.184        362350375                   4581964671                  11736292705                 11736072066                 
GPU 7           318.026           0.390        0.103        0.183        9175452917                  5726308362                  2314482093                  9123692595                  
GPU 0           310.091           0.365        0.087        0.184        1540422626                  16128948771                 8199649839                  559757874                   
GPU 1           327.428           0.369        0.089        0.185        412557394                   6972809339                  10300234197                 10299729988                 
GPU 2           306.132           0.361        0.086        0.181        459504918                   7216934788                  8736714022                  8736714459                  
GPU 3           296.654           0.381        0.088        0.182        9531973147                  5609708245                  2296363963                  9448994704                  
GPU 4           307.914           0.357        0.087        0.176        1646964427                  16909966316                 7920910866                  726842005                   
GPU 5           314.334           0.362        0.089        0.180        515394173                   8338642493                  8618498716                  8618279114                  
GPU 6           325.085           0.383        0.089        0.181        513512310                   8329615295                  8611353511                  8611574153                  
GPU 7           304.848           0.369        0.085        0.190        9682362660                  6753186786                  616792620                   8730875990                  
GPU 0           310.091           0.390        0.110        0.175        2180990384                  11920049865                 8226768067                  2175614932                  
GPU 1           338.376           0.368        0.097        0.177        451255135                   6972809339                  8639854399                  8639379549                  
GPU 2           316.104           0.385        0.086        0.167        267156712                   3452043092                  11857355088                 11859944766                 
GPU 3           296.654           0.361        0.126        0.180        8742279922                  8196464186                  726862664                   7878226586                  
GPU 4           316.497           0.384        0.116        0.162        1646964427                  11132853191                 8720525258                  726842005                   
GPU 5           320.439           0.389        0.124        0.157        236310441                   3086521096                  14070365515                 14070585649                 
GPU 6           326.670           0.362        0.128        0.151        211589033                   8329615295                  14091572941                 14092318222                 
GPU 7           308.594           0.381        0.106        0.175        7915239569                  7372241028                  1402752290                  7491158127                  
GPU 0           311.389           0.375        0.118        0.151        3417608566                  12880431844                 8654338352                  4483258410                  
GPU 1           334.483           0.383        0.119        0.156        294948281                   4607966036                  13317174372                 13317368720                 
GPU 2           311.960           0.380        0.122        0.164        367783247                   5913732037                  15121065932                 15119645996                 
GPU 3           293.458           0.390        0.121        0.152        7252955828                  5659315574                  4730429202                  8573083671                  
GPU 4           311.868           0.379        0.120        0.151        3364993750                  13186389585                 8528781747                  4351589926                  
GPU 5           318.755           0.383        0.121        0.154        377597496                   6124721369                  12759641917                 12760947473                 
GPU 6           320.578           0.389        0.118        0.154        357665338                   5854354764                  13415632655                 13414887940                 
GPU 7           301.456           0.387        0.122        0.154        7586646699                  7631442569                  4434365285                  8660371360                  
GPU 0           311.389           0.386        0.118        0.144        3417608566                  10210996997                 9625677389                  6391266361                  
GPU 1           334.483           0.383        0.133        0.137        407708445                   4607966036                  9392363785                  9392359068                  
GPU 2           310.640           0.380        0.122        0.164        367783247                   3247626426                  13405029876                 13403859579                 
GPU 3           293.458           0.390        0.121        0.145        7447019607                  5933927231                  1799052274                  8997559375                  
GPU 4           312.152           0.376        0.109        0.151        3364993750                  13186389585                 9338926647                  4351589926                  
GPU 5           318.649           0.376        0.104        0.169        367270424                   6124721369                  12083237521                 12082148014                 
GPU 6           329.179           0.378        0.099        0.154        357665338                   5854354764                  11343200415                 11343200415                 
GPU 7           306.856           0.387        0.121        0.148        7586646699                  6630387431                  6245589670                  9957851021                  
GPU 0           313.231           0.367        0.086        0.183        1931268040                  14612820005                 9450902962                  1283307165                  
GPU 1           341.752           0.396        0.092        0.182        238166546                   3180962940                  15225684094                 15225683570                 
GPU 2           308.262           0.373        0.098        0.173        303888403                   3847536623                  12727478884                 12728646624                 
GPU 3           305.439           0.396        0.129        0.176        9339349050                  6186297627                  5814741022                  9403949488                  
GPU 4           313.241           0.370        0.100        0.167        3012649814                  13239842762                 9796799243                  3473157027                  
GPU 5           321.075           0.389        0.121        0.158        256136992                   3235300627                  15250411462                 15250413210                 
GPU 6           329.068           0.374        0.130        0.152        233424986                   2971518868                  15227381388                 15227380864                 
GPU 7           305.501           0.374        0.089        0.185        9748395012                  5442529924                  695233157                   8866427837                  
GPU 0           313.231           0.392        0.118        0.162        3248333036                  11803908601                 9151705602                  4143957076                  
GPU 1           337.782           0.389        0.129        0.152        345098308                   3180962940                  10787059225                 10787284063                 
GPU 2           318.755           0.396        0.098        0.167        256040850                   3275848106                  12376788454                 12375817259                 
GPU 3           305.439           0.392        0.110        0.150        7621502299                  5453633076                  2324270260                  8458810314                  
GPU 4           319.819           0.393        0.117        0.164        3012649814                  11857224148                 8894852486                  3473157027                  
GPU 5           326.679           0.391        0.110        0.173        355099245                   4430945757                  11332646969                 11332429486                 
GPU 6           333.200           0.397        0.110        0.175        352194909                   2971518868                  10775997870                 10775877870                 
GPU 7           315.162           0.402        0.131        0.152        7573616622                  6085148422                  5704461647                  9326956753                  
#Entity         POWER             SMACT        TENSO        DRAMA        PCITX                       PCIRX                       NVLTX                       NVLRX                       
ID               W                                                                                                                                                                       
GPU 0           311.698           0.396        0.115        0.172        2402881900                  11855957964                 8428927437                  2582652431                  
GPU 1           336.852           0.377        0.110        0.173        333674786                   4273242045                  10991163065                 10991164113                 
GPU 2           315.709           0.387        0.100        0.184        373311661                   4756681657                  9600486314                  9600192168                  
GPU 3           299.725           0.380        0.096        0.175        8428082835                  5397080275                  2047128911                  9370200913                  
GPU 4           319.600           0.387        0.096        0.188        1548790102                  13879464165                 8583089784                  711072971                   
GPU 5           331.344           0.387        0.095        0.190        358518013                   4530794600                  9323403494                  9325257385                  
GPU 6           330.818           0.392        0.097        0.185        357891730                   4520608683                  11420315847                 11420437452                 
GPU 7           312.833           0.397        0.112        0.176        8444583747                  5363153067                  2324274029                  8487902670                  
GPU 0           300.492           0.377        0.101        0.172        2951128238                  12917579645                 9743625511                  3402799528                  
GPU 1           324.396           0.359        0.093        0.186        427733642                   7182733600                  14700987408                 14700758913                 
GPU 2           313.013           0.380        0.106        0.169        266555548                   3364097053                  14015412727                 14015626659                 
GPU 3           288.862           0.357        0.104        0.183        9565974603                  9824928774                  4834542057                  9437667768                  
GPU 4           311.153           0.376        0.110        0.160        3805185596                  12218426092                 10027127890                 5103447973                  
GPU 5           320.580           0.378        0.116        0.155        339593172                   5072689910                  16422857668                 16421959864                 
GPU 6           325.060           0.382        0.106        0.155        452358134                   7662404460                  14269660197                 14269441125                 
GPU 7           314.114           0.385        0.097        0.186        9625305305                  5687467517                  1861322720                  9314221670                  
GPU 0           300.492           0.368        0.101        0.158        2951128238                  15545472669                 8869549294                  6935469278                  
GPU 1           324.396           0.359        0.108        0.152        427733642                   7182733600                  13218434989                 13218585927                 
GPU 2           313.976           0.380        0.106        0.169        266555548                   7359334647                  11751512488                 11751289217                 
GPU 3           288.862           0.357        0.104        0.153        8337877682                  9824928774                  5160033620                  8736636337                  
GPU 4           312.243           0.371        0.107        0.160        3805185596                  12218426092                 8301715615                  5103447973                  
GPU 5           321.963           0.386        0.113        0.167        438705930                   5072689910                  10042807249                 16421959864                 
GPU 6           328.082           0.359        0.122        0.155        452358134                   7662404460                  14269660197                 14269441125                 
GPU 7           297.113           0.385        0.133        0.149        9625305305                  5573285996                  5371965025                  9314221670                  
GPU 0           305.129           0.400        0.094        0.172        2917917806                  8318992484                  10073333316                 3269244497                  
GPU 1           330.380           0.365        0.122        0.157        333482360                   4293699911                  13103118187                 13104330498                 
GPU 2           315.642           0.400        0.141        0.141        166117993                   2166194655                  16216738428                 16216961693                 
GPU 3           295.657           0.363        0.094        0.152        7215689306                  5847417768                  3228443370                  10022954532                 
GPU 4           319.927           0.395        0.139        0.138        4594555428                  8538972396                  9138646728                  7084842384                  
GPU 5           327.883           0.390        0.130        0.147        222468495                   2823513817                  15968398857                 15968399381                 
GPU 6           328.634           0.378        0.109        0.165        295286184                   3767396413                  14591217463                 14588355149                 
GPU 7           303.933           0.377        0.095        0.183        9799568022                  5930976722                  2114036937                  9583234757                  
GPU 0           307.547           0.363        0.096        0.171        3177004076                  13420934185                 10033321656                 3709130829                  
GPU 1           324.518           0.359        0.095        0.174        369941042                   4700791902                  14022336029                 14020932964                 
GPU 2           307.663           0.361        0.096        0.168        272045125                   3469515865                  14516622807                 14517494400                 
GPU 3           293.962           0.361        0.095        0.174        9688426973                  6699015964                  3757446853                  10072504227                 
GPU 4           310.285           0.357        0.098        0.162        3684579552                  13027155381                 10499038749                 4739961115                  
GPU 5           314.175           0.361        0.098        0.168        345270280                   4331658888                  14739728332                 14739554977                 
GPU 6           320.689           0.357        0.098        0.164        338845877                   4224171538                  15158097749                 15157901646                 
GPU 7           304.214           0.360        0.104        0.158        9117576119                  6779938097                  5687532298                  10671815454                 
GPU 0           315.468           0.362        0.108        0.173        2578599850                  13723600518                 8879595238                  2803167873                  
GPU 1           337.472           0.384        0.095        0.170        304381596                   3977815588                  12580399104                 12580590933                 
GPU 2           312.959           0.368        0.098        0.173        313978766                   3968751500                  13346175915                 13345302752                 
GPU 3           300.093           0.382        0.109        0.171        9506549151                  5717154263                  3141417273                  8934339682                  
GPU 4           312.740           0.371        0.098        0.174        2831874273                  13464093724                 9594134148                  3110017299                  
GPU 5           325.722           0.382        0.108        0.172        301746661                   3760852348                  13021449984                 13022721648                 
GPU 6           330.900           0.381        0.110        0.167        290619265                   3675719471                  12557536493                 12557771803                 
GPU 7           310.900           0.387        0.112        0.168        8349733501                  5597552849                  3551886988                  8996572853                  
GPU 0           318.713           0.384        0.132        0.152        4103566706                  12538130537                 9356276972                  5920094544                  
GPU 1           334.664           0.394        0.112        0.169        263087755                   3419438519                  15303727624                 15303520077                 
GPU 2           320.612           0.390        0.111        0.175        307126338                   3955409283                  10947575074                 10948311446                 
GPU 3           304.965           0.395        0.130        0.170        8516846850                  6519466846                  5919378396                  9377024630                  
GPU 4           323.266           0.394        0.116        0.169        2519137618                  11981352425                 8411667098                  2774890267                  
GPU 5           332.622           0.400        0.120        0.172        335961487                   4233291314                  11589391296                 11590897864                 
GPU 6           335.160           0.399        0.126        0.162        263154368                   3309719961                  13950956260                 13951974485                 
GPU 7           318.161           0.403        0.126        0.164        7912891146                  5661801397                  4565534352                  9092603331                  
GPU 0           318.713           0.399        0.132        0.152        4103566706                  10323099468                 8899259707                  1141963377                  
GPU 1           334.664           0.394        0.130        0.152        352892426                   3419438519                  9771039433                  9771199486                  
GPU 2           317.333           0.390        0.111        0.175        307126338                   2849922247                  9560850627                  9560685530                  
GPU 3           304.965           0.395        0.130        0.150        7560442863                  5009631177                  1377861473                  8339216549                  
GPU 4           312.324           0.373        0.103        0.169        2519137618                  11981352425                 9834820253                  2774890267                  
GPU 5           325.178           0.388        0.109        0.174        324751651                   4233291314                  13124239800                 13123006627                 
GPU 6           331.520           0.399        0.103        0.162        263154368                   3309719961                  11462998337                 11461979480                 
GPU 7           318.161           0.403        0.105        0.178        7912891146                  5873493631                  4565534352                  9145983552                  
GPU 0           314.927           0.384        0.122        0.154        2678051161                  14070312206                 7709525392                  3423656677                  
GPU 1           328.823           0.379        0.100        0.185        252716288                   3395170093                  11768267273                 11769702165                 
GPU 2           314.272           0.395        0.126        0.156        196408497                   2619924090                  14602539480                 14602738641                 
GPU 3           300.404           0.377        0.118        0.182        8773916820                  5355182205                  4810321488                  8906167532                  
GPU 4           309.977           0.377        0.107        0.168        2008233456                  11544063487                 7809312410                  1903837909                  
GPU 5           326.180           0.385        0.116        0.164        297247351                   3762318437                  11314393853                 11313050019                 
GPU 6           328.993           0.378        0.109        0.168        299247063                   3771373807                  11031692712                 11031694284                 
GPU 7           304.132           0.379        0.109        0.166        7966518382                  5257861650                  2747568177                  8271395459                  
GPU 0           303.505           0.386        0.129        0.135        4804336792                  9706255368                  9521879864                  7134745954                  
GPU 1           330.981           0.371        0.117        0.157        378971179                   6564955052                  16229833650                 16228313675                 
GPU 2           316.247           0.368        0.114        0.152        396095323                   6764219906                  14512260663                 14512261187                 
GPU 3           297.359           0.369        0.114        0.152        7555293180                  9925819250                  5160594274                  9330038832                  
GPU 4           312.128           0.389        0.125        0.151        3995829496                  10716725332                 9392748540                  5713783005                  
GPU 5           322.002           0.378        0.124        0.147        348835420                   6180977301                  14338553650                 14338819997                 
GPU 6           321.166           0.377        0.123        0.146        354460737                   6014874763                  14838914380                 14838913574                 
GPU 7           304.712           0.382        0.125        0.146        7397626987                  8866497874                  5746335484                  9088671521                  
GPU 0           319.077           0.372        0.101        0.172        3097187380                  13216428382                 10012503176                 3639238464                  
GPU 1           335.305           0.371        0.101        0.171        313023293                   4014828997                  13647254452                 13647481922                 
GPU 2           308.684           0.378        0.106        0.169        290856007                   3750294890                  12218883515                 12219445739                 
GPU 3           300.223           0.380        0.107        0.152        8731918451                  5915011047                  3361288168                  9219005453                  
GPU 4           312.729           0.371        0.116        0.167        2788531282                  12594500663                 9028857448                  3170845012                  
GPU 5           320.738           0.378        0.114        0.159        302342940                   4810940789                  10375282732                 10374140713                 
GPU 6           324.906           0.369        0.104        0.167        302860337                   3812178775                  14776533193                 14776532538                 
GPU 7           310.445           0.373        0.100        0.173        9455498684                  6114032193                  3639021701                  10011870382                 
GPU 0           309.345           0.391        0.110        0.172        2268133061                  12676896995                 8460180159                  2206640236                  
GPU 1           330.755           0.385        0.106        0.172        362098529                   4608389757                  10689034254                 10689035303                 
GPU 2           308.941           0.383        0.106        0.172        315068904                   4011373248                  10890706783                 10889778553                 
GPU 3           294.296           0.377        0.097        0.179        9030697497                  5657898359                  1473400597                  8575960970                  
GPU 4           311.970           0.369        0.088        0.184        1546425663                  14486750926                 8627944715                  615481096                   
GPU 5           321.165           0.371        0.106        0.179        384311267                   5008149397                  9157367069                  9158896906                  
GPU 6           322.807           0.388        0.109        0.173        358903577                   4499331925                  10649691269                 10649691269                 
GPU 7           306.894           0.390        0.109        0.171        8497167790                  5397164437                  2207911370                  8476851626                  
GPU 0           291.827           0.358        0.100        0.159        3502006939                  11918381455                 9882229836                  4585397922                  
GPU 1           312.948           0.348        0.102        0.150        285909144                   4282417630                  15924677105                 15926731505                 
GPU 2           300.575           0.342        0.104        0.140        328426118                   5749452406                  17226569741                 17227670021                 
GPU 3           278.391           0.338        0.112        0.124        8039212835                  10112104770                 8384041397                  10909176001                 
GPU 4           294.630           0.335        0.115        0.118        5906688741                  13239152054                 11078099790                 9106243236                  
GPU 5           305.065           0.342        0.124        0.188        398046018                   5952211663                  21398884858                 21398725003                 
GPU 6           309.149           0.369        0.124        0.187        390072352                   4914213333                  9173735248                  9173735248                  
GPU 7           294.714           0.362        0.098        0.164        8919656541                  5602179294                  3765475454                  9622439037                  
GPU 0           311.227           0.356        0.110        0.144        4188606137                  15235593156                 9998677602                  5655353202                  
GPU 1           333.327           0.362        0.105        0.159        395972020                   6401243676                  13697893759                 13695153732                 
GPU 2           316.785           0.375        0.092        0.186        357876214                   4579676498                  11152050127                 11150454533                 
GPU 3           299.863           0.375        0.095        0.182        9684327664                  5563536699                  2340781511                  9618609216                  
GPU 4           313.341           0.374        0.095        0.180        2445926419                  13936298456                 9605185881                  2340533693                  
GPU 5           323.280           0.377        0.097        0.114        294638739                   4354327796                  12105074920                 12105295039                 
GPU 6           329.487           0.342        0.099        0.115        320462217                   6307795071                  21335908647                 21335908123                 
GPU 7           311.347           0.354        0.116        0.135        8177308764                  11823205944                 7162411863                  10362565700                 
#Entity         POWER             SMACT        TENSO        DRAMA        PCITX                       PCIRX                       NVLTX                       NVLRX                       
ID               W                                                                                                                                                                       
GPU 0           314.247           0.382        0.105        0.174        2582967419                  12786982094                 9144353929                  2765649154                  
GPU 1           331.975           0.382        0.109        0.170        314006978                   4055210678                  12397540132                 12397333846                 
GPU 2           312.805           0.381        0.113        0.162        273928918                   3473990477                  12620953671                 12621174846                 
GPU 3           293.295           0.380        0.115        0.159        7518743020                  5104175709                  2949643425                  7965885832                  
GPU 4           316.527           0.381        0.115        0.158        2540941253                  10682953612                 8027719331                  3010027175                  
GPU 5           321.442           0.387        0.119        0.182        344682861                   3350208809                  9907800364                  9907798268                  
GPU 6           326.404           0.376        0.120        0.179        335850783                   4262434775                  12609275184                 12609276232                 
GPU 7           306.596           0.387        0.110        0.170        8653801166                  5656742568                  3267883285                  9131186143                  
GPU 0           307.967           0.391        0.128        0.149        2801647718                  8927713169                  7580615646                  3773651810                  
GPU 1           327.133           0.387        0.123        0.155        235000608                   3210669551                  11667897911                 11667902628                 
GPU 2           313.219           0.393        0.123        0.159        219390465                   2854053527                  11750274935                 11750275459                 
GPU 3           296.248           0.389        0.117        0.163        8224321599                  5683928599                  4112478664                  9145771497                  
GPU 4           316.527           0.381        0.115        0.155        3784158140                  10677807078                 9478682887                  5275753627                  
GPU 5           320.776           0.387        0.119        0.160        261612019                   3509502529                  14214596625                 14214456331                 
GPU 6           326.404           0.376        0.120        0.160        312093678                   4518418054                  13631168699                 13631766425                 
GPU 7           308.826           0.384        0.110        0.168        7910400702                  4399020569                  5541838397                  9546626927                  
GPU 0           309.788           0.373        0.116        0.154        3593618627                  11911125437                 9015044968                  4844448697                  
GPU 1           332.548           0.362        0.111        0.152        334831920                   5172403324                  12898598730                 12898821471                 
GPU 2           313.326           0.368        0.114        0.153        291100194                   4561095917                  12871059541                 12871059541                 
GPU 3           296.911           0.371        0.119        0.147        6591397139                  6958423198                  3733617260                  7445524645                  
GPU 4           314.170           0.371        0.114        0.156        1998750877                  12726822561                 6529659661                  1903941042                  
GPU 5           324.165           0.381        0.115        0.161        406004177                   6209801018                  8370759343                  8370964329                  
GPU 6           322.562           0.379        0.106        0.170        373647864                   4938615490                  8696686197                  8695848596                  
GPU 7           309.636           0.382        0.112        0.154        7249686214                  6137933306                  1493831835                  6958136819                  
GPU 0           316.836           0.380        0.107        0.169        1725903797                  12688292560                 7375460488                  1276855875                  
GPU 1           339.125           0.380        0.103        0.173        348607487                   4538018589                  8898981516                  8898978896                  
GPU 2           317.464           0.388        0.110        0.171        266699999                   3427349877                  8918859020                  8918860450                  
GPU 3           299.953           0.385        0.107        0.172        8209676063                  5025782564                  1363119467                  7814595012                  
GPU 4           321.835           0.386        0.108        0.172        1759168471                  12173822311                 7814461983                  1356506590                  
GPU 5           325.817           0.389        0.107        0.177        348730553                   4416442524                  9308957593                  9308734844                  
GPU 6           332.918           0.397        0.120        0.166        292282882                   3695412411                  9274860508                  9274861032                  
GPU 7           313.524           0.397        0.116        0.165        7700668114                  6726973791                  1724698304                  7563852558                  
GPU 0           316.770           0.395        0.120        0.163        1987613676                  11148968580                 7340363118                  1935772715                  
GPU 1           341.128           0.395        0.119        0.165        333605560                   4347547853                  9240903377                  9240685347                  
GPU 2           322.970           0.394        0.115        0.170        296996368                   3803080412                  9280761241                  9280761241                  
GPU 3           304.471           0.386        0.101        0.182        8815106622                  5766112919                  993899742                   8130869570                  
GPU 4           317.754           0.394        0.113        0.172        2372099536                  12130231517                 8363530749                  2475956153                  
GPU 5           328.897           0.399        0.118        0.170        299495859                   3746968615                  12038692691                 12042771223                 
GPU 6           328.649           0.388        0.115        0.165        279106556                   3509292453                  14471522550                 14471522026                 
GPU 7           315.590           0.395        0.117        0.170        8313102471                  4668474830                  4371915797                  9345903215                  
GPU 0           309.290           0.385        0.110        0.168        3199811970                  12232329310                 9630785506                  3969733321                  
GPU 1           328.977           0.381        0.108        0.169        288388714                   3670310016                  13617178844                 13617362289                 
GPU 2           307.970           0.387        0.110        0.170        258785494                   3272630338                  13634978042                 13634977605                 
GPU 3           293.582           0.384        0.111        0.166        8762036390                  5765195331                  4328183542                  9738514765                  
GPU 4           309.919           0.374        0.100        0.172        2842125925                  13412491279                 9741896495                  3137223561                  
GPU 5           320.643           0.371        0.092        0.182        395569250                   4957883100                  11625307147                 11621232307                 
GPU 6           322.436           0.364        0.078        0.194        429842097                   5347556760                  9225919044                  9225919044                  
GPU 7           303.573           0.368        0.083        0.165        10356572703                 5827673211                  604637822                   9358411225                  
GPU 0           309.290           0.385        0.106        0.168        3003060324                  12232329310                 9221698464                  2550558                     
GPU 1           331.029           0.380        0.108        0.169        312352887                   3670310016                  9226052067                  9227282593                  
GPU 2           307.970           0.373        0.093        0.180        355268919                   3272630338                  10382001570                 10381780927                 
GPU 3           295.078           0.373        0.093        0.166        8762036390                  5613486015                  1377713588                  9007805111                  
GPU 4           309.919           0.374        0.100        0.179        1937690611                  14159085175                 9005043218                  1377884416                  
GPU 5           320.643           0.371        0.092        0.182        395569250                   4494933960                  11150223856                 11152046278                 
GPU 6           322.436           0.364        0.078        0.169        314537833                   3964686752                  13380058963                 13379875971                 
GPU 7           303.573           0.380        0.083        0.191        9036384024                  5741502562                  604637822                   9480954984                  
GPU 0           311.905           0.387        0.128        0.145        3645662247                  10739342658                 8187629764                  5159926748                  
GPU 1           333.281           0.385        0.128        0.145        290483390                   4661738320                  13457544452                 13745126935                 
GPU 2           311.595           0.366        0.100        0.166        350221436                   5110268846                  12663484650                 12663704759                 
GPU 3           297.641           0.361        0.101        0.161        8312142555                  7388331122                  3724106862                  8967640540                  
GPU 4           314.545           0.369        0.110        0.155        3369530715                  12286207387                 8825284062                  4414641070                  
GPU 5           321.826           0.372        0.114        0.153        388292518                   5870502369                  12990188240                 12987952822                 
GPU 6           325.652           0.375        0.114        0.155        348919849                   5499370722                  12247221625                 12248267858                 
GPU 7           309.209           0.380        0.121        0.147        6971503889                  7594201969                  4900379814                  8334494392                  
GPU 0           306.445           0.365        0.101        0.162        3514918093                  13135612032                 10190927732                 4445192106                  
GPU 1           322.829           0.357        0.097        0.162        342352806                   4766803567                  14476946734                 13457766664                 
GPU 2           311.224           0.396        0.129        0.152        224858243                   3060093624                  13808747447                 13808513168                 
GPU 3           297.458           0.394        0.125        0.156        7689062349                  6069443830                  4812400540                  8981726900                  
GPU 4           300.359           0.383        0.119        0.152        3864917685                  10500808482                 9586795786                  5459245593                  
GPU 5           309.224           0.380        0.120        0.150        252169875                   3194513399                  16175467111                 16175639267                 
GPU 6           313.075           0.373        0.113        0.155        295890565                   3754422190                  15192033908                 15191519860                 
GPU 7           301.690           0.373        0.110        0.155        8607768982                  6298818262                  5194707250                  9996713672                  
GPU 0           308.542           0.380        0.108        0.165        2163911939                  12764055909                 7718945035                  2139607190                  
GPU 1           333.159           0.383        0.111        0.166        330411620                   4841915821                  10001497851                 14476946734                 
GPU 2           319.392           0.356        0.100        0.156        358592346                   5640687419                  14163115984                 14163351304                 
GPU 3           300.854           0.353        0.099        0.155        8516821421                  8298885912                  4611010122                  9551848047                  
GPU 4           317.779           0.353        0.091        0.165        2697198533                  16061325249                 8946747206                  2725593586                  
GPU 5           327.163           0.369        0.097        0.172        447796952                   6944911976                  9267916241                  9267678081                  
GPU 6           324.207           0.372        0.099        0.172        412416069                   6367149535                  9441489184                  9441489708                  
GPU 7           310.913           0.375        0.099        0.175        8391301734                  7259676728                  1422266434                  7941810530                  
GPU 0           313.730           0.395        0.114        0.169        2521219610                  11722285555                 8694723983                  2795544996                  
GPU 1           335.273           0.388        0.111        0.169        293418990                   3598941201                  11391509362                 10001496278                 
GPU 2           313.303           0.406        0.128        0.161        193310400                   2415414108                  11540232651                 11540231778                 
GPU 3           303.997           0.402        0.127        0.160        7411656368                  4887832343                  3567422189                  8184575501                  
GPU 4           319.093           0.403        0.127        0.158        2784900091                  9823063800                  8185054484                  3567203795                  
GPU 5           330.100           0.408        0.128        0.162        244980763                   2997981865                  12052185758                 12052400642                 
GPU 6           330.332           0.401        0.122        0.164        265759271                   3228385689                  11868645802                 11868644754                 
GPU 7           309.648           0.407        0.126        0.163        7701748722                  4897061471                  3512746572                  8427329166                  
GPU 0           313.730           0.395        0.101        0.169        1872980409                  11722285555                 8694723983                  2795544996                  
GPU 1           332.409           0.375        0.111        0.169        314590664                   3598941201                  11391509362                 11391510410                 
GPU 2           313.303           0.376        0.128        0.177        305607709                   2415414108                  9687201547                  9686908087                  
GPU 3           303.997           0.369        0.095        0.160        7411656368                  4882583699                  840280862                   7885652685                  
GPU 4           319.093           0.403        0.127        0.175        2784900091                  13016628175                 7901958650                  3567203795                  
GPU 5           330.100           0.408        0.128        0.162        244980763                   4619064791                  8790476927                  8790475879                  
GPU 6           330.332           0.401        0.122        0.173        289750034                   3228385689                  9482580469                  9484535786                  
GPU 7           309.648           0.381        0.126        0.163        8267319306                  4897061471                  3512746572                  8084694702                  
GPU 0           310.109           0.372        0.088        0.188        1420548362                  14543748633                 8550403850                  372131030                   
GPU 1           327.610           0.365        0.087        0.184        398733515                   5015164705                  8907862220                  8907862220                  
GPU 2           310.909           0.368        0.086        0.188        397523445                   5046933519                  8921677062                  9982179988                  
GPU 3           293.610           0.375        0.093        0.181        9572350775                  4866558502                  1366820337                  9069042997                  
GPU 4           316.473           0.375        0.094        0.179        1916269581                  13904438488                 9072389147                  1366811724                  
GPU 5           324.022           0.380        0.095        0.183        349654657                   4315892785                  10434155956                 10434157528                 
GPU 6           325.138           0.373        0.093        0.183        361758129                   4489999909                  9481892612                  9479880588                  
GPU 7           312.662           0.371        0.088        0.186        9437559731                  5199415494                  464505215                   8481624224                  
GPU 0           309.374           0.372        0.079        0.197        1184658201                  14313135930                 8097300653                  2659231                     
GPU 1           330.974           0.364        0.078        0.195        417412599                   5441384061                  8502410318                  8502411366                  
GPU 2           311.804           0.368        0.078        0.196        379370044                   4954022723                  8087819315                  8921910813                  
GPU 3           297.181           0.367        0.086        0.188        9565117157                  5384900949                  372094793                   8533582371                  
GPU 4           312.953           0.367        0.086        0.187        1439834176                  14818828862                 8513727322                  372107860                   
GPU 5           326.685           0.369        0.086        0.190        429331788                   5392191904                  8799603582                  8799603582                  
GPU 6           326.725           0.367        0.079        0.197        439011297                   5720048582                  8721185843                  8721078646                  
GPU 7           310.516           0.371        0.080        0.198        9898338645                  5696252831                  2561791                     8650930712                  
#Entity         POWER             SMACT        TENSO        DRAMA        PCITX                       PCIRX                       NVLTX                       NVLRX                       
ID               W                                                                                                                                                                       
GPU 0           280.629           0.363        0.040        0.192        967835699                   11955396819                 5893910903                  3940154                     
GPU 1           303.401           0.372        0.054        0.200        338738058                   4648561599                  6706205204                  6706202584                  
GPU 2           281.619           0.361        0.039        0.191        308588219                   4279634436                  5857230384                  8087819315                  
GPU 3           266.893           0.368        0.077        0.197        9127773346                  5008110899                  2684606                     7994696649                  
GPU 4           283.885           0.370        0.075        0.196        1190677986                  14368414724                 7824339888                  2744236                     
GPU 5           296.554           0.372        0.071        0.199        398332592                   5399807854                  7563374545                  7563248190                  
GPU 6           295.362           0.368        0.059        0.197        363138721                   4912698313                  7061171495                  7061365993                  
GPU 7           274.261           0.371        0.055        0.198        7745807475                  4549709749                  3356070                     6767755641                  
GPU 0           205.795           0.230        0.020        0.119        538464684                   6385451020                  2527783724                  2902917                     
GPU 1           225.788           0.326        0.028        0.167        336889033                   4226996343                  3808343170                  3808343694                  
GPU 2           211.917           0.224        0.019        0.116        232941480                   2879706724                  2471837033                  5857230384                  
GPU 3           194.005           0.361        0.037        0.191        6440467472                  4576426115                  4124952                     5582997052                  
GPU 4           205.252           0.359        0.036        0.188        941881979                   11610241184                 5283560371                  4283580                     
GPU 5           219.330           0.363        0.035        0.190        323788136                   4281254788                  4984502857                  4984572297                  
GPU 6           219.910           0.350        0.032        0.181        346505177                   4401028348                  4412352370                  4412341412                  
GPU 7           200.001           0.336        0.029        0.171        4665818944                  4403985451                  4330234                     3953159384                  
