#Entity         POWER             SMACT        TENSO        DRAMA        PCITX                       PCIRX                       NVLTX                       NVLRX                       
ID               W                                                                                                                                                                       
GPU 0           100.822           N/A          N/A          N/A          N/A                         N/A                         N/A                         N/A                         
GPU 1           103.440           N/A          N/A          N/A          N/A                         N/A                         N/A                         N/A                         
GPU 2           102.623           N/A          N/A          N/A          N/A                         N/A                         N/A                         N/A                         
GPU 3           101.298           N/A          N/A          N/A          N/A                         N/A                         N/A                         N/A                         
GPU 4           100.869           N/A          N/A          N/A          N/A                         N/A                         N/A                         N/A                         
GPU 5           104.321           N/A          N/A          N/A          N/A                         N/A                         N/A                         N/A                         
GPU 6           105.024           N/A          N/A          N/A          N/A                         N/A                         N/A                         N/A                         
GPU 7           105.663           N/A          N/A          N/A          N/A                         N/A                         N/A                         N/A                         
GPU 0           100.761           0.000        0.000        0.000        520482                      310821                      0                           0                           
GPU 1           103.148           0.000        0.000        0.000        546873                      341286                      0                           0                           
GPU 2           102.579           0.000        0.000        0.000        508958                      307157                      0                           0                           
GPU 3           101.270           0.000        0.000        0.000        2812989                     2303972                     0                           0                           
GPU 4           100.727           0.000        0.000        0.000        538830                      323927                      0                           0                           
GPU 5           104.234           0.000        0.000        0.000        1624207                     1261001                     0                           0                           
GPU 6           105.016           0.000        0.000        0.000        2096589                     1658402                     0                           0                           
GPU 7           105.619           0.000        0.000        0.000        1569935                     1215586                     0                           0                           
GPU 0           100.761           0.000        0.000        0.000        3978151                     310821                      0                           0                           
GPU 1           103.297           0.000        0.000        0.000        3807420                     341286                      0                           0                           
GPU 2           102.579           0.000        0.000        0.000        3644807                     307157                      0                           0                           
GPU 3           101.270           0.000        0.000        0.000        2812989                     2817066                     0                           0                           
GPU 4           100.727           0.000        0.000        0.000        538830                      3325747                     0                           0                           
GPU 5           104.234           0.000        0.000        0.000        1624207                     3305011                     0                           0                           
GPU 6           105.016           0.000        0.000        0.000        3939964                     1658402                     0                           0                           
GPU 7           105.619           0.000        0.000        0.000        4107808                     1215586                     0                           0                           
GPU 0           100.714           0.000        0.000        0.000        4497596                     3686522                     0                           0                           
GPU 1           103.434           0.000        0.000        0.000        7177156                     5972068                     0                           0                           
GPU 2           102.532           0.000        0.000        0.000        4213515                     3458757                     0                           0                           
GPU 3           101.178           0.000        0.000        0.000        6012239                     4988227                     0                           0                           
GPU 4           100.737           0.000        0.000        0.000        4094678                     3357982                     0                           0                           
GPU 5           104.074           0.000        0.000        0.000        3006160                     2431658                     0                           0                           
GPU 6           104.970           0.000        0.000        0.000        6658831                     5556402                     0                           0                           
GPU 7           105.569           0.000        0.000        0.000        860930                      594483                      0                           0                           
GPU 0           100.653           0.000        0.000        0.000        6704400                     3778557                     0                           0                           
GPU 1           103.434           0.000        0.000        0.000        7177156                     4783400                     0                           0                           
GPU 2           102.350           0.000        0.000        0.000        4994532                     4112802                     0                           0                           
GPU 3           101.140           0.000        0.000        0.000        6105734                     4988227                     0                           0                           
GPU 4           100.737           0.000        0.000        0.000        4372098                     3668964                     0                           0                           
GPU 5           104.074           0.000        0.000        0.000        3006160                     5817559                     0                           0                           
GPU 6           104.970           0.000        0.000        0.000        6658831                     4332854                     0                           0                           
GPU 7           105.514           0.000        0.000        0.000        5038870                     594483                      0                           0                           
GPU 0           100.580           0.000        0.000        0.000        4326303                     3534414                     0                           0                           
GPU 1           103.170           0.000        0.000        0.000        4228194                     3460337                     0                           0                           
GPU 2           102.295           0.000        0.000        0.000        7476784                     6235656                     0                           0                           
GPU 3           101.055           0.000        0.000        0.000        4198465                     3441588                     0                           0                           
GPU 4           100.632           0.000        0.000        0.000        7902850                     6709101                     0                           0                           
GPU 5           104.031           0.000        0.000        0.000        4954141                     4160773                     0                           0                           
GPU 6           104.819           0.000        0.000        0.000        5876814                     4945917                     0                           0                           
GPU 7           105.496           0.000        0.000        0.000        6517809                     5523234                     0                           0                           
GPU 0           100.534           0.000        0.000        0.000        4151809                     3460976                     0                           0                           
GPU 1           103.190           0.000        0.000        0.000        4102599                     3423288                     0                           0                           
GPU 2           102.200           0.000        0.000        0.000        3833110                     3159577                     0                           0                           
GPU 3           100.820           0.000        0.000        0.000        4061965                     3395278                     0                           0                           
GPU 4           100.612           0.000        0.000        0.000        4139301                     3398231                     0                           0                           
GPU 5           103.987           0.000        0.000        0.000        4418575                     3663801                     0                           0                           
GPU 6           104.742           0.000        0.000        0.000        4140167                     3435814                     0                           0                           
GPU 7           105.495           0.000        0.000        0.000        4290231                     3513953                     0                           0                           
GPU 0           100.393           0.000        0.000        0.000        4151809                     2423192                     0                           0                           
GPU 1           103.190           0.000        0.000        0.000        4102599                     2431976                     0                           0                           
GPU 2           102.180           0.000        0.000        0.000        547340                      341796                      0                           0                           
GPU 3           100.909           0.000        0.000        0.000        2924335                     3395278                     0                           0                           
GPU 4           100.633           0.000        0.000        0.000        500577                      296152                      0                           0                           
GPU 5           103.969           0.000        0.000        0.000        2871341                     2380229                     0                           0                           
GPU 6           104.603           0.000        0.000        0.000        4140167                     788807                      0                           0                           
GPU 7           105.394           0.000        0.000        0.000        751280                      3513953                     0                           0                           
GPU 0           100.394           0.000        0.000        0.000        2994114                     2423192                     0                           0                           
GPU 1           103.120           0.000        0.000        0.000        2993201                     2835786                     0                           0                           
GPU 2           102.180           0.000        0.000        0.000        3818946                     3033979                     0                           0                           
GPU 3           100.748           0.000        0.000        0.000        2401008                     2367127                     0                           0                           
GPU 4           100.633           0.000        0.000        0.000        3483678                     3510034                     0                           0                           
GPU 5           103.969           0.000        0.000        0.000        2871341                     2287428                     0                           0                           
GPU 6           104.603           0.000        0.000        0.000        1107213                     2817535                     0                           0                           
GPU 7           105.362           0.000        0.000        0.000        4583610                     473481                      0                           0                           
GPU 0           100.414           0.000        0.000        0.000        3436154                     4872568                     0                           0                           
GPU 1           103.189           0.000        0.000        0.000        3475195                     3503156                     0                           0                           
GPU 2           102.128           0.000        0.000        0.000        3729156                     3461362                     0                           0                           
GPU 3           100.788           0.000        0.000        0.000        6773389                     1897421                     0                           0                           
GPU 4           100.658           0.000        0.000        0.000        4883924                     2857560                     0                           0                           
GPU 5           103.867           0.000        0.000        0.000        3653996                     3009616                     0                           0                           
GPU 6           104.567           0.000        0.000        0.000        5342536                     4449096                     0                           0                           
GPU 7           105.280           0.000        0.000        0.000        4642777                     3825503                     0                           0                           
GPU 0           100.368           0.000        0.000        0.000        5857958                     315015                      0                           0                           
GPU 1           103.032           0.000        0.000        0.000        4193304                     2242637                     0                           0                           
GPU 2           102.106           0.000        0.000        0.000        4130678                     2385269                     0                           0                           
GPU 3           100.857           0.000        0.000        0.000        279374                      5689044                     0                           0                           
GPU 4           100.658           0.000        0.000        0.000        708543                      4063434                     0                           0                           
GPU 5           103.867           0.000        0.000        0.000        4212397                     3471019                     0                           0                           
GPU 6           104.567           0.000        0.000        0.000        2090841                     1666802                     0                           0                           
GPU 7           105.290           0.000        0.000        0.000        2673400                     2167675                     0                           0                           
GPU 0           100.301           0.000        0.000        0.000        519435                      3296310                     0                           0                           
GPU 1           103.140           0.000        0.000        0.000        2774655                     311348                      0                           0                           
GPU 2           102.116           0.000        0.000        0.000        2940058                     393781                      0                           0                           
GPU 3           100.861           0.000        0.000        0.000        4080567                     95920                       0                           0                           
GPU 4           100.496           0.000        0.000        0.000        4226976                     442184                      0                           0                           
GPU 5           103.686           0.000        0.000        0.000        1654717                     1944102                     0                           0                           
GPU 6           104.510           0.000        0.000        0.000        3947327                     3226105                     0                           0                           
GPU 7           105.176           0.000        0.000        0.000        2794037                     2206546                     0                           0                           
GPU 0           100.336           0.000        0.000        0.000        3991842                     161963                      0                           0                           
GPU 1           103.065           0.000        0.000        0.000        515245                      3348310                     0                           0                           
GPU 2           102.114           0.000        0.000        0.000        601483                      2831797                     0                           0                           
GPU 3           100.840           0.000        0.000        0.000        660890                      3392348                     0                           0                           
GPU 4           100.496           0.000        0.000        0.000        2372024                     3488508                     0                           0                           
GPU 5           103.686           0.000        0.000        0.000        1654717                     1276286                     0                           0                           
GPU 6           104.510           0.000        0.000        0.000        472252                      261023                      0                           0                           
GPU 7           105.214           0.000        0.000        0.000        1638081                     1261191                     0                           0                           
GPU 0           100.294           0.000        0.000        0.000        353803                      3408014                     0                           0                           
GPU 1           102.958           0.000        0.000        0.000        4040196                     99063                       0                           0                           
GPU 2           102.075           0.000        0.000        0.000        3454573                     314493                      0                           0                           
GPU 3           100.847           0.000        0.000        0.000        3928299                     407398                      0                           0                           
GPU 4           100.397           0.000        0.000        0.000        2135417                     1863202                     0                           0                           
GPU 5           103.546           0.000        0.000        0.000        4069101                     3319019                     0                           0                           
GPU 6           104.462           0.000        0.000        0.000        4099852                     3388064                     0                           0                           
GPU 7           105.128           0.000        0.000        0.000        4146077                     3376615                     0                           0                           
GPU 0           105.552           0.000        0.000        0.000        3370309                     2779326                     0                           0                           
GPU 1           102.982           0.000        0.012        0.009        287231                      5967944                     0                           0                           
GPU 2           117.419           0.000        0.000        0.000        516292                      3527545                     0                           0                           
GPU 3           100.766           0.000        0.000        0.000        3120178                     3270767                     0                           0                           
GPU 4           105.049           0.000        0.000        0.000        3835242                     1699029                     0                           0                           
GPU 5           105.620           0.006        0.002        0.002        4178501                     257358                      0                           0                           
GPU 6           125.282           0.000        0.000        0.000        264419                      66223                       0                           0                           
GPU 7           112.653           0.000        0.007        0.000        473313                      258409                      433039574                   0                           
#Entity         POWER             SMACT        TENSO        DRAMA        PCITX                       PCIRX                       NVLTX                       NVLRX                       
ID               W                                                                                                                                                                       
GPU 0           105.552           0.000        0.037        0.000        1333154843                  2779326                     0                           0                           
GPU 1           168.750           0.030        0.012        0.009        4527587                     5967944                     1453967131                  1454156872                  
GPU 2           117.419           0.000        0.044        0.000        4186928                     3527545                     0                           0                           
GPU 3           185.836           0.000        0.038        0.000        3120178                     2565999                     0                           0                           
GPU 4           105.049           0.000        0.000        0.000        1432935701                  3185814                     0                           1950793805                  
GPU 5           105.620           0.006        0.002        0.002        4178501                     4056374                     309395672                   309394099                   
GPU 6           125.282           0.000        0.000        0.024        15377425                    126755432                   3522367415                  3524226986                  
GPU 7           112.653           0.018        0.007        0.005        260956655                   241544690                   433039574                   433040098                   
GPU 0           220.739           0.107        0.021        0.035        631505493                   1749297703                  2329999592                  2165885480                  
GPU 1           238.756           0.304        0.036        0.137        288704578                   3938398407                  4540832748                  4540651061                  
GPU 2           223.275           0.279        0.022        0.120        253545031                   3144408713                  5498791170                  5498763537                  
GPU 3           212.717           0.172        0.022        0.066        2279215567                  2393909614                  1950498502                  2871471807                  
GPU 4           220.694           0.198        0.040        0.079        648696941                   4334632238                  3117533595                  4215785                     
GPU 5           233.851           0.312        0.042        0.139        289624135                   3521007795                  5154301403                  5154286487                  
GPU 6           235.507           0.294        0.025        0.138        312193099                   3820484544                  3371032589                  3369511376                  
GPU 7           217.077           0.310        0.040        0.138        3699043317                  4284597697                  1266967279                  3695199962                  
GPU 0           239.996           0.293        0.020        0.141        563866288                   7459846139                  2786886590                  4281760                     
GPU 1           227.416           0.292        0.021        0.142        318518071                   1745192570                  2643477055                  2643499984                  
GPU 2           209.910           0.299        0.065        0.147        355900146                   4425202802                  2741587500                  2741620692                  
GPU 3           206.496           0.297        0.038        0.145        3329709402                  3925597971                  4217957                     2748350751                  
GPU 4           206.742           0.297        0.022        0.145        1076950069                  7742075989                  2747409268                  1038163110                  
GPU 5           219.840           0.254        0.021        0.123        299875807                   3698059327                  2312574982                  2312595946                  
GPU 6           219.051           0.259        0.019        0.126        297195698                   3643149643                  2288006566                  2288007614                  
GPU 7           210.678           0.270        0.020        0.132        2868514501                  3826956238                  3468509                     2341847692                  
GPU 0           278.442           0.267        0.096        0.130        4265678404                  6723758463                  2325013894                  3441273                     
GPU 1           288.413           0.286        0.074        0.108        144934178                   1674704618                  10064583784                 10064593741                 
GPU 2           257.402           0.290        0.125        0.115        197596796                   2420919725                  8572171594                  8572171594                  
GPU 3           262.249           0.268        0.102        0.118        2630101748                  3539803518                  618452428                   2445783904                  
GPU 4           252.023           0.273        0.040        0.120        7674575990                  6096731000                  2896022757                  12811977859                 
GPU 5           264.138           0.341        0.102        0.122        128352849                   1522485682                  16035667002                 16035665954                 
GPU 6           282.665           0.328        0.097        0.118        120987970                   1426955574                  14943408922                 14945593285                 
GPU 7           251.306           0.324        0.095        0.114        5098780783                  5026228379                  6744780255                  7643709729                  
GPU 0           281.037           0.325        0.125        0.115        7880969989                  6246056629                  7703667706                  6818636356                  
GPU 1           307.020           0.331        0.122        0.107        82198502                    30696778                    26250366325                 26250366849                 
GPU 2           286.828           0.334        0.129        0.106        92452590                    1895104492                  26250201777                 26250200466                 
GPU 3           272.825           0.331        0.123        0.116        6585684270                  6571588700                  9724142868                  10354831272                 
GPU 4           281.285           0.345        0.129        0.107        7915260390                  8196180995                  12826551070                 13268414799                 
GPU 5           294.141           0.337        0.125        0.108        77643158                    1588819257                  26474656330                 26476831057                 
GPU 6           297.443           0.335        0.124        0.108        80406006                    1632156280                  26300856059                 26298619064                 
GPU 7           280.815           0.339        0.125        0.106        7894896180                  8779537125                  13147064268                 13138980720                 
GPU 0           288.340           0.339        0.129        0.106        7907793917                  8665556021                  13163696625                 13147217989                 
GPU 1           310.562           0.338        0.127        0.109        8645557                     32266783                    26642753637                 26645024596                 
GPU 2           293.183           0.345        0.136        0.109        8542652                     31197428                    26627441075                 26627442504                 
GPU 3           277.972           0.334        0.132        0.105        7943583793                  8360926088                  13208104625                 13251261930                 
GPU 4           291.053           0.337        0.126        0.106        7944786826                  7808368342                  13335449766                 13356900753                 
GPU 5           302.890           0.350        0.132        0.110        8645516                     28759351                    26502735085                 26500561523                 
GPU 6           303.918           0.341        0.128        0.109        8475074                     28600298                    26620038886                 26623084002                 
GPU 7           284.518           0.347        0.132        0.107        7964563576                  7284029698                  13269817512                 13340594792                 
GPU 0           292.981           0.351        0.136        0.105        7772546126                  7277785033                  13140831983                 13058409686                 
GPU 1           312.857           0.347        0.133        0.109        5812051                     28164634                    26937172803                 26934396646                 
GPU 2           298.061           0.355        0.140        0.110        5767335                     30252828                    26792054287                 26795702635                 
GPU 3           281.277           0.351        0.136        0.104        7796301605                  7130142774                  12982229995                 13038521297                 
GPU 4           288.511           0.345        0.135        0.103        7651510868                  7176162484                  12951642040                 12851000707                 
GPU 5           300.043           0.348        0.135        0.107        6915893                     28816660                    26134718696                 26141585125                 
GPU 6           304.506           0.345        0.133        0.107        6192351                     31447624                    26360482455                 26360347700                 
GPU 7           286.968           0.345        0.132        0.105        7922537686                  7247511122                  13171932708                 13260172742                 
GPU 0           301.283           0.360        0.147        0.104        7525694889                  7034546260                  12731425082                 12650490407                 
GPU 1           325.717           0.348        0.136        0.105        8204487                     21446016                    25455766830                 25462898523                 
GPU 2           309.390           0.356        0.152        0.105        7831162                     27641771                    25564992731                 25567336001                 
GPU 3           287.770           0.358        0.145        0.104        7581767835                  6954901878                  12638314699                 12722262175                 
GPU 4           308.395           0.364        0.150        0.104        7473954062                  6980407583                  12638834259                 12568772918                 
GPU 5           319.188           0.371        0.153        0.107        4360901                     24586151                    25238099824                 25227112136                 
GPU 6           313.783           0.363        0.146        0.106        6904696                     24275906                    25176694915                 25183225787                 
GPU 7           289.624           0.352        0.140        0.104        7701941599                  7016393226                  12776492338                 12868731619                 
GPU 0           326.763           0.376        0.162        0.105        7365537023                  6835745747                  12409087732                 12382966688                 
GPU 1           334.849           0.365        0.152        0.106        3625173                     27635950                    25037765691                 25031987006                 
GPU 2           316.411           0.369        0.166        0.106        4318323                     24225904                    25153783183                 25147789733                 
GPU 3           304.191           0.380        0.163        0.106        7391575035                  6806951747                  12396254093                 12409563023                 
GPU 4           316.546           0.388        0.168        0.107        7397445637                  6845924377                  12444380151                 12436381341                 
GPU 5           326.967           0.389        0.169        0.109        7558720                     26309818                    24912866460                 24912868556                 
GPU 6           333.538           0.381        0.163        0.107        5832814                     24767187                    24959224417                 24951330608                 
GPU 7           308.802           0.370        0.155        0.104        7489313452                  6876547587                  12498620427                 12565085372                 
GPU 0           326.763           0.382        0.165        0.107        7485614941                  7249162173                  12581373162                 12553004593                 
GPU 1           332.985           0.384        0.167        0.108        7992046                     27635950                    24923642747                 24922288989                 
GPU 2           320.128           0.384        0.158        0.108        8054861                     28249138                    24985613298                 24986770431                 
GPU 3           302.253           0.376        0.161        0.106        7563403982                  7254955067                  12607702796                 12656003381                 
GPU 4           317.043           0.380        0.162        0.107        7528088101                  7367875154                  12673513483                 12619728479                 
GPU 5           327.811           0.383        0.163        0.110        26113207                    406780922                   25299602201                 25299599580                 
GPU 6           328.753           0.390        0.173        0.110        28206431                    407158615                   25037764791                 25037765374                 
GPU 7           315.061           0.389        0.171        0.107        7347645657                  6759315868                  12314551542                 12322771635                 
GPU 0           262.347           0.341        0.120        0.114        4900396868                  6344320765                  8264879410                  7991247703                  
GPU 1           293.558           0.370        0.150        0.112        73049639                    2760935700                  23783368390                 23783369197                 
GPU 2           281.416           0.381        0.103        0.111        36507984                    580335308                   25054902013                 25054707652                 
GPU 3           261.323           0.333        0.115        0.114        4801551064                  5849488677                  7284867428                  7588966611                  
GPU 4           277.140           0.332        0.113        0.117        4079237458                  6954132802                  6752888482                  6411390037                  
GPU 5           288.890           0.329        0.111        0.117        169933074                   2095624798                  13039921007                 13039921007                 
GPU 6           293.112           0.351        0.129        0.114        88133984                    1239035539                  19858426453                 19858426453                 
GPU 7           292.834           0.362        0.140        0.111        6531140375                  6929826647                  10628625864                 10770404794                 
GPU 0           262.347           0.305        0.120        0.121        4900396868                  5133582370                  8264879410                  7991247703                  
GPU 1           293.558           0.370        0.091        0.121        73049639                    2760935700                  23783368390                 23783369197                 
GPU 2           266.149           0.381        0.103        0.111        36507984                    3227322773                  25054902013                 25054707652                 
GPU 3           261.323           0.333        0.115        0.114        2473946008                  5849488677                  7284867428                  7588966611                  
GPU 4           277.140           0.332        0.113        0.117        4079237458                  6954132802                  6752888482                  6411390037                  
GPU 5           288.890           0.329        0.111        0.117        169933074                   2095624798                  13039921007                 13039921007                 
GPU 6           293.112           0.302        0.129        0.114        88133984                    1239035539                  19858426453                 19858426453                 
GPU 7           254.954           0.362        0.140        0.111        6531140375                  6929826647                  2899727522                  10770404794                 
GPU 0           262.820           0.314        0.092        0.125        1986126675                  4711261954                  3316682011                  2857525788                  
GPU 1           284.833           0.309        0.094        0.125        247718975                   2692118835                  6161203252                  6160278810                  
GPU 2           269.166           0.309        0.093        0.123        288040260                   3280996752                  6143318705                  6143320016                  
GPU 3           247.643           0.313        0.091        0.126        2481603977                  4387725088                  2849971380                  3338342686                  
GPU 4           265.116           0.312        0.096        0.123        2128910402                  6302100018                  3338530824                  2877020122                  
GPU 5           278.822           0.312        0.096        0.125        265068443                   2982146829                  6190011925                  6190395075                  
GPU 6           282.956           0.314        0.096        0.120        260385108                   3014245132                  6206187945                  6206187421                  
GPU 7           260.959           0.312        0.096        0.124        2566747843                  4469004635                  2868701788                  3319527545                  
GPU 0           267.440           0.317        0.097        0.127        2024015173                  5183361992                  3299367491                  2855395449                  
GPU 1           287.479           0.309        0.094        0.125        252521379                   2793819461                  6184500158                  6184499109                  
GPU 2           269.640           0.318        0.097        0.127        294828761                   3305923908                  6185366698                  6185365650                  
GPU 3           255.030           0.314        0.096        0.126        2456232220                  4518575401                  2853470678                  3305204901                  
GPU 4           266.231           0.315        0.097        0.126        2113787011                  6243107622                  3306472784                  2855634397                  
GPU 5           278.769           0.312        0.096        0.125        266418725                   2954822428                  6162595787                  6161926485                  
GPU 6           284.716           0.315        0.097        0.126        277998306                   3137352618                  6154380677                  6154381630                  
GPU 7           265.549           0.316        0.097        0.126        2474794939                  4798089812                  2853779131                  3303683668                  
#Entity         POWER             SMACT        TENSO        DRAMA        PCITX                       PCIRX                       NVLTX                       NVLRX                       
ID               W                                                                                                                                                                       
GPU 0           267.440           0.314        0.097        0.125        2024015173                  4760842255                  3299367491                  2855395449                  
GPU 1           287.479           0.309        0.095        0.126        252521379                   2793819461                  6184500158                  6184499109                  
GPU 2           269.640           0.318        0.097        0.127        294828761                   3273509830                  6185366698                  6185365650                  
GPU 3           255.030           0.314        0.096        0.126        2436716932                  4518575401                  2853470678                  3305204901                  
GPU 4           266.231           0.315        0.097        0.126        2113787011                  6243107622                  3306472784                  2855634397                  
GPU 5           278.769           0.312        0.096        0.125        266418725                   2954822428                  6162595787                  6161926485                  
GPU 6           284.716           0.315        0.097        0.126        277998306                   3137352618                  6154380677                  6154381630                  
GPU 7           265.544           0.316        0.097        0.126        2474794939                  4798089812                  2855445879                  3303683668                  
GPU 0           268.741           0.319        0.096        0.127        1988368228                  5162926750                  3359510113                  2859648592                  
GPU 1           287.661           0.311        0.094        0.125        246151949                   2756566384                  6155246287                  6155245811                  
GPU 2           271.026           0.317        0.097        0.127        289206477                   3312139519                  6168368733                  6168368733                  
GPU 3           256.199           0.314        0.096        0.126        2497831019                  4314904939                  2855556498                  3306296189                  
GPU 4           269.231           0.316        0.097        0.126        2113468056                  6301846056                  3313687578                  2851288967                  
GPU 5           284.712           0.315        0.097        0.127        270612887                   3020580459                  6172702178                  6172702178                  
GPU 6           283.931           0.318        0.098        0.128        284305804                   3184975127                  6158149380                  6158504480                  
GPU 7           269.099           0.320        0.099        0.128        2486649123                  4812227895                  2846704363                  3309061560                  
GPU 0           269.175           0.319        0.098        0.128        2015774458                  4839445917                  3293857684                  2842133850                  
GPU 1           285.575           0.308        0.096        0.127        256264075                   2838205001                  6154721274                  6154721856                  
GPU 2           273.013           0.320        0.098        0.128        296035723                   3300013805                  6135472676                  6136245070                  
GPU 3           256.516           0.313        0.095        0.128        2424301924                  4595466960                  2842437187                  3330926176                  
GPU 4           269.962           0.318        0.098        0.127        2116960550                  6361010556                  3304285772                  2845110840                  
GPU 5           284.481           0.319        0.099        0.129        251789314                   2815875601                  6149491186                  6149490604                  
GPU 6           283.929           0.320        0.099        0.129        252047636                   2801311896                  6144132214                  6143891633                  
GPU 7           268.818           0.321        0.099        0.129        2447438930                  4489324482                  2846970954                  3296840436                  
GPU 0           270.882           0.320        0.098        0.128        1988883110                  5062541240                  3297801251                  2847931295                  
GPU 1           291.650           0.313        0.096        0.128        247180634                   2735897992                  6148559420                  6148559857                  
GPU 2           272.467           0.321        0.098        0.129        291597561                   3309830350                  6161164568                  6160521193                  
GPU 3           258.550           0.317        0.097        0.128        2468292624                  4300953985                  2845326582                  3289326486                  
GPU 4           271.291           0.319        0.098        0.128        2110550044                  6327233738                  3311892688                  2838745468                  
GPU 5           284.407           0.318        0.098        0.128        279084552                   3104524065                  6130455550                  6131311896                  
GPU 6           288.438           0.321        0.099        0.129        294948251                   3291409148                  6151049285                  6151649409                  
GPU 7           268.366           0.322        0.100        0.129        2477859538                  4883846020                  2837514118                  3289247864                  
GPU 0           268.613           0.320        0.099        0.128        1988643514                  4906616233                  3316216073                  2833220281                  
GPU 1           290.079           0.315        0.096        0.127        256725557                   2884619990                  6117074250                  6117074774                  
GPU 2           272.080           0.321        0.099        0.129        296114186                   3331121810                  6140372963                  6140373770                  
GPU 3           258.646           0.317        0.097        0.128        2433633162                  4132558237                  2839915271                  3311304909                  
GPU 4           274.455           0.320        0.099        0.129        2104779818                  6342003576                  3297282067                  2831181924                  
GPU 5           285.917           0.320        0.099        0.129        260368262                   2923152118                  6117926156                  6117070247                  
GPU 6           289.344           0.322        0.100        0.130        251748654                   2819732926                  6120137477                  6119461341                  
GPU 7           268.509           0.322        0.099        0.129        2474511523                  4489981112                  2834173979                  3316548272                  
GPU 0           271.719           0.319        0.099        0.128        2011919047                  5239119076                  3283378476                  2831676005                  
GPU 1           293.280           0.313        0.097        0.129        242577045                   2674978446                  6167348819                  6167507098                  
GPU 2           275.407           0.321        0.098        0.129        291819551                   3303201066                  6110404759                  6110505916                  
GPU 3           259.520           0.320        0.098        0.129        2486566155                  4817448104                  2827391383                  3295125889                  
GPU 4           271.865           0.320        0.099        0.129        2111631359                  6281600079                  3295064845                  2845182760                  
GPU 5           285.653           0.318        0.098        0.129        270874597                   3007547905                  6161124246                  6161253707                  
GPU 6           289.870           0.322        0.100        0.130        300203886                   3352970080                  6136533525                  6136487521                  
GPU 7           268.873           0.321        0.099        0.129        2461252265                  5087547800                  2834388986                  3258208318                  
GPU 0           277.108           0.323        0.100        0.130        1978858664                  4801094701                  3279630284                  2828864209                  
GPU 1           295.018           0.317        0.097        0.128        267146831                   3013684869                  6103942703                  6103782840                  
GPU 2           273.338           0.322        0.099        0.130        297466525                   3329981940                  6135330350                  6135229199                  
GPU 3           258.698           0.321        0.099        0.129        2417525601                  4209333026                  2828989211                  3280091176                  
GPU 4           271.160           0.319        0.099        0.129        2101401886                  6366651948                  3301312420                  2822300884                  
GPU 5           287.311           0.318        0.100        0.130        266832264                   2985517046                  6095945601                  6095955646                  
GPU 6           289.203           0.324        0.101        0.131        258623723                   2882411957                  6118225976                  6118225976                  
GPU 7           273.307           0.324        0.101        0.131        2470820765                  4538089890                  2826633559                  3303948645                  
GPU 0           271.448           0.323        0.098        0.130        2003813579                  4801094701                  3281837560                  2831027329                  
GPU 1           290.874           0.313        0.097        0.128        262896504                   2927044764                  6117183960                  6117186580                  
GPU 2           273.338           0.318        0.097        0.128        288239406                   3329981940                  6109185060                  6110037498                  
GPU 3           258.243           0.317        0.097        0.129        2417525601                  4624674153                  2829978058                  3286603253                  
GPU 4           271.160           0.319        0.099        0.127        2101250297                  6270743949                  3264455809                  2830970236                  
GPU 5           287.311           0.318        0.098        0.129        269174549                   3042663216                  6127902604                  6127901651                  
GPU 6           289.203           0.324        0.099        0.129        294778399                   3304215176                  6130841404                  6130841404                  
GPU 7           273.307           0.320        0.099        0.129        2471374619                  4866697734                  2826633559                  3285738208                  
GPU 0           273.696           0.318        0.098        0.127        1983399391                  4872624617                  3315378385                  2827040921                  
GPU 1           292.585           0.315        0.096        0.128        240383834                   2687263644                  6116888470                  6116929592                  
GPU 2           272.499           0.321        0.098        0.129        296489258                   3314063311                  6122378474                  6121687204                  
GPU 3           258.469           0.318        0.097        0.128        2432888012                  4143351936                  2832257458                  3300913040                  
GPU 4           273.237           0.319        0.099        0.129        2102856469                  6296859854                  3296567116                  2834707399                  
GPU 5           288.846           0.319        0.099        0.129        273115982                   2888211842                  6120750028                  6120750028                  
GPU 6           290.007           0.322        0.100        0.130        253339008                   2793419512                  6108402103                  6108403151                  
GPU 7           268.967           0.321        0.099        0.129        2448707679                  4588561560                  2830802677                  3280643568                  
GPU 0           271.315           0.320        0.099        0.128        2004046747                  5092965533                  3277240247                  2833257607                  
GPU 1           292.085           0.314        0.096        0.127        266066277                   2959837987                  6119756747                  6120642001                  
GPU 2           272.970           0.319        0.098        0.128        293210123                   3296478313                  6129845991                  6129582620                  
GPU 3           257.576           0.316        0.097        0.127        2453348146                  4712022259                  2831819046                  3277416474                  
GPU 4           273.543           0.318        0.098        0.128        2103921226                  6324877941                  3311539877                  2825546385                  
GPU 5           288.029           0.318        0.099        0.129        257814967                   3488095245                  6109423689                  6109422117                  
GPU 6           288.866           0.323        0.100        0.130        294380088                   3328998393                  6117048489                  6117047441                  
GPU 7           269.550           0.321        0.099        0.129        2498907099                  4764732530                  2825511693                  3315783111                  
GPU 0           271.315           0.320        0.101        0.128        2053077498                  5092965533                  3757281000                  3345083272                  
GPU 1           293.765           0.325        0.096        0.127        243744038                   2959837987                  6141273150                  6140334068                  
GPU 2           272.970           0.336        0.110        0.126        278109382                   3296478313                  7374708674                  7374708092                  
GPU 3           259.419           0.330        0.107        0.127        2453348146                  5132673539                  3415165380                  3859520114                  
GPU 4           273.543           0.318        0.098        0.127        2418006263                  6793684378                  3829741998                  3422925555                  
GPU 5           288.029           0.318        0.099        0.129        295467585                   2937536056                  7145848594                  7146470416                  
GPU 6           288.866           0.323        0.098        0.129        263238762                   3110529663                  7066343633                  7065746564                  
GPU 7           269.550           0.335        0.101        0.128        2627073586                  5472757183                  2825511693                  3655884135                  
GPU 0           274.754           0.322        0.099        0.129        2001146911                  5158073228                  3420610203                  2822216768                  
GPU 1           293.268           0.315        0.097        0.128        263612362                   2967389428                  6870708798                  6870709147                  
GPU 2           276.746           0.320        0.098        0.129        294454789                   3299311396                  6122079956                  6122079431                  
GPU 3           261.067           0.319        0.098        0.128        2444173120                  4532471277                  2830054119                  3279920359                  
GPU 4           275.211           0.321        0.100        0.129        2101722772                  6305124817                  3273356577                  2823488897                  
GPU 5           289.623           0.320        0.099        0.130        292658699                   3267301085                  6095198023                  6094440369                  
GPU 6           291.229           0.323        0.100        0.130        255127544                   2822337248                  6092314600                  6092313436                  
GPU 7           272.818           0.325        0.101        0.131        2508675400                  4621634457                  2817076664                  3305180239                  
GPU 0           274.598           0.325        0.100        0.130        1984172874                  4862075656                  3273119522                  2829928180                  
GPU 1           294.993           0.316        0.097        0.129        239159205                   2628850742                  6094485347                  6094483775                  
GPU 2           277.312           0.323        0.100        0.130        293255052                   3318385431                  6094485846                  6095426148                  
GPU 3           261.533           0.321        0.099        0.130        2426694368                  4455590351                  2828131137                  3272252210                  
GPU 4           276.474           0.320        0.099        0.129        2102462769                  6315615277                  3298732525                  2829095596                  
GPU 5           288.534           0.320        0.099        0.130        252907545                   2810169202                  6131971823                  6132346143                  
GPU 6           291.904           0.322        0.100        0.130        289346629                   3247377267                  6148879512                  6148879512                  
GPU 7           273.108           0.325        0.101        0.131        2436700021                  4930398069                  2830620589                  3281665270                  
GPU 0           274.598           0.325        0.100        0.130        1984172874                  4862075656                  3279773270                  2829928180                  
GPU 1           294.993           0.316        0.097        0.129        160780596                   2628850742                  6110318214                  6110450820                  
GPU 2           277.312           0.323        0.100        0.130        293255052                   3318385431                  6109179067                  6108240915                  
GPU 3           261.533           0.321        0.099        0.130        2426694368                  4470272219                  2826383751                  3285395760                  
GPU 4           276.474           0.320        0.099        0.129        2102462769                  6315615277                  3291165851                  2829095596                  
GPU 5           288.534           0.320        0.099        0.130        252907545                   2810169202                  7251703906                  7253465550                  
GPU 6           291.904           0.322        0.100        0.130        289346629                   3247377267                  8059230915                  8059231439                  
GPU 7           273.108           0.325        0.101        0.131        2436700021                  4432802874                  2830620589                  6822476623                  
#Entity         POWER             SMACT        TENSO        DRAMA        PCITX                       PCIRX                       NVLTX                       NVLRX                       
ID               W                                                                                                                                                                       
GPU 0           306.383           0.358        0.125        0.127        4864406495                  5753556587                  6848099614                  6541570595                  
GPU 1           335.826           0.388        0.119        0.125        185234837                   1845406137                  13771038951                 13770917926                 
GPU 2           311.992           0.367        0.130        0.128        149077595                   1739462363                  14001049650                 14001048526                 
GPU 3           292.375           0.366        0.131        0.124        4744519446                  5574243463                  7235398889                  7514948229                  
GPU 4           302.945           0.375        0.138        0.124        4911451580                  6065992715                  8247546867                  8020487162                  
GPU 5           323.680           0.323        0.102        0.130        274405933                   3133914405                  16732396433                 16733554220                 
GPU 6           322.008           0.326        0.104        0.129        80764022                    2705896001                  16620222496                 16621308106                 
GPU 7           305.300           0.402        0.114        0.124        4405666287                  5750114921                  6488986566                  7406493235                  
GPU 0           313.577           0.394        0.149        0.126        6828627045                  7587596762                  8104456584                  7891513335                  
GPU 1           322.579           0.375        0.145        0.128        53143400                    3238983246                  14742332485                 14744431055                 
GPU 2           314.388           0.410        0.157        0.129        103871946                   2090218797                  17997418472                 17997419054                 
GPU 3           288.364           0.393        0.149        0.123        6126016934                  7588209146                  9838918744                  9975101139                  
GPU 4           314.969           0.396        0.151        0.124        5896334100                  7375911078                  9894001948                  9733938477                  
GPU 5           334.704           0.394        0.150        0.126        88471916                    1074389224                  21328803257                 21325609183                 
GPU 6           335.351           0.393        0.149        0.126        104376807                   994061352                   21534313683                 21533226299                 
GPU 7           308.947           0.387        0.151        0.128        4676921191                  6596712788                  7162316776                  12060585032                 
GPU 0           303.705           0.382        0.144        0.121        6714065221                  6986929043                  11526710213                 11401469566                 
GPU 1           320.920           0.369        0.140        0.122        68242947                    735901784                   22908512979                 22907925180                 
GPU 2           311.825           0.367        0.136        0.118        50437444                    628610040                   23812553707                 23812552658                 
GPU 3           289.855           0.372        0.137        0.119        6998423681                  7038710150                  11407492471                 11570391481                 
GPU 4           306.933           0.373        0.139        0.119        6902225001                  7297481567                  11618578481                 11479579800                 
GPU 5           322.360           0.398        0.151        0.126        99990656                    2063785808                  21987880335                 21987880335                 
GPU 6           324.255           0.387        0.146        0.125        99005133                    2148090807                  21445311452                 21445311452                 
GPU 7           305.366           0.378        0.146        0.119        7217981810                  6731867070                  11977008317                 9676954373                  
GPU 0           297.673           0.370        0.140        0.117        7877488714                  7051497448                  11337884134                 11192543477                 
GPU 1           324.025           0.346        0.139        0.119        12920664                    1015552290                  21517293763                 21516044014                 
GPU 2           304.299           0.354        0.139        0.117        54525953                    762756929                   22620870517                 22620870517                 
GPU 3           285.302           0.355        0.133        0.111        7051473405                  6914954642                  11636297097                 11713135744                 
GPU 4           299.022           0.354        0.134        0.111        6927362390                  7073474813                  11654160064                 11562652180                 
GPU 5           316.757           0.382        0.143        0.123        70142586                    369702459                   24661683826                 24666826105                 
GPU 6           310.234           0.383        0.144        0.124        20834880                    1292230418                  25393740135                 25397922834                 
GPU 7           295.615           0.351        0.140        0.120        5952715332                  6668170414                  9505378976                  13340455981                 
GPU 0           299.037           0.349        0.132        0.108        2951857618                  7507936499                  13257393790                 13223935823                 
GPU 1           306.891           0.337        0.131        0.111        223541690                   125009349                   26629732690                 26632206566                 
GPU 2           303.726           0.347        0.134        0.111        20997493                    256926449                   26448218776                 26450901705                 
GPU 3           286.758           0.354        0.133        0.110        7644711923                  7307207647                  12678894205                 12763226380                 
GPU 4           302.328           0.354        0.134        0.110        7611105005                  7403479837                  12831988797                 12755906887                 
GPU 5           314.439           0.358        0.136        0.113        30208103                    769067387                   23580702620                 23572989724                 
GPU 6           312.712           0.340        0.127        0.110        130432111                   230675125                   17080123841                 17073072341                 
GPU 7           296.879           0.341        0.133        0.109        7951320213                  7333671411                  13299779308                 5874513823                  
GPU 0           286.718           0.344        0.114        0.126        7299139740                  6819525354                  5429142923                  4409438402                  
GPU 1           325.570           0.366        0.111        0.124        56004511                    3161452906                  10730084495                 10727169281                 
GPU 2           292.829           0.372        0.115        0.127        237621087                   3321200124                  9763407178                  9761360930                  
GPU 3           270.860           0.348        0.115        0.127        3965180999                  5457553897                  4445424580                  5451891819                  
GPU 4           291.179           0.351        0.117        0.128        3025551675                  7626441625                  5409417076                  4422051410                  
GPU 5           302.359           0.364        0.136        0.115        60836425                    2347192725                  13857104955                 13857811244                 
GPU 6           302.370           0.354        0.126        0.120        140993029                   1574333358                  18121128490                 18122262801                 
GPU 7           283.536           0.372        0.114        0.123        3927304769                  5997989497                  5406887541                  12126078418                 
GPU 0           295.302           0.370        0.140        0.115        2020167635                  7593769459                  12331161866                 12170220281                 
GPU 1           311.712           0.345        0.137        0.118        355280431                   876035731                   23965812109                 23966007055                 
GPU 2           305.201           0.348        0.141        0.118        69000952                    895478807                   24343350629                 24342713823                 
GPU 3           280.358           0.350        0.127        0.116        6853166523                  7228273907                  10928910970                 11178446580                 
GPU 4           297.232           0.352        0.129        0.116        6656829718                  7569574576                  11260941790                 10997415478                 
GPU 5           311.494           0.342        0.116        0.124        165574789                   2042371988                  18487577185                 18486520500                 
GPU 6           311.294           0.345        0.121        0.121        257249212                   2202758012                  12064044129                 12062074068                 
GPU 7           293.624           0.352        0.139        0.117        7598739065                  6984344770                  11423663530                 4352115605                  
GPU 0           291.692           0.345        0.108        0.142        2024233924                  6896677682                  3511173918                  2652605791                  
GPU 1           317.705           0.353        0.109        0.140        398676195                   4537267092                  7368935694                  7368934122                  
GPU 2           292.058           0.356        0.108        0.143        385190258                   4871261330                  6140967328                  6141626157                  
GPU 3           279.299           0.350        0.109        0.144        2920785458                  6495565639                  2625534380                  3498841774                  
GPU 4           295.290           0.347        0.108        0.143        2060429212                  7592712088                  3521759184                  2628340956                  
GPU 5           308.373           0.350        0.110        0.145        421486418                   5233247653                  6093873677                  6093873274                  
GPU 6           310.947           0.353        0.111        0.134        411118592                   5132867831                  6065907874                  6065907874                  
GPU 7           291.815           0.358        0.113        0.140        3372430868                  6663891758                  3525810068                  3433625149                  
GPU 0           295.512           0.356        0.112        0.147        2024233924                  7306652301                  3427824723                  2596250198                  
GPU 1           317.705           0.353        0.111        0.147        377507330                   4955753073                  6033877026                  6033878075                  
GPU 2           297.163           0.356        0.112        0.147        442672403                   5535723490                  6023979899                  6023322276                  
GPU 3           280.015           0.350        0.112        0.147        2831325062                  6069060216                  2592853327                  3431900977                  
GPU 4           299.070           0.355        0.112        0.147        2095636810                  8163369801                  3358751051                  2603574709                  
GPU 5           309.738           0.355        0.113        0.148        374315414                   5233247653                  6026465803                  6027405056                  
GPU 6           310.471           0.354        0.112        0.146        411118592                   4714016182                  6026410364                  6026409840                  
GPU 7           294.636           0.358        0.113        0.147        2901708885                  6982969655                  2602950438                  3434557214                  
GPU 0           296.253           0.355        0.113        0.147        2037994652                  7178353943                  3423984759                  2610572169                  
GPU 1           319.764           0.354        0.112        0.147        422249223                   4720638216                  6033579700                  6033579297                  
GPU 2           295.481           0.357        0.113        0.148        415979715                   5245061167                  6034983121                  6034982718                  
GPU 3           282.081           0.354        0.112        0.147        2871692039                  6516744063                  2609533527                  3442089597                  
GPU 4           300.113           0.354        0.112        0.147        2063197309                  7810190897                  3483877527                  2601324901                  
GPU 5           309.278           0.353        0.112        0.147        430053698                   4683378450                  6045209392                  6044269097                  
GPU 6           311.354           0.355        0.113        0.148        415787670                   5166473239                  6044198466                  6044198990                  
GPU 7           294.376           0.359        0.114        0.148        2850880201                  6503067126                  2608078638                  3440792905                  
GPU 0           295.832           0.355        0.112        0.147        2002922600                  7406145840                  3453437562                  2612397850                  
GPU 1           320.294           0.355        0.112        0.148        350238186                   5281248345                  6074939620                  6074941049                  
GPU 2           295.572           0.354        0.111        0.147        447167481                   5640425423                  6066651207                  6066803205                  
GPU 3           280.973           0.353        0.111        0.146        2867535731                  6470863757                  2618039636                  3448732380                  
GPU 4           297.743           0.353        0.112        0.147        2092540029                  8040782248                  3450345567                  2618776202                  
GPU 5           308.083           0.355        0.112        0.148        381006173                   5317030973                  6055168275                  6055839543                  
GPU 6           311.142           0.351        0.111        0.148        379558521                   4783309985                  6112953741                  6112953304                  
GPU 7           294.568           0.359        0.113        0.148        2950326941                  6164927622                  2600824498                  3446187795                  
GPU 0           298.802           0.357        0.113        0.148        2409437646                  6908387918                  3450380912                  2618801836                  
GPU 1           326.329           0.359        0.112        0.148        382427423                   4392881014                  6655008576                  6655007528                  
GPU 2           297.254           0.356        0.112        0.148        394363362                   4964966027                  6059127019                  6058977125                  
GPU 3           284.020           0.359        0.114        0.149        2837854288                  6109136808                  2612339468                  3444893542                  
GPU 4           302.715           0.357        0.113        0.148        2070373195                  7764308761                  3443314787                  2613021282                  
GPU 5           312.545           0.358        0.114        0.149        428585822                   4776844889                  6049230741                  6048186587                  
GPU 6           314.572           0.358        0.114        0.146        391746434                   4869184537                  6020427681                  6027045821                  
GPU 7           294.070           0.359        0.114        0.149        2832811714                  7362293746                  2627146346                  3436942365                  
GPU 0           305.403           0.371        0.122        0.147        2128848914                  7181652027                  4075850493                  3321904831                  
GPU 1           323.709           0.369        0.115        0.147        363552644                   4792021180                  7192938935                  7193874972                  
GPU 2           304.379           0.373        0.124        0.146        382032904                   4848082450                  7839902625                  7839900528                  
GPU 3           291.045           0.372        0.123        0.146        3256150742                  6638566571                  3455245953                  4208606759                  
GPU 4           306.465           0.370        0.123        0.145        2544871609                  7395483909                  4295154178                  3542126965                  
GPU 5           318.418           0.375        0.125        0.148        352614361                   5320819622                  7821066555                  7821066555                  
GPU 6           321.233           0.369        0.122        0.149        364619504                   4583264477                  7540871621                  7537163320                  
GPU 7           301.619           0.377        0.126        0.147        2935031561                  6486248089                  2598766919                  4287960656                  
GPU 0           304.406           0.365        0.138        0.150        2638329638                  7171871618                  3639875572                  2810108658                  
GPU 1           333.174           0.386        0.121        0.148        273434705                   4598359343                  8287659010                  8286722906                  
GPU 2           302.436           0.400        0.114        0.140        207420322                   5408504497                  6003568156                  6003880523                  
GPU 3           302.618           0.362        0.146        0.150        2822287645                  5984265848                  2588320521                  3426208757                  
GPU 4           308.714           0.360        0.115        0.139        2094874009                  6166389480                  3417645668                  5047803912                  
GPU 5           322.618           0.377        0.126        0.148        309727733                   3926732300                  7554601722                  7554601722                  
GPU 6           322.363           0.363        0.116        0.137        364946228                   2111395768                  5988781675                  5988888244                  
GPU 7           301.339           0.380        0.127        0.147        3186948470                  5910755035                  3534130418                  4210664226                  
#Entity         POWER             SMACT        TENSO        DRAMA        PCITX                       PCIRX                       NVLTX                       NVLRX                       
ID               W                                                                                                                                                                       
GPU 0           313.674           0.391        0.160        0.143        6037014033                  6177460741                  4579883912                  3896423334                  
GPU 1           348.628           0.404        0.134        0.144        108292145                   3598178445                  17445908848                 17445908324                 
GPU 2           315.991           0.418        0.145        0.128        32315568                    2689933597                  11090987689                 11090764562                 
GPU 3           309.623           0.404        0.157        0.140        3891414256                  5411266346                  5099303804                  5696306119                  
GPU 4           320.020           0.401        0.146        0.126        3273515881                  6387332100                  5617697591                  10296655375                 
GPU 5           325.992           0.406        0.152        0.135        148601047                   1856608559                  14379477443                 14379475871                 
GPU 6           331.234           0.407        0.152        0.129        163739871                   408653881                   12480874324                 12481637653                 
GPU 7           311.192           0.408        0.154        0.130        5398459378                  6089896092                  3458681561                  8545711128                  
GPU 0           321.931           0.414        0.152        0.126        6265149916                  6387141733                  10706402464                 10413027656                 
GPU 1           329.669           0.391        0.152        0.133        66132412                    1480936073                  21719045761                 21719988158                 
GPU 2           329.589           0.383        0.161        0.123        64456521                    485524323                   22777188198                 22776449263                 
GPU 3           290.750           0.409        0.137        0.126        6492061006                  6042112317                  10303782350                 10615170342                 
GPU 4           327.038           0.410        0.159        0.119        6176706119                  7455063247                  10630872023                 11379827194                 
GPU 5           333.829           0.420        0.163        0.130        37831035                    553706074                   20299103851                 20301209885                 
GPU 6           336.727           0.415        0.160        0.119        29006227                    1131915839                  20800021383                 20798241940                 
GPU 7           319.360           0.416        0.159        0.129        6102479739                  5982859929                  8145815232                  9867063456                  
GPU 0           295.929           0.400        0.130        0.125        7886365879                  6772514574                  13284064911                 13181659457                 
GPU 1           329.660           0.370        0.148        0.125        105097804                   990222299                   20763733646                 20763007746                 
GPU 2           303.729           0.378        0.143        0.118        71598230                    870850521                   21004389397                 21005332306                 
GPU 3           294.221           0.372        0.142        0.119        7096858723                  7296294316                  11438390706                 11624316648                 
GPU 4           301.670           0.371        0.138        0.117        6858617981                  7018992383                  11608155207                 9867553414                  
GPU 5           311.532           0.360        0.134        0.117        64822478                    871100566                   23997691259                 23996776687                 
GPU 6           317.177           0.365        0.137        0.123        81949762                    1526151967                  23277000313                 23277783687                 
GPU 7           301.350           0.344        0.129        0.107        7994752456                  7657871016                  9487853104                  13334552620                 
GPU 0           311.315           0.345        0.149        0.108        3540088984                  8129404147                  6137700307                  5543257554                  
GPU 1           340.102           0.406        0.142        0.118        176666138                   1694508434                  12540033213                 12539345048                 
GPU 2           319.503           0.408        0.146        0.137        173584737                   1060962453                  12445919374                 12444976486                 
GPU 3           305.293           0.372        0.152        0.117        6294727053                  6648035033                  9737948243                  10134705932                 
GPU 4           315.719           0.372        0.142        0.134        5985248752                  5964334385                  10234095070                 6146427771                  
GPU 5           321.138           0.394        0.149        0.127        112659646                   1554775248                  17326261472                 17327135229                 
GPU 6           328.466           0.379        0.143        0.135        109608442                   1778995708                  18865613375                 18864828747                 
GPU 7           305.502           0.401        0.151        0.129        4923446133                  6182769508                  13244826576                 7598643496                  
GPU 0           315.741           0.402        0.158        0.133        3513421727                  6199617357                  6117171807                  5546746455                  
GPU 1           321.544           0.379        0.149        0.137        307552362                   2303692400                  8023506374                  8025734995                  
GPU 2           325.417           0.385        0.135        0.138        283588113                   2245101387                  7924096489                  7922871597                  
GPU 3           288.804           0.411        0.131        0.134        4403260328                  5383330136                  6194750143                  6707931810                  
GPU 4           318.055           0.409        0.152        0.135        3167344014                  6627005396                  6657676122                  4787391049                  
GPU 5           328.829           0.415        0.156        0.134        178124016                   2235914335                  12098455026                 12097331812                 
GPU 6           332.506           0.413        0.154        0.138        140897588                   4110106924                  13248857531                 13248857531                 
GPU 7           317.266           0.419        0.158        0.133        4087896655                  4710973313                  7108324458                  6209101103                  
GPU 0           301.383           0.365        0.121        0.139        3047294689                  7320913262                  5175785478                  4462751769                  
GPU 1           322.036           0.369        0.124        0.140        307042616                   3887315594                  10227732478                 10225505450                 
GPU 2           301.575           0.368        0.123        0.139        330636754                   4180121894                  10278577865                 10281772415                 
GPU 3           287.750           0.378        0.122        0.142        3444507093                  6386172585                  4330181487                  5027337872                  
GPU 4           306.638           0.359        0.116        0.142        2506636171                  7716678748                  5469766679                  3418349170                  
GPU 5           309.736           0.370        0.123        0.144        329465777                   4221829036                  9386121618                  9385398319                  
GPU 6           318.476           0.369        0.123        0.143        325073096                   4184769018                  9595785230                  9595785230                  
GPU 7           299.649           0.371        0.123        0.140        3700201607                  7160530286                  3868761664                  5015091380                  
GPU 0           303.006           0.371        0.123        0.143        2686312080                  6896045447                  4586076311                  3872582952                  
GPU 1           323.776           0.376        0.128        0.142        321791363                   4121522460                  10453332521                 10453332045                 
GPU 2           303.888           0.376        0.126        0.142        302704245                   3839914412                  9880715490                  9879201659                  
GPU 3           287.338           0.368        0.122        0.142        3717574378                  6202069134                  3869642459                  4621623118                  
GPU 4           304.913           0.370        0.124        0.142        3006579724                  7516652091                  5083331980                  4361134022                  
GPU 5           311.056           0.372        0.124        0.144        367789202                   4143926747                  8491436985                  8491437509                  
GPU 6           319.504           0.370        0.123        0.144        356001791                   4461649294                  9269972448                  9270067834                  
GPU 7           298.890           0.372        0.123        0.143        3474693437                  6627312108                  4259705049                  4620754105                  
GPU 0           295.817           0.370        0.123        0.142        2959820896                  7607096673                  5012936469                  4259830397                  
GPU 1           316.093           0.353        0.111        0.146        417870558                   5221685523                  6067234422                  6067235005                  
GPU 2           294.676           0.354        0.111        0.146        429597630                   5405897379                  6060871038                  6060870455                  
GPU 3           282.955           0.369        0.111        0.146        2861168941                  6828396118                  4258833378                  5010989994                  
GPU 4           298.206           0.351        0.110        0.145        2047585967                  7563350661                  3456402371                  2609404092                  
GPU 5           304.622           0.354        0.111        0.146        409685815                   4570351245                  9270133203                  9270543586                  
GPU 6           313.569           0.355        0.111        0.147        425138096                   5292837890                  6055149109                  6055053710                  
GPU 7           293.245           0.372        0.112        0.143        3751416547                  7291662586                  2609234436                  5012789052                  
GPU 0           304.206           0.356        0.112        0.146        2027402211                  7244036231                  3430811192                  2613069190                  
GPU 1           319.268           0.355        0.111        0.147        380422017                   4744596985                  6057560082                  6057559606                  
GPU 2           305.620           0.358        0.113        0.145        362842102                   4591722084                  6555827738                  6555828786                  
GPU 3           291.338           0.355        0.123        0.144        3377389940                  6443610480                  2610488722                  3442110492                  
GPU 4           305.655           0.369        0.122        0.143        2669407729                  7649698031                  4454571013                  3723096743                  
GPU 5           310.444           0.373        0.124        0.145        349222493                   5129456131                  6052333279                  6052816016                  
GPU 6           320.006           0.369        0.121        0.146        341214612                   4261668006                  7702331229                  7704638865                  
GPU 7           302.534           0.357        0.125        0.146        2896709064                  6933709067                  3714766257                  3440755612                  
GPU 0           300.721           0.366        0.127        0.144        2766728494                  7206943157                  4740882553                  3986540020                  
GPU 1           316.879           0.372        0.124        0.144        360072284                   4580082370                  8411667189                  8411667189                  
GPU 2           300.333           0.367        0.120        0.144        359668384                   4566375726                  7678148375                  7678146278                  
GPU 3           290.590           0.372        0.114        0.144        2900293601                  6342277956                  3713755683                  4466752957                  
GPU 4           305.655           0.369        0.122        0.147        1998656765                  7006848365                  3451972047                  2604884881                  
GPU 5           310.444           0.373        0.124        0.145        349222493                   4347731753                  8181442102                  8180547951                  
GPU 6           320.006           0.359        0.121        0.147        439203808                   5496886292                  6534488157                  6532179854                  
GPU 7           297.700           0.375        0.125        0.145        3406500682                  6796434416                  2824515634                  4467030108                  
GPU 0           318.379           0.403        0.120        0.139        2147709942                  6334809694                  3654437528                  5338326056                  
GPU 1           329.117           0.375        0.126        0.144        324656775                   4113005592                  7316297342                  7316296818                  
GPU 2           315.060           0.383        0.132        0.141        323805623                   4080327560                  8256850794                  8257226034                  
GPU 3           301.924           0.357        0.145        0.138        3597743636                  6508240573                  2686729595                  3509605001                  
GPU 4           318.927           0.394        0.142        0.137        2816223359                  6817628680                  4779286312                  4119141499                  
GPU 5           326.068           0.404        0.146        0.140        219915361                   5018194977                  6456296198                  6456296198                  
GPU 6           331.811           0.392        0.139        0.140        269057763                   3413142998                  8724029164                  8724030737                  
GPU 7           311.378           0.367        0.149        0.137        2986707558                  6853188640                  5638148743                  3634804018                  
GPU 0           310.764           0.382        0.146        0.123        3438818055                  6760643575                  5927311322                  9180397506                  
GPU 1           338.434           0.391        0.141        0.136        211580804                   2852545367                  12717974006                 12717975578                 
GPU 2           313.451           0.384        0.140        0.129        149750423                   1943827540                  16700090441                 16701269728                 
GPU 3           295.509           0.385        0.145        0.124        6122444111                  6563055135                  4467886225                  5110659234                  
GPU 4           314.791           0.381        0.140        0.126        5282159965                  6729529281                  9028266866                  8607968689                  
GPU 5           320.405           0.386        0.147        0.124        86095247                    2836626933                  11259625745                 11259625221                 
GPU 6           320.228           0.384        0.143        0.128        140058299                   1850088916                  17179938495                 17179937747                 
GPU 7           300.537           0.408        0.143        0.122        4189591903                  5882107046                  9179787562                  6210852045                  
GPU 0           320.449           0.414        0.144        0.133        5586139614                  6055821303                  9543481662                  7312840797                  
GPU 1           342.240           0.396        0.153        0.124        87532480                    1252426342                  17855491305                 17855490781                 
GPU 2           326.790           0.417        0.162        0.130        114015025                   1498540505                  15285387894                 15283529706                 
GPU 3           308.339           0.414        0.155        0.134        4741095116                  5491891833                  9507176740                  9845297889                  
GPU 4           324.498           0.407        0.152        0.134        3826427011                  6298487570                  6570675183                  6023490103                  
GPU 5           328.424           0.418        0.159        0.135        123657402                   1122878287                  18836605512                 18836607084                 
GPU 6           335.039           0.410        0.153        0.135        124142893                   1588827164                  14527272299                 14529108103                 
GPU 7           318.148           0.382        0.157        0.133        5942059487                  6297587380                  7306527668                  9542885286                  
GPU 0           311.860           0.393        0.157        0.131        4503005230                  6941095777                  7816241500                  7190561845                  
GPU 1           337.173           0.410        0.155        0.134        131090403                   1841114044                  16354163387                 16357453048                 
GPU 2           314.505           0.406        0.153        0.132        114580259                   1518618317                  17190121972                 17190696317                 
GPU 3           296.678           0.398        0.150        0.128        5362988469                  6637753797                  6807748952                  7313345809                  
GPU 4           315.684           0.406        0.156        0.128        5342481422                  6868852412                  9089450920                  8704926360                  
GPU 5           321.580           0.393        0.144        0.133        198962686                   1621765293                  15096198271                 15096198271                 
GPU 6           323.004           0.396        0.149        0.131        183694408                   2417157714                  15646145499                 15644309650                 
GPU 7           312.109           0.417        0.147        0.130        4997886021                  5467730076                  7193673610                  7809911909                  
#Entity         POWER             SMACT        TENSO        DRAMA        PCITX                       PCIRX                       NVLTX                       NVLRX                       
ID               W                                                                                                                                                                       
GPU 0           307.222           0.386        0.146        0.135        4504498171                  6330582603                  7701210373                  7190561845                  
GPU 1           322.776           0.390        0.130        0.129        247039560                   3309884414                  12360690309                 12357690903                 
GPU 2           314.505           0.397        0.143        0.137        212010502                   2756710457                  9724732419                  9724507043                  
GPU 3           296.791           0.379        0.131        0.128        4017860834                  6285714164                  7928022562                  8364303365                  
GPU 4           315.684           0.406        0.156        0.136        3580823779                  7256575209                  6120532685                  5454969960                  
GPU 5           321.580           0.393        0.144        0.133        198962686                   2550088084                  14764931336                 14764930288                 
GPU 6           323.004           0.378        0.149        0.137        281040507                   3584864645                  10732910772                 10732910247                 
GPU 7           302.175           0.397        0.147        0.130        5038542119                  6682349111                  5060306436                  7705182566                  
GPU 0           304.874           0.368        0.138        0.117        3516034200                  7817674820                  12202180013                 11995289969                 
GPU 1           327.663           0.368        0.128        0.132        165105969                   2107073469                  15816209397                 15815710825                 
GPU 2           301.835           0.372        0.133        0.128        145625395                   1820952056                  11993140990                 16868498314                 
GPU 3           293.592           0.370        0.137        0.120        6560771143                  6257970441                  5059364810                  5731958042                  
GPU 4           301.629           0.361        0.128        0.124        5226419118                  6416383957                  8904883483                  8548348854                  
GPU 5           307.844           0.365        0.123        0.140        344199438                   1962671186                  16204940578                 16204940578                 
GPU 6           314.073           0.374        0.140        0.121        52976061                    628087985                   21922590810                 21923570830                 
GPU 7           305.016           0.384        0.142        0.118        3931257955                  6835944481                  11100299292                 5657176759                  
GPU 0           302.512           0.370        0.125        0.140        2244776439                  6548398826                  3869760865                  3112600191                  
GPU 1           322.249           0.373        0.127        0.139        299006829                   3767033880                  7232046277                  7232428410                  
GPU 2           304.289           0.364        0.123        0.137        339710275                   4298730342                  7352578414                  11993859553                 
GPU 3           291.496           0.370        0.125        0.139        3239239681                  6145389896                  10458639186                 10732845771                 
GPU 4           305.327           0.361        0.122        0.137        3489640117                  7922541601                  5854221150                  5184157145                  
GPU 5           311.941           0.378        0.131        0.140        286637977                   4303599427                  10945960830                 10945961354                 
GPU 6           313.723           0.366        0.122        0.142        340670685                   4269279325                  7227970521                  7227080585                  
GPU 7           301.376           0.374        0.127        0.141        3042101993                  6144785542                  3147541959                  3899060457                  
GPU 0           293.388           0.349        0.109        0.144        2020246502                  7082552512                  3528275092                  2628461640                  
GPU 1           313.416           0.349        0.109        0.144        368692487                   4629893062                  6102235733                  6102553884                  
GPU 2           295.366           0.378        0.130        0.139        318089478                   3971352814                  6106177869                  7352755570                  
GPU 3           281.145           0.350        0.110        0.144        2849430250                  6106624986                  3501579519                  4251908529                  
GPU 4           295.532           0.375        0.129        0.138        2385383496                  6970867620                  4051832351                  3300752625                  
GPU 5           304.068           0.349        0.109        0.144        403378249                   3563600352                  7355564094                  7355564094                  
GPU 6           305.944           0.364        0.120        0.143        352759471                   4407515087                  6700423699                  6700486012                  
GPU 7           290.310           0.353        0.111        0.144        2892618208                  6376476876                  2639509553                  3490001802                  
GPU 0           290.280           0.347        0.108        0.142        2050513847                  7379413432                  3462902888                  2630310631                  
GPU 1           313.580           0.348        0.109        0.143        406018129                   5051925225                  6095107426                  6093850597                  
GPU 2           296.623           0.349        0.109        0.143        389697689                   4965826264                  6094952043                  6105281090                  
GPU 3           280.202           0.349        0.109        0.143        2885857956                  6558282108                  2637821128                  3469471088                  
GPU 4           295.375           0.346        0.108        0.142        2070517521                  7707625817                  3512793208                  2631611102                  
GPU 5           302.218           0.350        0.110        0.144        406414452                   5056481030                  6160351884                  6159732352                  
GPU 6           306.090           0.349        0.109        0.144        395730344                   4963677050                  6092384932                  6092400178                  
GPU 7           290.324           0.351        0.110        0.144        2911505920                  7064841109                  2630297812                  3455071719                  
GPU 0           299.103           0.365        0.120        0.142        2095439582                  6631760457                  3590622023                  2837485480                  
GPU 1           320.559           0.365        0.120        0.143        333241266                   4272871791                  6483232858                  6483810462                  
GPU 2           302.922           0.349        0.109        0.143        451173138                   5645925215                  8325404587                  8324682553                  
GPU 3           287.817           0.364        0.119        0.141        2931421203                  5881740512                  2827025633                  3656667417                  
GPU 4           305.172           0.347        0.109        0.143        2109501959                  8169419519                  4484588912                  2627752720                  
GPU 5           310.340           0.376        0.126        0.144        322200678                   5036316863                  7218819780                  7218040719                  
GPU 6           313.166           0.350        0.110        0.144        397053748                   4942822003                  9002034791                  6114702265                  
GPU 7           299.754           0.355        0.111        0.145        2900771593                  6724456671                  2635739078                  3474491758                  
GPU 0           301.505           0.371        0.123        0.143        2734386237                  7110750077                  4672363242                  3923377752                  
GPU 1           324.566           0.371        0.123        0.144        332159780                   4185161768                  8535717605                  8535140016                  
GPU 2           306.994           0.376        0.127        0.142        329987272                   4193293356                  13896413075                 13896657085                 
GPU 3           290.844           0.371        0.123        0.143        3495036162                  6402187337                  3927013767                  4675126531                  
GPU 4           308.065           0.375        0.127        0.141        2686627189                  7384102565                  7178395917                  3794080024                  
GPU 5           313.982           0.367        0.126        0.136        272479499                   4055833435                  12811973472                 12811972890                 
GPU 6           315.791           0.382        0.132        0.141        277668880                   3549288802                  13361485560                 9002034267                  
GPU 7           300.615           0.386        0.134        0.141        3594431464                  6416613610                  4125022862                  4873210199                  
GPU 0           318.127           0.398        0.153        0.125        5062409373                  6279559785                  8672662460                  8292616785                  
GPU 1           340.204           0.394        0.150        0.127        135912522                   1824562219                  16823752330                 16823751955                 
GPU 2           317.091           0.358        0.122        0.132        239055046                   3062428317                  14031018763                 14030800201                 
GPU 3           303.695           0.396        0.150        0.126        5042369510                  5539127928                  7453672886                  7905947957                  
GPU 4           315.404           0.362        0.127        0.131        4198784684                  7169592720                  6970377985                  6584056643                  
GPU 5           324.393           0.407        0.157        0.128        135008772                   1767654742                  15709386408                 15710379887                 
GPU 6           330.639           0.360        0.125        0.133        246889987                   3121278609                  13773171190                 13361485560                 
GPU 7           315.206           0.379        0.138        0.130        4984949623                  6510462237                  7110063902                  7624317125                  
GPU 0           306.254           0.371        0.132        0.128        5343710801                  7692652268                  9066083759                  8608142762                  
GPU 1           326.302           0.368        0.131        0.130        169530284                   2221857858                  17644299578                 17644300888                 
GPU 2           310.070           0.412        0.158        0.130        133570666                   1740169334                  19045760904                 19046632005                 
GPU 3           291.960           0.377        0.133        0.131        5355712284                  7157316702                  7711096693                  8200425253                  
GPU 4           307.454           0.398        0.149        0.130        4077137072                  6458326933                  9667330074                  6454961562                  
GPU 5           313.833           0.370        0.132        0.129        195620357                   2497803271                  18043867807                 18042775006                 
GPU 6           313.244           0.403        0.152        0.131        172949956                   2171766318                  19027247682                 13773171190                 
GPU 7           299.690           0.398        0.146        0.132        4597201598                  5708139850                  6509310712                  7024389625                  
GPU 0           309.651           0.390        0.145        0.128        5266262500                  7085299682                  8977333332                  8547443745                  
GPU 1           330.283           0.390        0.145        0.128        149829981                   1999723210                  18648985551                 18650126582                 
GPU 2           314.394           0.368        0.132        0.127        188646913                   2471119158                  15257867618                 15256996190                 
GPU 3           297.912           0.381        0.142        0.123        6325412177                  6718496881                  9923108635                  10220520712                 
GPU 4           314.723           0.366        0.132        0.125        5759273616                  8023426770                  9056176557                  9301386777                  
GPU 5           320.032           0.392        0.145        0.132        169725193                   2101433528                  16265506134                 16265507182                 
GPU 6           323.469           0.364        0.131        0.127        184327266                   2427594255                  16914521112                 19027247682                 
GPU 7           312.118           0.377        0.138        0.124        6331961073                  7090634365                  9785110699                  10146535012                 
GPU 0           303.038           0.367        0.124        0.137        3584968159                  7115251869                  6136074683                  5474802781                  
GPU 1           330.981           0.363        0.122        0.139        303800945                   3900655196                  11286354173                 11285213132                 
GPU 2           309.883           0.395        0.144        0.133        154735787                   1919731535                  12760904913                 12760905866                 
GPU 3           295.138           0.371        0.128        0.135        4834699229                  6101691251                  6575131567                  7153854848                  
GPU 4           310.418           0.393        0.146        0.128        5263955271                  6360062609                  5653586669                  8623516741                  
GPU 5           316.662           0.377        0.130        0.138        261344098                   3304536726                  12408937522                 12409135643                 
GPU 6           318.115           0.393        0.145        0.131        126011224                   1549495830                  10866798388                 10865201694                 
GPU 7           304.306           0.398        0.147        0.129        5640856983                  6896273364                  8523967094                  4539701859                  
GPU 0           309.727           0.389        0.137        0.141        3369019488                  6629925696                  5760252033                  5158369109                  
GPU 1           330.788           0.382        0.134        0.141        258233947                   3324481312                  10536202284                 10536202284                 
GPU 2           313.383           0.380        0.132        0.138        269035147                   3427370352                  10041515386                 10041514804                 
GPU 3           298.574           0.373        0.126        0.143        3495582917                  5894737345                  3988429983                  4730366285                  
GPU 4           312.078           0.370        0.126        0.139        3341610640                  7481364682                  6601781117                  4976270648                  
GPU 5           319.396           0.387        0.137        0.141        257659128                   3251676439                  10492615983                 10492417344                 
GPU 6           321.330           0.372        0.127        0.141        314188424                   4000087208                  15117768336                 15117768861                 
GPU 7           306.902           0.373        0.126        0.144        3412824819                  6455419075                  3795175848                  9654229656                  
GPU 0           314.471           0.378        0.145        0.117        6111981167                  6451936751                  10460285643                 10164033100                 
GPU 1           325.244           0.370        0.141        0.116        6159042                     38997307                    22944047522                 22944048046                 
GPU 2           312.795           0.377        0.141        0.121        72538549                    870597656                   20161241442                 20161241039                 
GPU 3           300.380           0.376        0.141        0.119        6252400860                  5314507772                  9876489393                  10182167404                 
GPU 4           315.021           0.378        0.142        0.121        5906707489                  6672837035                  10065013888                 9749394868                  
GPU 5           316.814           0.384        0.145        0.122        61175480                    737458914                   19707644261                 19707643512                 
GPU 6           324.697           0.380        0.142        0.125        121666115                   1021250623                  18923903401                 18923903925                 
GPU 7           309.966           0.388        0.146        0.121        5951428154                  5584655836                  9334610175                  8983190753                  
GPU 0           302.834           0.379        0.143        0.134        6667624067                  6924447352                  11449629777                 11107124261                 
GPU 1           324.444           0.389        0.147        0.125        86188045                    1084111969                  16688035471                 16688033899                 
GPU 2           311.388           0.379        0.145        0.117        28832431                    340123213                   22813696699                 22813697747                 
GPU 3           295.766           0.399        0.151        0.126        5269399955                  7231021210                  7851549534                  8331711953                  
GPU 4           308.786           0.372        0.142        0.114        6780515901                  7018967694                  11591541106                 11299802227                 
GPU 5           311.904           0.373        0.143        0.116        11158057                    87781762                    23110795990                 23110797154                 
GPU 6           316.352           0.379        0.145        0.118        82489739                    374597361                   22808006380                 22808006380                 
GPU 7           303.789           0.396        0.150        0.125        5608877398                  5671820119                  8565591464                  12070172074                 
#Entity         POWER             SMACT        TENSO        DRAMA        PCITX                       PCIRX                       NVLTX                       NVLRX                       
ID               W                                                                                                                                                                       
GPU 0           299.974           0.369        0.130        0.131        4586510185                  7843326879                  7756471556                  7188806189                  
GPU 1           324.697           0.367        0.133        0.126        196526393                   2534003798                  19020752775                 19020927118                 
GPU 2           303.675           0.365        0.123        0.138        337552516                   4258754683                  11157886425                 11157884853                 
GPU 3           290.794           0.361        0.132        0.118        6795253679                  7039599668                  10722130696                 11007327218                 
GPU 4           305.033           0.360        0.120        0.138        3349795446                  7845337188                  5610094546                  4933656119                  
GPU 5           312.784           0.365        0.124        0.137        351782724                   4390443063                  11962598346                 11962599394                 
GPU 6           311.847           0.361        0.121        0.138        33518600                    4484887604                  11125067677                 11125066628                 
GPU 7           296.665           0.365        0.138        0.114        7349460715                  7258844428                  11830751149                 5609247683                  
GPU 0           297.332           0.355        0.112        0.147        2023367598                  7204610027                  3455693832                  2615867214                  
GPU 1           313.499           0.352        0.111        0.146        405002189                   4989339911                  6080675479                  6080600947                  
GPU 2           297.352           0.356        0.112        0.147        371015170                   4714842436                  6063070608                  6063069560                  
GPU 3           283.423           0.362        0.120        0.140        3835673040                  6511204185                  4578707969                  5267829030                  
GPU 4           300.155           0.354        0.112        0.146        2020397770                  7187262431                  3446730821                  2615960512                  
GPU 5           307.602           0.357        0.113        0.148        407430833                   5086734740                  6064907118                  6064908166                  
GPU 6           307.945           0.355        0.112        0.147        359436753                   5180071159                  6061560343                  6061561391                  
GPU 7           294.642           0.365        0.122        0.139        4041479664                  7391271489                  4930919420                  3436855075                  
GPU 0           297.105           0.355        0.112        0.147        2044430597                  7464308277                  3438975860                  2606299794                  
GPU 1           318.989           0.355        0.112        0.148        362098944                   5028048057                  6045204220                  6045114165                  
GPU 2           297.200           0.354        0.111        0.147        449044033                   5606489329                  6041902813                  6041904385                  
GPU 3           285.783           0.357        0.113        0.148        2856270718                  6647776792                  2614466640                  3431894055                  
GPU 4           302.336           0.356        0.112        0.147        2078257843                  7908053636                  3436529356                  2603576078                  
GPU 5           306.150           0.359        0.114        0.149        438260364                   5413144508                  6040429794                  6040427697                  
GPU 6           308.829           0.356        0.112        0.148        413737191                   5245075522                  6042789488                  6042788964                  
GPU 7           297.349           0.358        0.113        0.147        2876208446                  6776109668                  2617799171                  3451571738                  
GPU 0           303.603           0.374        0.127        0.142        2320777334                  6480021047                  4019999463                  3270981383                  
GPU 1           323.137           0.367        0.121        0.145        257535320                   4617751884                  6789121185                  6789949310                  
GPU 2           308.512           0.372        0.126        0.141        294255376                   3759307359                  7351198415                  7351198012                  
GPU 3           297.292           0.359        0.131        0.140        3203350116                  5777360864                  3499934148                  4245046633                  
GPU 4           312.249           0.372        0.126        0.141        2352564466                  6651429456                  4048689477                  3300397964                  
GPU 5           314.933           0.379        0.130        0.142        327319381                   4145349828                  7574484421                  7574485850                  
GPU 6           315.062           0.373        0.126        0.142        423716217                   4350297195                  7347011611                  7347733967                  
GPU 7           298.963           0.359        0.127        0.141        3103635733                  5947610702                  3300000486                  4049088415                  
GPU 0           310.305           0.390        0.138        0.138        3331998144                  6828759447                  5732790121                  5061160891                  
GPU 1           332.764           0.383        0.134        0.139        219217497                   3249750523                  8879368288                  8878514528                  
GPU 2           313.838           0.394        0.140        0.140        239795521                   3048273473                  11422519170                 11422519170                 
GPU 3           298.395           0.379        0.138        0.137        4468617076                  6120225875                  6058796841                  6637361461                  
GPU 4           313.377           0.387        0.138        0.137        3827740065                  6861193711                  6540783420                  5945980264                  
GPU 5           320.013           0.391        0.137        0.141        260687420                   3245419207                  10783557280                 10783769841                 
GPU 6           321.385           0.384        0.135        0.139        344310492                   2995087818                  11760081072                 11760839481                 
GPU 7           306.744           0.375        0.140        0.136        4607610070                  6323880149                  6283794450                  6878603112                  
GPU 0           314.858           0.384        0.138        0.134        3561440845                  6534045835                  6091273930                  5517773077                  
GPU 1           322.499           0.379        0.135        0.135        275864949                   2814596123                  14207654730                 14207656303                 
GPU 2           314.705           0.399        0.149        0.131        164531512                   2085157150                  12649502208                 12649555141                 
GPU 3           304.777           0.388        0.154        0.130        3942870740                  5290520281                  5202741631                  5812165778                  
GPU 4           319.636           0.407        0.155        0.130        3406965651                  5887981992                  5841508148                  5324956005                  
GPU 5           325.306           0.389        0.142        0.133        210836087                   2646964144                  11914469151                 11914294281                 
GPU 6           328.298           0.407        0.156        0.129        237888127                   2168848536                  11947995528                 11946299036                 
GPU 7           311.647           0.391        0.154        0.130        3812933270                  5389841797                  4977965962                  5569190115                  
GPU 0           313.610           0.398        0.145        0.136        2741410736                  5692584153                  4967761935                  4285882956                  
GPU 1           323.529           0.389        0.143        0.137        249898827                   3579398625                  7586854533                  7586853485                  
GPU 2           314.492           0.395        0.142        0.137        251827991                   3209254841                  9089580131                  9089527719                  
GPU 3           301.500           0.395        0.142        0.136        3921413604                  5582568018                  5136492526                  5728453004                  
GPU 4           317.156           0.392        0.141        0.135        3349255181                  6488453006                  5793355949                  5127716269                  
GPU 5           321.116           0.407        0.151        0.136        219713469                   2748462572                  9644579469                  9644909640                  
GPU 6           328.085           0.395        0.142        0.138        224099289                   2862612624                  10863551161                 10865592982                 
GPU 7           310.363           0.400        0.144        0.137        3926089393                  5761903620                  5137717893                  5727831738                  
GPU 0           294.198           0.377        0.128        0.140        4417277374                  6749982444                  4694584645                  3993089870                  
GPU 1           319.270           0.361        0.138        0.138        238376809                   3203538425                  10490704526                 10491558349                 
GPU 2           299.252           0.372        0.125        0.142        338682149                   4286436646                  8782964796                  8782963223                  
GPU 3           284.674           0.355        0.115        0.142        3105663332                  5822729240                  3157569395                  3972914775                  
GPU 4           299.285           0.354        0.115        0.142        2256775010                  7098342770                  3873698307                  3050507119                  
GPU 5           305.911           0.369        0.122        0.143        326903112                   4084592027                  8586617165                  8587258177                  
GPU 6           309.644           0.358        0.116        0.144        360151005                   4496285763                  6399149916                  6397107513                  
GPU 7           295.270           0.359        0.117        0.142        3235788455                  6082592407                  3391292737                  4188423043                  
GPU 0           304.377           0.365        0.128        0.131        5219596952                  7171457456                  7544854365                  6992492159                  
GPU 1           322.569           0.364        0.132        0.126        310684297                   5548940856                  16823487741                 16824222969                 
GPU 2           307.217           0.368        0.132        0.128        291930908                   5135476993                  15746586907                 15746587344                 
GPU 3           288.927           0.369        0.134        0.123        6042330406                  9679777173                  9108526411                  9436467947                  
GPU 4           306.539           0.368        0.134        0.123        5580211701                  10233342110                 9227724378                  8864663617                  
GPU 5           311.784           0.368        0.130        0.132        202869485                   2575628426                  14722801902                 14721862645                 
GPU 6           317.616           0.365        0.133        0.125        270736027                   4834164196                  18479244487                 18479753606                 
GPU 7           299.974           0.371        0.136        0.123        6102094965                  10081139940                 9058015373                  9470962859                  
GPU 0           314.189           0.378        0.140        0.125        4526462255                  9775840831                  8695508796                  8300471230                  
GPU 1           335.435           0.388        0.142        0.131        138038577                   1816250783                  14813267316                 14812459089                 
GPU 2           316.146           0.400        0.150        0.128        110960177                   1388804456                  16612729665                 16616924394                 
GPU 3           298.481           0.386        0.141        0.129        5000301345                  5853433845                  7194968610                  7724144835                  
GPU 4           317.115           0.398        0.152        0.124        5395409556                  6492313835                  9198269649                  8848316989                  
GPU 5           324.276           0.383        0.143        0.127        298162945                   5641419418                  16687740096                 16687740620                 
GPU 6           324.043           0.388        0.142        0.131        144550031                   1811133862                  14743193392                 14742479585                 
GPU 7           309.770           0.390        0.142        0.130        4889792407                  5849802096                  7029458650                  7540082853                  
GPU 0           319.067           0.392        0.145        0.129        3816250139                  6285056653                  7806697958                  7320392860                  
GPU 1           343.477           0.415        0.156        0.136        152550706                   2002045041                  12811187465                 12811186416                 
GPU 2           319.808           0.400        0.147        0.133        163817178                   2084086127                  14179561371                 14176765553                 
GPU 3           305.098           0.414        0.155        0.134        4471778529                  5193156615                  6203672845                  6784531015                  
GPU 4           329.237           0.404        0.149        0.135        3871997627                  6314215552                  6684410361                  6098752736                  
GPU 5           331.354           0.400        0.150        0.131        125112358                   1580106516                  15092501175                 15092500127                 
GPU 6           333.039           0.415        0.156        0.136        152706026                   1944906164                  12854113484                 12854713521                 
GPU 7           318.562           0.421        0.159        0.134        4411425568                  5376566016                  6236155046                  6745258963                  
GPU 0           300.310           0.414        0.155        0.135        2423350390                  5860799730                  6668914920                  6085692659                  
GPU 1           316.622           0.366        0.122        0.141        351856402                   4446503360                  8135278639                  8135512925                  
GPU 2           302.141           0.350        0.147        0.138        236439574                   3052405906                  12561563156                 12562446291                 
GPU 3           289.211           0.369        0.125        0.140        3397819874                  6341291225                  3759463838                  4511624224                  
GPU 4           303.881           0.375        0.130        0.139        2822872692                  7006894085                  4809017490                  4105885335                  
GPU 5           309.150           0.413        0.155        0.136        186248219                   4957343317                  12950035408                 12950036456                 
GPU 6           311.928           0.365        0.122        0.140        351900335                   4444069692                  8158370995                  8157770922                  
GPU 7           297.288           0.370        0.124        0.140        3426965673                  6950275834                  3726932842                  4481204854                  
GPU 0           295.216           0.360        0.117        0.141        2125602596                  7341177804                  4069132596                  3316178313                  
GPU 1           314.961           0.350        0.113        0.141        362796701                   4538123053                  6456872067                  6456638316                  
GPU 2           294.328           0.366        0.112        0.141        408122281                   5125505344                  6372250064                  6371660885                  
GPU 3           281.103           0.352        0.113        0.141        2874525843                  6146652380                  2823523510                  3575454544                  
GPU 4           297.830           0.350        0.113        0.140        2117293493                  7059179002                  3631328480                  2805873470                  
GPU 5           303.539           0.353        0.114        0.143        398980527                   4593272761                  6363800124                  6364228605                  
GPU 6           306.977           0.349        0.112        0.141        397126024                   4939407023                  6454983032                  6454983556                  
GPU 7           290.261           0.352        0.113        0.141        2982954304                  6675033386                  2814179161                  3640779933                  
GPU 0           294.116           0.362        0.119        0.141        2459649138                  7026779345                  4185115513                  3431315488                  
GPU 1           313.534           0.359        0.117        0.141        344512983                   4336128426                  7652496342                  7652412883                  
GPU 2           295.464           0.345        0.121        0.140        345349379                   4424591315                  8338647801                  8344251631                  
GPU 3           279.965           0.359        0.117        0.141        3247084504                  6333793016                  3368617296                  4177224462                  
GPU 4           296.788           0.362        0.120        0.140        2584289158                  7017947842                  4429826580                  3675663099                  
GPU 5           303.349           0.362        0.119        0.141        373754582                   4633853475                  7696659627                  7695113246                  
GPU 6           306.950           0.361        0.118        0.142        352319204                   4435612454                  7619005894                  7619727911                  
GPU 7           290.218           0.364        0.120        0.141        3331156756                  6860206278                  3576828817                  4330192640                  
#Entity         POWER             SMACT        TENSO        DRAMA        PCITX                       PCIRX                       NVLTX                       NVLRX                       
ID               W                                                                                                                                                                       
GPU 0           306.172           0.378        0.131        0.138        2943237616                  7003592039                  5074706467                  4326572079                  
GPU 1           326.479           0.377        0.131        0.139        318905444                   4081623003                  9350289374                  9351076107                  
GPU 2           308.142           0.379        0.108        0.142        410512505                   5120466840                  6294713780                  6289671077                  
GPU 3           292.040           0.380        0.131        0.139        3629179549                  6340000236                  4335787567                  5007350206                  
GPU 4           312.548           0.360        0.118        0.141        2635678594                  7296547528                  4460033341                  3710468378                  
GPU 5           316.042           0.382        0.133        0.140        321146418                   4021751772                  9344912123                  9344911599                  
GPU 6           317.196           0.387        0.137        0.138        309916090                   3883886810                  10137166204                 10137334566                 
GPU 7           303.782           0.370        0.124        0.140        3691920527                  6965415047                  4213062031                  4961233528                  
GPU 0           306.423           0.381        0.133        0.139        3266605025                  6822475830                  5605954084                  4938631494                  
GPU 1           327.104           0.377        0.130        0.140        286315972                   3649698612                  10140992335                 10140834620                 
GPU 2           310.951           0.389        0.131        0.139        335320837                   4255548570                  9203678951                  9203746040                  
GPU 3           295.970           0.382        0.132        0.139        3951760606                  6230182622                  4942753136                  5609264090                  
GPU 4           311.584           0.377        0.131        0.138        2769268908                  6874215853                  4775253294                  4030655771                  
GPU 5           315.832           0.383        0.133        0.140        283266085                   3522443059                  10549201369                 10550077025                 
GPU 6           320.086           0.381        0.132        0.139        310627796                   3923789015                  10574823859                 10573751594                 
GPU 7           303.117           0.392        0.140        0.137        3920957814                  6540245120                  4987916436                  5593377023                  
GPU 0           305.410           0.366        0.136        0.118        6068835473                  6706627809                  10342719222                 10059377737                 
GPU 1           322.455           0.363        0.135        0.119        67651606                    889281482                   20813113864                 20812607558                 
GPU 2           305.833           0.368        0.136        0.140        280710650                   3585996821                  10691231356                 10692678278                 
GPU 3           289.736           0.359        0.132        0.118        6281194996                  6391797715                  9775999609                  10124510546                 
GPU 4           307.205           0.385        0.135        0.138        3094673083                  7500261081                  5246352234                  4597345922                  
GPU 5           312.241           0.363        0.134        0.120        84453805                    1059400784                  19821342948                 19820467632                 
GPU 6           317.173           0.358        0.126        0.127        188763400                   2361718796                  15037162315                 15039582043                 
GPU 7           303.262           0.367        0.128        0.130        4601933853                  6120483199                  6350625784                  6917483759                  
GPU 0           304.424           0.375        0.130        0.136        3125935970                  6488798922                  5394933894                  4725422660                  
GPU 1           328.125           0.376        0.131        0.138        259831507                   3310102077                  9811586926                  9811588498                  
GPU 2           303.915           0.381        0.137        0.118        98944936                    1273656855                  21323687890                 21322309896                 
GPU 3           293.975           0.375        0.129        0.137        3926712382                  5955816952                  4921792682                  5604773034                  
GPU 4           308.928           0.353        0.127        0.120        5919444989                  6468616705                  10031175137                 9663753431                  
GPU 5           312.984           0.373        0.129        0.137        261130604                   3251476945                  10582198499                 10582199547                 
GPU 6           317.201           0.358        0.123        0.132        254860801                   3180034918                  14100022168                 14097929927                 
GPU 7           299.436           0.360        0.126        0.127        5485865265                  7192476386                  8045497878                  8495152359                  
GPU 0           302.243           0.373        0.126        0.141        2797294830                  7366147695                  4707036420                  4001920067                  
GPU 1           326.118           0.372        0.124        0.143        349520232                   4430475634                  8831985879                  8831985879                  
GPU 2           310.176           0.368        0.121        0.143        373233519                   4726233321                  8686690333                  8687325329                  
GPU 3           291.410           0.374        0.126        0.141        3464801209                  6566048843                  3954403115                  4649344331                  
GPU 4           309.754           0.381        0.133        0.139        2552833526                  7606519915                  4364406580                  3689006265                  
GPU 5           310.796           0.375        0.127        0.142        353652176                   4419287048                  8623071975                  8623070765                  
GPU 6           317.458           0.389        0.138        0.139        265956803                   3388263767                  9909205176                  9909050572                  
GPU 7           301.584           0.383        0.132        0.140        3266903988                  6094648616                  3569920860                  4319906643                  
GPU 0           308.611           0.374        0.136        0.123        6152828786                  7576534064                  10440873141                 10095555649                 
GPU 1           328.489           0.372        0.137        0.124        138655301                   1971186246                  21136454892                 21136454367                 
GPU 2           312.372           0.369        0.135        0.123        167492642                   2205185558                  21422955239                 21422109643                 
GPU 3           295.742           0.369        0.135        0.122        6642744071                  7387638660                  10287322645                 10650368135                 
GPU 4           313.121           0.373        0.126        0.141        3143725774                  7916818648                  5330406753                  4592901758                  
GPU 5           317.948           0.375        0.138        0.124        133639832                   1750245438                  20867329546                 20870083202                 
GPU 6           321.998           0.371        0.128        0.138        271672998                   3390095737                  13200140228                 13204554628                 
GPU 7           305.784           0.389        0.135        0.139        4384667022                  7065276815                  5773590452                  6370471544                  
GPU 0           308.695           0.379        0.140        0.126        5781358842                  7274688086                  9829885536                  9446891189                  
GPU 1           328.271           0.367        0.135        0.123        118498173                   1590163962                  21147306115                 21147306639                 
GPU 2           315.110           0.385        0.143        0.126        97164289                    1209922623                  20300852210                 20301584345                 
GPU 3           297.336           0.373        0.137        0.122        6506051005                  6989996892                  10232307285                 10519738664                 
GPU 4           314.256           0.375        0.139        0.122        6347282312                  7424557880                  10675050503                 10383063390                 
GPU 5           315.372           0.379        0.140        0.125        109314114                   1362731932                  20666438599                 20666213769                 
GPU 6           320.443           0.376        0.139        0.126        147936994                   1928969434                  19893133313                 19891350119                 
GPU 7           306.228           0.380        0.141        0.123        6633769731                  7478901767                  10331718294                 10660164162                 
GPU 0           312.771           0.395        0.148        0.128        4451863737                  6410704410                  7664751972                  7175884294                  
GPU 1           340.687           0.407        0.153        0.134        182898182                   2416261250                  10942076338                 10942076338                 
GPU 2           320.290           0.396        0.147        0.132        180138726                   2335032134                  12691138019                 12690405801                 
GPU 3           301.551           0.402        0.150        0.132        4145526508                  5175805866                  5606013796                  6195277744                  
GPU 4           321.004           0.363        0.134        0.120        6422101696                  5973836252                  10878491436                 10579469337                 
GPU 5           327.179           0.403        0.151        0.134        166547933                   2115766858                  11925501652                 11922973719                 
GPU 6           327.867           0.397        0.155        0.121        55508046                    741783796                   19922498528                 19920795238                 
GPU 7           315.336           0.372        0.140        0.117        6579307344                  6389234234                  10408326269                 10726087164                 
GPU 0           303.203           0.383        0.135        0.138        2400800890                  6277205520                  4150252588                  3444965663                  
GPU 1           318.301           0.368        0.125        0.140        333874672                   4253854173                  6974954762                  6974955286                  
GPU 2           303.663           0.384        0.134        0.140        312189961                   3936888660                  7444851770                  7445211259                  
GPU 3           290.148           0.375        0.129        0.139        3074818021                  6057151131                  3227332852                  3971548704                  
GPU 4           305.371           0.407        0.152        0.133        3139026292                  6377650504                  5483657327                  4831327872                  
GPU 5           312.896           0.377        0.131        0.140        343745525                   4304331490                  7229972755                  7230905159                  
GPU 6           317.479           0.379        0.132        0.139        308623109                   3933124504                  7479827594                  7479826546                  
GPU 7           297.859           0.390        0.139        0.137        3280805769                  5449959749                  3849255770                  4521769536                  
GPU 0           303.203           0.383        0.133        0.138        2400800890                  6277205520                  4150252588                  3444965663                  
GPU 1           318.301           0.368        0.125        0.140        333874672                   4253854173                  6974954762                  6974955286                  
GPU 2           303.663           0.384        0.134        0.141        334952863                   3936888660                  7444851770                  7445211259                  
GPU 3           291.041           0.375        0.127        0.139        3074818021                  6057151131                  3227332852                  3971548704                  
GPU 4           305.371           0.407        0.152        0.141        3139026292                  6377650504                  5483657327                  3869799670                  
GPU 5           312.896           0.377        0.131        0.140        343745525                   4304331490                  7229972755                  7230905159                  
GPU 6           317.479           0.379        0.132        0.143        308623109                   3933124504                  7479827594                  7479826546                  
GPU 7           297.859           0.390        0.139        0.137        3342981641                  5449959749                  3849255770                  4521769536                  
GPU 0           308.142           0.367        0.121        0.143        2800556388                  6735278346                  3599380667                  2824229276                  
GPU 1           323.395           0.376        0.130        0.140        296458835                   3822836927                  9376679096                  9376679620                  
GPU 2           307.445           0.380        0.126        0.142        317982695                   4015016960                  7682062251                  7682062251                  
GPU 3           289.895           0.375        0.129        0.140        3596467913                  6277853994                  4276422023                  4953864499                  
GPU 4           306.727           0.383        0.134        0.139        3075812823                  7197536562                  5170038168                  4503534500                  
GPU 5           313.471           0.379        0.131        0.140        315827628                   3892339287                  9249995587                  9249242927                  
GPU 6           317.445           0.379        0.130        0.141        364553992                   3976049118                  7056771131                  7056770083                  
GPU 7           303.196           0.377        0.129        0.141        3255532791                  6558241318                  4240106696                  4919201312                  
GPU 0           308.142           0.367        0.124        0.143        2103752414                  6735278346                  3599380667                  2824229276                  
GPU 1           328.256           0.379        0.130        0.140        296458835                   3822836927                  9376679096                  9376679620                  
GPU 2           307.445           0.374        0.126        0.143        341702795                   4015016960                  7682062251                  7682062251                  
GPU 3           289.895           0.378        0.122        0.140        3596467913                  6277853994                  4276422023                  4953864499                  
GPU 4           306.727           0.383        0.134        0.143        3075812823                  7424250318                  5170038168                  4503534500                  
GPU 5           313.471           0.379        0.131        0.140        315827628                   3955180388                  9249995587                  9249242927                  
GPU 6           317.445           0.379        0.130        0.143        316423981                   3976049118                  7056771131                  7056770083                  
GPU 7           303.196           0.380        0.129        0.141        3590664338                  6558241318                  4240106696                  4919201312                  
GPU 0           306.298           0.372        0.135        0.143        2808985878                  7001619829                  4826525465                  4074652295                  
GPU 1           324.369           0.371        0.123        0.145        343566585                   3968120129                  7547114661                  7547403422                  
GPU 2           304.604           0.376        0.124        0.145        399533181                   4325699957                  8791815418                  8792709924                  
GPU 3           295.951           0.370        0.132        0.143        3184943698                  6109609479                  3396702969                  4149732494                  
GPU 4           307.758           0.368        0.122        0.144        2242616685                  7111631779                  4159171692                  2968548522                  
GPU 5           311.652           0.375        0.125        0.146        353394837                   4399090978                  7547795727                  7547795203                  
GPU 6           317.935           0.368        0.122        0.145        308729447                   4231234996                  8986798020                  8986799591                  
GPU 7           301.093           0.372        0.123        0.144        3303911612                  6752566107                  3386277293                  4214703118                  
GPU 0           303.278           0.388        0.130        0.142        2587402937                  6687698739                  4386441776                  3732317002                  
GPU 1           326.915           0.382        0.132        0.142        305749994                   2818246734                  7682053187                  7682417986                  
GPU 2           310.659           0.371        0.132        0.141        313385024                   5050605771                  6844116611                  6843579663                  
GPU 3           289.507           0.382        0.127        0.141        3193379374                  5728906718                  3484829004                  4233873993                  
GPU 4           312.344           0.368        0.122        0.135        3380044855                  7544124211                  3719535064                  5082938496                  
GPU 5           317.466           0.385        0.134        0.143        308791955                   3899537614                  7717970135                  7717971183                  
GPU 6           321.013           0.375        0.126        0.143        338815216                   4139329107                  7722667124                  7724008156                  
GPU 7           302.953           0.386        0.134        0.142        3139842007                  6114138604                  3494285956                  4168858304                  
#Entity         POWER             SMACT        TENSO        DRAMA        PCITX                       PCIRX                       NVLTX                       NVLRX                       
ID               W                                                                                                                                                                       
GPU 0           303.278           0.380        0.123        0.143        2422761051                  6642280817                  4179015074                  3431333568                  
GPU 1           318.449           0.361        0.125        0.132        223078077                   2818246734                  13225210612                 13224557024                 
GPU 2           301.716           0.383        0.132        0.125        179058599                   3992870792                  7880331536                  7879741968                  
GPU 3           289.507           0.365        0.129        0.131        4811719685                  6341455821                  6792510877                  7308504691                  
GPU 4           307.814           0.378        0.134        0.125        3380044855                  7162688934                  5732964376                  5082938496                  
GPU 5           314.704           0.370        0.130        0.132        212425143                   2647021897                  13990129377                 13992615733                 
GPU 6           311.956           0.377        0.128        0.124        324239988                   4139329107                  7389529313                  7388309694                  
GPU 7           302.633           0.369        0.130        0.130        4979018113                  6623903473                  7071176337                  7587168087                  
GPU 0           307.573           0.374        0.140        0.119        6308905690                  6931785540                  10748916639                 10464369325                 
GPU 1           327.616           0.363        0.133        0.123        163081282                   2248073292                  19545082914                 19545543077                 
GPU 2           312.283           0.356        0.126        0.122        93172170                    2308796203                  18645479963                 18645786054                 
GPU 3           292.071           0.361        0.132        0.124        6120883519                  7277679712                  9275669734                  9673642552                  
GPU 4           309.400           0.363        0.130        0.116        5488424503                  7897041745                  9245969263                  10215586446                 
GPU 5           317.538           0.364        0.133        0.124        153736586                   1972168392                  19870075347                 19868298492                 
GPU 6           319.749           0.361        0.131        0.125        141777161                   1009443854                  19485431042                 19484468009                 
GPU 7           306.378           0.366        0.134        0.122        6211615885                  7137186007                  9543555863                  9906848437                  
GPU 0           303.251           0.370        0.139        0.119        5717573891                  6517801919                  9812390844                  9443655300                  
GPU 1           326.475           0.370        0.139        0.121        72807835                    968498150                   19450318889                 19449629130                 
GPU 2           311.183           0.372        0.138        0.122        107817312                   1217653462                  20067852692                 20067544534                 
GPU 3           296.945           0.358        0.134        0.117        6280610512                  6678834368                  9800603906                  10130404001                 
GPU 4           312.240           0.356        0.132        0.129        6181257710                  7082143648                  10537075560                 7434595726                  
GPU 5           318.243           0.375        0.142        0.121        79423317                    1019673145                  18946204931                 18946205979                 
GPU 6           322.630           0.362        0.135        0.120        80726066                    4401242036                  19621051316                 19620031088                 
GPU 7           308.033           0.376        0.141        0.119        6077576189                  6176594029                  9410778846                  9784151491                  
GPU 0           304.028           0.364        0.122        0.139        3335994768                  7526337048                  5632681763                  4952761848                  
GPU 1           320.398           0.358        0.119        0.139        328349049                   4110969495                  10796329571                 10799262068                 
GPU 2           302.226           0.378        0.142        0.133        267236329                   1394191132                  18931388304                 18931388781                 
GPU 3           293.666           0.380        0.133        0.136        4275241554                  6453263760                  5588052468                  6212459038                  
GPU 4           308.449           0.378        0.138        0.124        4633864536                  6788396438                  7913531801                  9606866037                  
GPU 5           313.022           0.367        0.124        0.140        338344435                   4182650389                  10220321524                 10222374536                 
GPU 6           316.176           0.383        0.132        0.143        351025708                   1175472766                  8245719948                  8245720472                  
GPU 7           301.541           0.366        0.123        0.139        4030252043                  7357444074                  4915261211                  5590621515                  
GPU 0           307.213           0.370        0.138        0.120        6737664887                  8072003793                  11387101277                 11094377337                 
GPU 1           329.069           0.368        0.136        0.123        153798407                   2246296689                  22013745289                 22010812342                 
GPU 2           309.363           0.356        0.121        0.122        124564573                   3374599805                  14572536534                 14572536534                 
GPU 3           294.036           0.363        0.137        0.120        6880028148                  7322732829                  10816471818                 11129608672                 
GPU 4           310.675           0.362        0.131        0.123        5875723321                  7367776278                  9963196720                  8290706567                  
GPU 5           318.051           0.377        0.141        0.122        115166026                   1560216522                  23003622917                 23001569338                 
GPU 6           318.979           0.365        0.136        0.121        86458032                    2591204873                  23122821183                 23123024001                 
GPU 7           304.429           0.370        0.138        0.119        7077779337                  7855323306                  11168567765                 11461236466                 
GPU 0           309.768           0.379        0.139        0.128        4259905966                  6432410397                  7307865067                  6815278042                  
GPU 1           325.037           0.374        0.137        0.128        176630505                   2386543068                  14673453413                 14674979664                 
GPU 2           310.952           0.376        0.136        0.131        176130866                   1654997647                  18934653221                 18935354636                 
GPU 3           295.919           0.372        0.140        0.124        5219812557                  6693793246                  7775118737                  8152170389                  
GPU 4           312.253           0.373        0.138        0.124        5999153621                  7482970902                  8688053183                  9876993549                  
GPU 5           317.917           0.380        0.139        0.130        184770968                   2334860973                  13767324686                 13768920553                 
GPU 6           319.569           0.369        0.134        0.129        199951129                   1963853672                  14061107488                 14061382119                 
GPU 7           302.599           0.382        0.139        0.128        4705733678                  5972707586                  6769911181                  7239865948                  
GPU 0           308.856           0.369        0.129        0.132        4162511593                  6799929418                  7111522163                  6567980955                  
GPU 1           320.709           0.363        0.126        0.133        224660666                   3365705035                  14188022971                 14186750220                 
GPU 2           306.467           0.370        0.126        0.138        270773983                   3419414782                  11594638136                 11592467259                 
GPU 3           292.174           0.380        0.121        0.124        6362389347                  6643233197                  9881105910                  10239414779                 
GPU 4           307.366           0.367        0.133        0.140        2620314950                  6988549142                  10278125007                 3696685185                  
GPU 5           315.351           0.369        0.129        0.134        221603454                   2762332931                  13977589737                 13977079077                 
GPU 6           314.423           0.375        0.136        0.128        153368585                   3945577816                  18073178778                 18072744764                 
GPU 7           304.566           0.368        0.128        0.133        4853890916                  6769030606                  6760135649                  7306255059                  
GPU 0           306.499           0.387        0.137        0.139        2303277455                  6293551779                  4017878395                  3274755141                  
GPU 1           329.758           0.390        0.140        0.139        254619750                   4385744789                  7593067704                  7593069014                  
GPU 2           312.656           0.392        0.140        0.138        261900252                   3396657954                  7577945876                  7578690659                  
GPU 3           297.206           0.366        0.139        0.143        3031148613                  5899327853                  3006469465                  3831925910                  
GPU 4           313.634           0.376        0.129        0.139        2341602696                  7239734961                  4372044459                  3366625892                  
GPU 5           317.388           0.394        0.141        0.140        300832178                   3813125706                  7332354899                  7331473855                  
GPU 6           319.341           0.373        0.127        0.141        314467161                   4348586068                  7055658566                  7055659730                  
GPU 7           308.602           0.396        0.142        0.138        3042228651                  5455837357                  3428218674                  4095747232                  
GPU 0           308.639           0.378        0.130        0.140        2495646774                  6936871305                  4193188947                  3516577934                  
GPU 1           323.787           0.376        0.129        0.142        342886840                   3887378893                  7676189315                  7676189840                  
GPU 2           308.040           0.380        0.131        0.141        337285459                   4252625908                  7800863489                  7800120831                  
GPU 3           294.373           0.391        0.126        0.139        3190352615                  5792046717                  3609576045                  4286996660                  
GPU 4           308.829           0.386        0.136        0.141        2389541488                  6065878955                  4108678497                  3269206846                  
GPU 5           315.662           0.380        0.132        0.141        349913658                   4363266612                  7858161990                  7859101219                  
GPU 6           317.171           0.381        0.133        0.141        341769416                   4244423297                  7649963188                  7649962314                  
GPU 7           306.799           0.383        0.133        0.141        3297373827                  6594263935                  3552721324                  4302798995                  
GPU 0           306.911           0.381        0.131        0.142        2382995628                  6465846214                  4133011899                  3384303406                  
GPU 1           328.690           0.384        0.135        0.140        299723306                   3831478551                  7962060218                  7962061267                  
GPU 2           307.203           0.378        0.130        0.140        272124255                   3482787192                  9514531617                  9515560409                  
GPU 3           295.559           0.377        0.132        0.135        4339354490                  6583979097                  5700982416                  6318432782                  
GPU 4           310.981           0.380        0.134        0.137        3561709137                  7228650427                  5994589970                  5410485892                  
GPU 5           315.934           0.379        0.133        0.138        276440003                   3491649912                  11098726956                 11098935551                 
GPU 6           319.277           0.384        0.130        0.138        264336652                   3353597214                  11442832616                 11442832092                 
GPU 7           308.160           0.385        0.134        0.142        3208015439                  6162349831                  3468053149                  4214283820                  
GPU 0           300.924           0.367        0.125        0.138        3949024246                  7438134151                  6674429448                  6093898948                  
GPU 1           324.367           0.369        0.127        0.138        299217612                   6509564535                  12236578082                 12236576509                 
GPU 2           300.118           0.361        0.118        0.142        354973740                   4484028339                  9620581764                  9618780066                  
GPU 3           292.791           0.361        0.114        0.149        2771234608                  6224628044                  2611407764                  3371299967                  
GPU 4           310.307           0.365        0.119        0.147        2198477936                  6860050154                  3815850491                  2986336622                  
GPU 5           313.019           0.367        0.120        0.147        361655271                   4507950745                  6757045635                  6755794524                  
GPU 6           313.731           0.375        0.116        0.146        383686999                   4798055737                  7314144170                  7315910378                  
GPU 7           303.025           0.369        0.125        0.140        4356326823                  6851286730                  5739140246                  6338000930                  
GPU 0           303.861           0.364        0.122        0.141        2340726816                  9045713438                  3855669463                  3089325069                  
GPU 1           322.513           0.370        0.125        0.143        420832012                   4719488230                  7174020107                  7174019583                  
GPU 2           305.835           0.365        0.123        0.141        436771136                   6858051061                  7089075963                  7088445104                  
GPU 3           290.574           0.371        0.127        0.139        3475519382                  8891130872                  3754283539                  4495963281                  
GPU 4           309.707           0.370        0.127        0.139        2986195093                  10253992746                 4834510166                  4159994132                  
GPU 5           313.222           0.372        0.128        0.140        452682701                   7244244517                  9045886604                  9045887128                  
GPU 6           317.531           0.359        0.128        0.139        449769936                   7223861551                  8640574745                  8638809082                  
GPU 7           300.340           0.370        0.125        0.142        3198937655                  9361793917                  3177244901                  3929644732                  
GPU 0           303.658           0.373        0.126        0.142        3265089729                  7297796464                  5594370717                  4866167722                  
GPU 1           324.092           0.368        0.123        0.142        353795154                   4217446418                  9603009098                  9603010671                  
GPU 2           308.437           0.371        0.123        0.144        314106690                   3995749676                  9537705126                  9538400128                  
GPU 3           291.233           0.378        0.128        0.143        3567219719                  6124689589                  4243187009                  4926916440                  
GPU 4           308.468           0.373        0.126        0.143        2601730719                  7339023266                  4404162559                  3654069276                  
GPU 5           312.887           0.374        0.127        0.144        333557146                   4222568225                  7973647489                  7973646441                  
GPU 6           314.810           0.371        0.128        0.143        322394817                   4101663182                  8743733581                  8743734105                  
GPU 7           303.320           0.375        0.125        0.143        3879368485                  6918050740                  4618691736                  5339628767                  
GPU 0           309.573           0.380        0.132        0.139        3331575461                  6337022400                  5722707680                  5124003754                  
GPU 1           329.816           0.367        0.121        0.146        333938154                   151157933                   6770985159                  6770984286                  
GPU 2           314.336           0.384        0.136        0.137        209200415                   2608633746                  12916921108                 12917750788                 
GPU 3           297.502           0.376        0.132        0.133        5070433165                  6211773587                  7277080342                  7782565848                  
GPU 4           316.274           0.374        0.133        0.132        4955797553                  6906696611                  8483687247                  7977212294                  
GPU 5           317.906           0.377        0.134        0.134        148568571                   1795720666                  16563310420                 16563309372                 
GPU 6           320.702           0.375        0.132        0.135        171165150                   2091922666                  15594020742                 15595817218                 
GPU 7           319.639           0.379        0.130        0.141        3760842937                  6179852312                  10766526315                 5304016386                  
#Entity         POWER             SMACT        TENSO        DRAMA        PCITX                       PCIRX                       NVLTX                       NVLRX                       
ID               W                                                                                                                                                                       
GPU 0           309.573           0.409        0.132        0.125        3331575461                  6197515275                  5722707680                  5124003754                  
GPU 1           329.816           0.367        0.152        0.122        333938154                   151157933                   6770985159                  6770984286                  
GPU 2           314.336           0.384        0.136        0.137        209200415                   50399859                    12916921108                 12917750788                 
GPU 3           297.502           0.376        0.132        0.133        6544124176                  6211773587                  7277080342                  7782565848                  
GPU 4           316.274           0.374        0.133        0.132        4955797553                  6906696611                  8483687247                  7977212294                  
GPU 5           317.906           0.377        0.134        0.134        148568571                   1795720666                  16563310420                 16563309372                 
GPU 6           320.702           0.375        0.132        0.135        171165150                   2091922666                  15594020742                 15595817218                 
GPU 7           319.639           0.379        0.130        0.141        3760842937                  6179852312                  10766526315                 5304016386                  
GPU 0           314.401           0.387        0.158        0.118        6282439792                  6361720699                  10875208298                 10516856391                 
GPU 1           333.935           0.393        0.144        0.134        9970528                     47116296                    21924354914                 21924355351                 
GPU 2           315.484           0.422        0.164        0.129        7777610                     44215367                    19803402385                 19802571690                 
GPU 3           301.400           0.400        0.154        0.122        6695672938                  5769770696                  10462848325                 10746956171                 
GPU 4           313.151           0.388        0.141        0.121        6473057193                  6253094012                  11089753727                 10842388347                 
GPU 5           322.479           0.393        0.143        0.134        161446798                   43903088                    21912906058                 21913761785                 
GPU 6           321.906           0.395        0.142        0.123        7963658                     44400294                    22036346896                 22036313708                 
GPU 7           309.565           0.391        0.142        0.119        6885413040                  6181784327                  11227761675                 11418968267                 
GPU 0           306.960           0.387        0.140        0.131        4754216811                  6671478283                  8179730054                  7671067286                  
GPU 1           329.735           0.392        0.142        0.134        215149972                   2758732269                  13223540937                 13223007971                 
GPU 2           310.745           0.385        0.136        0.134        212355921                   2719184993                  14375292890                 14373978665                 
GPU 3           297.608           0.387        0.138        0.134        4520547395                  6253485217                  6067175684                  6685914961                  
GPU 4           313.353           0.386        0.137        0.137        3180969667                  6726408960                  5463755594                  4787564850                  
GPU 5           319.486           0.387        0.137        0.138        282971304                   3533657198                  10161057468                 10159838358                 
GPU 6           323.595           0.390        0.136        0.138        273272570                   3402874218                  10928547699                 10928548748                 
GPU 7           306.944           0.388        0.138        0.137        3707301875                  6244641667                  4508045899                  5180144328                  
GPU 0           312.996           0.386        0.136        0.138        2933080766                  6619860975                  5036196596                  4367810930                  
GPU 1           334.991           0.395        0.145        0.135        243182908                   3235146094                  11035357639                 11035255957                 
GPU 2           313.884           0.393        0.141        0.137        260644419                   3309855270                  10500029035                 10502365120                 
GPU 3           300.550           0.385        0.137        0.135        3815912305                  6091705412                  4890502662                  5469747951                  
GPU 4           314.747           0.394        0.144        0.134        3342214096                  6288262364                  5750269771                  5158180503                  
GPU 5           324.595           0.398        0.145        0.136        268380481                   3409873030                  10901753545                 10901755118                 
GPU 6           325.890           0.385        0.146        0.136        256601797                   3295377105                  10984893268                 10984893268                 
GPU 7           309.857           0.398        0.144        0.136        4007207959                  6377518868                  5120760155                  5755347856                  
GPU 0           303.769           0.392        0.141        0.136        2968881347                  6698896493                  5051621343                  4424446422                  
GPU 1           320.979           0.363        0.119        0.142        363474521                   4535377917                  6631944136                  6632786421                  
GPU 2           305.419           0.385        0.136        0.137        304675938                   3878607253                  8156676070                  8155118104                  
GPU 3           293.446           0.378        0.130        0.139        3220543349                  6152690009                  3471477081                  4214763818                  
GPU 4           310.103           0.372        0.126        0.139        2334374133                  7009499518                  3957533770                  3207726942                  
GPU 5           308.958           0.374        0.127        0.140        321459915                   3988779392                  7190873660                  7190872087                  
GPU 6           317.456           0.397        0.123        0.141        338222987                   4197379869                  6935756478                  6935756478                  
GPU 7           303.208           0.379        0.130        0.139        3086501070                  6149837535                  3310307831                  4015251983                  
GPU 0           303.769           0.370        0.141        0.141        2968881347                  6745569476                  5051621343                  4424446422                  
GPU 1           320.979           0.363        0.141        0.138        363474521                   4535377917                  6631944136                  6632786421                  
GPU 2           315.594           0.385        0.136        0.137        304675938                   4369118846                  8156676070                  8155118104                  
GPU 3           293.446           0.378        0.130        0.141        3138849394                  6152690009                  3471477081                  4214763818                  
GPU 4           316.486           0.393        0.142        0.139        2334374133                  7009499518                  3957533770                  3207726942                  
GPU 5           320.907           0.374        0.127        0.140        321459915                   3988779392                  7190873660                  7190872087                  
GPU 6           317.456           0.369        0.123        0.141        338222987                   4197379869                  6935756478                  6935756478                  
GPU 7           303.208           0.379        0.130        0.139        3086501070                  6149837535                  3310307831                  4015251983                  
GPU 0           318.464           0.398        0.145        0.136        3456410954                  6072153346                  5984878785                  5397847358                  
GPU 1           342.152           0.392        0.144        0.138        200277938                   2622516279                  11033633611                 11032893023                 
GPU 2           311.257           0.410        0.153        0.135        188514107                   2412648621                  12541122475                 12541121951                 
GPU 3           307.095           0.377        0.128        0.134        4364399770                  5399583202                  3428299690                  4179137230                  
GPU 4           313.657           0.387        0.136        0.135        3449383640                  6588382471                  5908503756                  5300693537                  
GPU 5           318.360           0.379        0.144        0.138        208395968                   2648804410                  10943131827                 10943131827                 
GPU 6           319.109           0.394        0.142        0.137        217911437                   2782445367                  10827499000                 10828318544                 
GPU 7           316.348           0.397        0.143        0.137        3995032726                  5753621802                  5191867673                  5819106733                  
GPU 0           301.847           0.373        0.125        0.142        2726978914                  7261160224                  4643980511                  3892620945                  
GPU 1           324.053           0.398        0.111        0.146        244827886                   3245744250                  10749630536                 10749631060                 
GPU 2           296.294           0.371        0.124        0.142        354979284                   4523567563                  8427475409                  8427475409                  
GPU 3           290.606           0.402        0.148        0.144        3297636227                  5690684390                  5930095735                  6521082420                  
GPU 4           299.245           0.351        0.110        0.140        3078997366                  6731373891                  5276494708                  4613257252                  
GPU 5           304.241           0.353        0.130        0.142        336677283                   4236032019                  9129443232                  9129543402                  
GPU 6           308.519           0.380        0.131        0.142        333762493                   4194972471                  9192703079                  9191636481                  
GPU 7           302.001           0.377        0.127        0.143        3543164591                  7098797871                  3915356156                  4672077463                  
GPU 0           293.586           0.352        0.110        0.145        2047500501                  7392616510                  3452511897                  2620961865                  
GPU 1           313.889           0.353        0.118        0.144        416246832                   5177149286                  6051970303                  6052824159                  
GPU 2           305.461           0.352        0.110        0.145        451778613                   5664145371                  6076132644                  6076858534                  
GPU 3           284.624           0.368        0.121        0.145        2873120588                  6693537577                  3516404452                  4271508830                  
GPU 4           305.088           0.368        0.123        0.144        2035038460                  7369557179                  3441893171                  2618090579                  
GPU 5           311.057           0.375        0.111        0.146        428495537                   5291926125                  6091297097                  6091208520                  
GPU 6           312.797           0.352        0.110        0.145        426770936                   5274558845                  6069144677                  6069144677                  
GPU 7           292.800           0.356        0.112        0.146        2934894825                  7320621578                  2622539310                  3452230306                  
GPU 0           307.647           0.382        0.132        0.141        2883585606                  6664077326                  4969430317                  4271828228                  
GPU 1           329.432           0.387        0.136        0.142        302744468                   3946553832                  9305219835                  9305222217                  
GPU 2           310.812           0.385        0.133        0.142        287883394                   3673476623                  9455275767                  9454790773                  
GPU 3           299.571           0.389        0.136        0.140        3779425449                  5925952964                  4648278572                  5332154344                  
GPU 4           315.409           0.381        0.133        0.141        2840816489                  7333517829                  4837103735                  4083735977                  
GPU 5           321.514           0.399        0.125        0.145        324090055                   4083094419                  8565165590                  8565244211                  
GPU 6           325.998           0.377        0.129        0.142        302515438                   3847585738                  8459769271                  8459769708                  
GPU 7           309.875           0.391        0.137        0.142        3716139249                  6170901516                  4504938169                  5195525738                  
GPU 0           325.930           0.412        0.153        0.135        3519502498                  5791831009                  6127464134                  5557404239                  
GPU 1           336.381           0.407        0.150        0.137        196611377                   2577965006                  11272049675                 11272048627                 
GPU 2           321.145           0.408        0.150        0.137        195215515                   2503250413                  11213998872                 11215069674                 
GPU 3           306.800           0.400        0.145        0.136        3922620922                  5458688731                  5152776802                  5744808866                  
GPU 4           319.918           0.410        0.153        0.140        2751940892                  6770806427                  4743545562                  4004196889                  
GPU 5           329.890           0.404        0.148        0.136        207675139                   3196214819                  10457279069                 10457198355                 
GPU 6           328.377           0.391        0.142        0.140        262362812                   3300530680                  11144703547                 11144704857                 
GPU 7           317.774           0.394        0.140        0.139        3941797573                  5984486921                  5006608894                  5657052593                  
GPU 0           297.502           0.368        0.126        0.135        3443041028                  6766767427                  5915835382                  5272578463                  
GPU 1           320.418           0.362        0.123        0.135        252708437                   3247293446                  11528567188                 11528566664                 
GPU 2           307.222           0.369        0.126        0.136        243332435                   3085373669                  11401743499                 11401188992                 
GPU 3           296.467           0.370        0.127        0.136        3993435031                  6085259491                  5053369432                  5712938201                  
GPU 4           300.304           0.356        0.122        0.134        3506507417                  6232556943                  5976549589                  5459098922                  
GPU 5           310.571           0.343        0.118        0.123        149574853                   2632888090                  12079203213                 12079360453                 
GPU 6           305.122           0.393        0.122        0.135        208126783                   2655698585                  11658226209                 11658225806                 
GPU 7           298.716           0.392        0.130        0.136        3957600324                  5567100691                  5214682629                  5813415210                  
GPU 0           301.696           0.351        0.134        0.108        7564116821                  7164293261                  12864665744                 12703409446                 
GPU 1           323.841           0.351        0.134        0.111        6142419                     32642348                    25267845574                 25267845050                 
GPU 2           310.183           0.355        0.136        0.111        6380039                     33416983                    25359430898                 25359310876                 
GPU 3           290.886           0.350        0.133        0.108        7760253027                  7069762068                  12851608773                 12960669743                 
GPU 4           308.650           0.360        0.137        0.129        4199357850                  6954865510                  7184090617                  6617064116                  
GPU 5           311.493           0.374        0.142        0.123        102319750                   1854989201                  16482657594                 16482423698                 
GPU 6           319.831           0.339        0.145        0.116        93071046                    1110408489                  20944283309                 20944283891                 
GPU 7           305.624           0.351        0.136        0.113        7019146497                  6957263745                  11320621230                 11518706730                 
GPU 0           302.438           0.372        0.129        0.137        2422537244                  6183630767                  4170664384                  3505528239                  
GPU 1           319.212           0.367        0.126        0.138        284967530                   3674181200                  7478740316                  7478740840                  
GPU 2           298.306           0.371        0.127        0.138        283156829                   3586044334                  7576919476                  7577846617                  
GPU 3           288.907           0.370        0.128        0.136        3234338698                  5484444476                  3690589506                  4387618371                  
GPU 4           305.415           0.363        0.121        0.114        6527614871                  6787142696                  11136823707                 10859522255                 
GPU 5           309.483           0.350        0.111        0.145        355304049                   1307070485                  17628850332                 17628849021                 
GPU 6           306.541           0.383        0.110        0.126        110626948                   1448671474                  15807967348                 15808237510                 
GPU 7           301.533           0.376        0.112        0.131        4065527419                  5559237350                  5424383562                  6029203575                  
#Entity         POWER             SMACT        TENSO        DRAMA        PCITX                       PCIRX                       NVLTX                       NVLRX                       
ID               W                                                                                                                                                                       
GPU 0           305.387           0.352        0.111        0.145        2026105900                  7068024346                  3451891997                  2635184439                  
GPU 1           322.059           0.355        0.114        0.144        340474022                   4246288482                  7194790489                  7194790489                  
GPU 2           305.087           0.356        0.114        0.144        365162049                   4592439867                  7059508302                  7059490565                  
GPU 3           289.153           0.358        0.115        0.143        3195247556                  6174709592                  3414942626                  4162362369                  
GPU 4           303.080           0.358        0.116        0.143        2470966353                  6873976187                  4225925567                  3478265945                  
GPU 5           313.511           0.363        0.119        0.144        343021959                   4436214813                  6112997119                  6112996464                  
GPU 6           313.130           0.348        0.122        0.144        334716211                   4199465526                  6130006321                  6129762609                  
GPU 7           302.946           0.353        0.137        0.145        2871803979                  6555764075                  2636102814                  3458510088                  
GPU 0           308.703           0.403        0.148        0.135        4466017559                  6029514392                  7738307169                  3180672998                  
GPU 1           329.380           0.394        0.142        0.137        167311076                   2246591162                  13432815786                 13432817533                 
GPU 2           315.195           0.394        0.141        0.138        185821541                   2442690619                  12865509777                 12864292315                 
GPU 3           295.255           0.388        0.137        0.137        4237251373                  5791785385                  5695228644                  6285378737                  
GPU 4           317.832           0.389        0.139        0.138        3683507986                  6253576355                  6370182939                  5781031942                  
GPU 5           319.333           0.391        0.139        0.140        201393071                   4258866114                  8119522551                  8119523599                  
GPU 6           325.012           0.367        0.135        0.142        327327376                   4074004531                  9532286986                  9532286462                  
GPU 7           309.454           0.391        0.134        0.142        4462728586                  6141827345                  6049961463                  6641121070                  
GPU 0           309.409           0.378        0.129        0.142        2279401896                  6564637022                  3931839825                  3187648491                  
GPU 1           328.791           0.385        0.134        0.143        316019083                   4064148425                  7278781428                  7278780379                  
GPU 2           309.373           0.384        0.133        0.142        325729019                   4126349370                  7268087333                  7268006622                  
GPU 3           293.494           0.382        0.132        0.141        3081500239                  5632315198                  3295599790                  4043703933                  
GPU 4           313.379           0.382        0.133        0.142        2317771770                  6298384284                  4039592358                  3290613481                  
GPU 5           320.747           0.385        0.134        0.143        303786003                   2582320176                  12066079345                 12066662703                 
GPU 6           322.305           0.385        0.132        0.141        215120898                   2732401232                  10794311436                 10795383363                 
GPU 7           306.246           0.387        0.119        0.146        3251866131                  5730197870                  3731278107                  4416927400                  
GPU 0           304.386           0.368        0.123        0.143        2262600912                  6336222039                  3937165734                  4641323547                  
GPU 1           327.761           0.364        0.121        0.142        295103707                   3809560328                  7209317961                  7209318485                  
GPU 2           307.099           0.371        0.125        0.141        274336246                   3562048623                  8620310382                  8620309858                  
GPU 3           294.564           0.374        0.128        0.140        3611346068                  5597060147                  4420383828                  5088423709                  
GPU 4           313.157           0.375        0.128        0.140        2969002436                  7313316960                  4998720282                  4326252951                  
GPU 5           313.470           0.375        0.129        0.140        253674449                   3843578702                  7336391239                  7336410103                  
GPU 6           317.516           0.381        0.129        0.143        320392621                   4067813564                  7140965473                  7139893686                  
GPU 7           307.830           0.365        0.132        0.139        2861846313                  5944507860                  2748789401                  3554492932                  
GPU 0           299.913           0.367        0.122        0.141        3129345037                  7133169896                  5392369962                  9578300580                  
GPU 1           317.102           0.367        0.122        0.142        332468732                   4199436172                  9837316288                  9837315240                  
GPU 2           299.737           0.363        0.118        0.144        360929951                   4564466464                  8433081862                  8433081338                  
GPU 3           285.261           0.359        0.116        0.145        3280063293                  6625684365                  3347766099                  4178790717                  
GPU 4           303.945           0.360        0.117        0.145        2533020944                  7818218093                  4207056387                  3453999449                  
GPU 5           310.447           0.362        0.117        0.146        387640009                   3214434896                  9408985272                  9409450749                  
GPU 6           312.386           0.375        0.113        0.141        311149465                   3931592498                  10119184792                 10119185229                 
GPU 7           297.119           0.381        0.119        0.132        3903467161                  6380359642                  4908734529                  5548262503                  
GPU 0           304.894           0.352        0.126        0.122        5859369702                  7285102499                  9934176126                  8032269466                  
GPU 1           324.725           0.351        0.130        0.118        75954684                    963217488                   22828358066                 22831509341                 
GPU 2           310.244           0.357        0.134        0.116        97724669                    1222031669                  24000006404                 24000006001                 
GPU 3           290.643           0.353        0.133        0.114        7376062778                  7619605705                  11890024063                 12095595552                 
GPU 4           305.033           0.351        0.131        0.116        6810195808                  7917937172                  11512240123                 11219624196                 
GPU 5           314.813           0.360        0.135        0.119        113193881                   1420889628                  22734602418                 22733893763                 
GPU 6           316.254           0.349        0.131        0.115        101309388                   1272084603                  24367799365                 24367798928                 
GPU 7           302.998           0.353        0.134        0.117        4845136732                  6981887723                  6671473848                  7217639030                  
GPU 0           307.108           0.371        0.136        0.126        5028475180                  7654712085                  4301940396                  3631982480                  
GPU 1           326.332           0.376        0.134        0.136        300006105                   3922426157                  7745633009                  11070758841                 
GPU 2           306.146           0.388        0.137        0.141        313171982                   3996036150                  7581249380                  7582424097                  
GPU 3           294.724           0.378        0.131        0.140        3025619376                  5789380170                  3276288760                  3968280501                  
GPU 4           309.486           0.379        0.132        0.141        2342893906                  6696351563                  3976541908                  3276035768                  
GPU 5           314.237           0.380        0.132        0.141        311210758                   3939612674                  7224196651                  7224198224                  
GPU 6           316.713           0.379        0.131        0.142        305330441                   3878520808                  7280572001                  7280838767                  
GPU 7           304.640           0.358        0.132        0.141        7048560574                  5834794033                  11010614777                 11342642321                 
GPU 0           311.996           0.383        0.135        0.139        2473843977                  5887954205                  4193730088                  3447467935                  
GPU 1           328.710           0.379        0.133        0.140        290496748                   3703131304                  8602196517                  7745633883                  
GPU 2           307.785           0.378        0.131        0.140        288806628                   3608994526                  7684087174                  7683149002                  
GPU 3           293.169           0.377        0.130        0.140        3184473033                  5532879190                  3495622650                  4240683172                  
GPU 4           312.112           0.378        0.133        0.138        2543584812                  6669893160                  4376167351                  3633114673                  
GPU 5           318.400           0.382        0.134        0.140        261093698                   3252184847                  8032267974                  8032265877                  
GPU 6           319.884           0.377        0.131        0.141        294092410                   3662411423                  7746687459                  7746421216                  
GPU 7           304.549           0.380        0.137        0.139        3064927863                  5503540470                  3271550035                  4009384306                  
GPU 0           302.732           0.379        0.133        0.137        2583867611                  5965793858                  4509966826                  3837537486                  
GPU 1           321.100           0.386        0.137        0.140        265022681                   3481231654                  7837127135                  7837758721                  
GPU 2           304.070           0.377        0.131        0.139        249537772                   3273916287                  8118091498                  8134331243                  
GPU 3           296.791           0.381        0.135        0.135        3334697250                  4967666310                  4029938992                  4688445291                  
GPU 4           308.034           0.382        0.136        0.136        2723103668                  6223782979                  4703302662                  4036606360                  
GPU 5           308.521           0.381        0.134        0.139        250908234                   3243903239                  8357248651                  8357746197                  
GPU 6           310.430           0.383        0.136        0.138        255462047                   3293192019                  8534328485                  8534329184                  
GPU 7           305.078           0.384        0.135        0.138        3283210437                  5281602594                  3864352205                  4550148265                  
GPU 0           303.530           0.375        0.130        0.137        3174074565                  6410605805                  5513002927                  4842263122                  
GPU 1           321.332           0.371        0.127        0.138        254916794                   3318705282                  10548992942                 10549300082                 
GPU 2           308.756           0.380        0.133        0.136        220454234                   2853602735                  10221568054                 8119345210                  
GPU 3           293.242           0.393        0.142        0.134        3808745570                  5330447191                  4968984347                  5560013200                  
GPU 4           309.248           0.391        0.143        0.132        3524748244                  5948025400                  6096533259                  5524928619                  
GPU 5           311.080           0.389        0.142        0.132        183447842                   2370875982                  11973239700                 11972370944                 
GPU 6           315.810           0.378        0.134        0.135        235310412                   3023443655                  11094046060                 11094044895                 
GPU 7           304.219           0.377        0.130        0.137        3869600439                  6003523505                  4844801421                  5513952027                  
GPU 0           306.349           0.370        0.123        0.142        2864412176                  6656112786                  4903627619                  4230008361                  
GPU 1           320.329           0.368        0.122        0.142        291047484                   3717026663                  9144204754                  9139657407                  
GPU 2           303.989           0.374        0.127        0.139        277750988                   3555659636                  9179094296                  10220313278                 
GPU 3           290.095           0.368        0.123        0.140        3838915153                  6425713130                  4577666475                  5316229583                  
GPU 4           308.510           0.362        0.119        0.141        2689366696                  6909482185                  4620695129                  3871506586                  
GPU 5           311.698           0.367        0.121        0.142        305696222                   3888760295                  8919608486                  8919608010                  
GPU 6           313.765           0.369        0.122        0.143        312896053                   3965135259                  9133997834                  9133997310                  
GPU 7           301.773           0.373        0.124        0.143        3542656509                  6023659987                  4227864854                  4903925174                  
GPU 0           312.317           0.395        0.143        0.138        3044888795                  6419726667                  5271930148                  4609341606                  
GPU 1           332.807           0.394        0.142        0.138        261438391                   3469009705                  9869808222                  9873416394                  
GPU 2           316.092           0.369        0.122        0.142        290203260                   3676909919                  9230228589                  9230146912                  
GPU 3           301.453           0.371        0.123        0.143        3356125937                  5763252980                  3396813976                  4587844772                  
GPU 4           317.704           0.381        0.132        0.140        2921579044                  6565145658                  4998300049                  4350693669                  
GPU 5           322.663           0.388        0.137        0.140        254382027                   3253839739                  9196935034                  9198182994                  
GPU 6           323.837           0.391        0.139        0.139        250721382                   3215345180                  9562953517                  9563782099                  
GPU 7           311.506           0.397        0.143        0.137        3702840379                  5727737787                  4609198415                  5270828350                  
GPU 0           295.661           0.362        0.119        0.141        2062742966                  6410671865                  3601092926                  2807259133                  
GPU 1           318.568           0.353        0.113        0.142        327586855                   4089473063                  6257342337                  6257964698                  
GPU 2           299.710           0.388        0.137        0.139        309587894                   3989771041                  6949195032                  6950457536                  
GPU 3           288.324           0.379        0.130        0.140        3163166888                  5977965861                  5280403833                  4144223738                  
GPU 4           304.069           0.371        0.126        0.141        2368564868                  7269107368                  3979920661                  3233038994                  
GPU 5           307.811           0.362        0.118        0.144        373033896                   4672793770                  6741324794                  6740077377                  
GPU 6           312.740           0.355        0.113        0.144        371385270                   4664875022                  6428136680                  6427308610                  
GPU 7           297.929           0.366        0.120        0.142        2841762793                  6038666747                  2806857135                  3553566785                  
GPU 0           293.495           0.360        0.119        0.140        2975697192                  7404388862                  5034830445                  4320388425                  
GPU 1           317.738           0.366        0.123        0.140        360429386                   4586788130                  9471601649                  9471123095                  
GPU 2           297.685           0.364        0.120        0.140        368657791                   4627874091                  9606330020                  9605412309                  
GPU 3           287.615           0.377        0.132        0.135        4103853105                  6053770231                  2758417049                  5935986457                  
GPU 4           298.928           0.372        0.129        0.135        3277123367                  6449399729                  5684655414                  5015130983                  
GPU 5           302.591           0.377        0.131        0.137        308789457                   3910876255                  10663682873                 10664563424                 
GPU 6           307.189           0.371        0.127        0.139        331130657                   4193238542                  9881922752                  9881922752                  
GPU 7           294.535           0.366        0.121        0.141        3770700252                  7195221026                  4319277050                  5070761149                  
#Entity         POWER             SMACT        TENSO        DRAMA        PCITX                       PCIRX                       NVLTX                       NVLRX                       
ID               W                                                                                                                                                                       
GPU 0           304.658           0.371        0.124        0.142        2589186545                  6394838916                  4518402800                  3776038364                  
GPU 1           324.496           0.368        0.122        0.143        288183958                   3687470120                  7923157032                  7923999836                  
GPU 2           303.482           0.367        0.121        0.142        304108328                   3897836534                  7919699738                  7919700786                  
GPU 3           289.187           0.356        0.112        0.145        2936803682                  6369260245                  4034413500                  3582118916                  
GPU 4           308.192           0.366        0.121        0.142        2514763950                  6714519496                  4329037638                  3583197070                  
GPU 5           311.251           0.366        0.121        0.142        322465050                   4029910078                  7921474321                  7920593278                  
GPU 6           316.167           0.371        0.124        0.142        304186762                   3808783675                  8403822967                  8404687089                  
GPU 7           302.544           0.373        0.125        0.142        3396465196                  6040406281                  3825892818                  4569533232                  
GPU 0           318.679           0.403        0.145        0.139        4079601776                  7045963434                  6912743048                  6395339523                  
GPU 1           336.788           0.401        0.145        0.138        224982751                   2990810305                  13732030499                 13731186644                 
GPU 2           319.218           0.404        0.146        0.138        246224392                   3156944586                  13557713808                 13559722731                 
GPU 3           304.400           0.376        0.127        0.141        3406652613                  5700872220                  5997576810                  4701723390                  
GPU 4           322.384           0.369        0.123        0.143        2599109683                  7171228440                  4417531842                  3671447410                  
GPU 5           327.605           0.385        0.133        0.142        272993065                   3484355197                  10128189895                 10128191105                 
GPU 6           328.767           0.386        0.134        0.154        284220523                   3626461440                  11583115837                 11583684899                 
GPU 7           316.659           0.398        0.141        0.140        4201926510                  6099784191                  5601732321                  6191480281                  
GPU 0           302.976           0.373        0.124        0.143        2557388837                  6805572258                  4405970865                  3658740955                  
GPU 1           320.839           0.371        0.123        0.144        315476138                   4039436898                  8016887130                  8013783682                  
GPU 2           303.377           0.371        0.123        0.143        304788000                   3927064787                  8186995849                  8184986851                  
GPU 3           293.133           0.393        0.139        0.138        4482952684                  6662771364                  3487622813                  4235980003                  
GPU 4           307.184           0.388        0.136        0.138        3901462852                  7465788493                  4655000250                  5995498769                  
GPU 5           310.628           0.371        0.123        0.144        319487846                   4038667830                  10296443615                 9032321205                  
GPU 6           314.907           0.376        0.127        0.142        301756384                   3841999134                  9417883838                  9416885986                  
GPU 7           303.640           0.383        0.129        0.143        3663387839                  6387234535                  4409822963                  5082326500                  
GPU 0           309.302           0.377        0.131        0.136        3928373136                  6690938904                  6759867588                  6162034736                  
GPU 1           327.605           0.372        0.127        0.139        245136649                   3085251057                  11523463989                 11529201542                 
GPU 2           307.701           0.374        0.127        0.139        260675205                   3302937858                  11314232777                 11318070953                 
GPU 3           297.670           0.369        0.121        0.143        3230694474                  6159321049                  7870086243                  8307157163                  
GPU 4           313.651           0.372        0.124        0.142        2711722897                  6945635755                  7680871198                  3907826158                  
GPU 5           315.306           0.388        0.134        0.141        285484950                   3592818414                  12738712825                 10296444663                 
GPU 6           320.663           0.373        0.126        0.142        284255230                   3588759363                  9712545144                  9713774715                  
GPU 7           308.429           0.376        0.127        0.141        3734630716                  6392444748                  4411353880                  5133793961                  
GPU 0           293.749           0.352        0.115        0.139        2424172672                  6686878019                  4168457589                  3429784834                  
GPU 1           312.181           0.354        0.118        0.138        320785089                   4080905653                  8965472667                  8963885409                  
GPU 2           295.342           0.353        0.117        0.138        311382122                   3961393590                  8729203674                  8726461372                  
GPU 3           280.927           0.351        0.114        0.140        3007304289                  6243564356                  2998027130                  3815717866                  
GPU 4           300.279           0.347        0.110        0.142        2010029363                  6727330963                  3480465554                  2664733446                  
GPU 5           301.536           0.361        0.126        0.132        234240965                   3012200365                  6140452446                  12738713350                 
GPU 6           305.125           0.359        0.123        0.134        288582302                   3653562731                  11595796703                 11594190440                 
GPU 7           292.351           0.362        0.125        0.133        4335042353                  6814587943                  5693419873                  6312400300                  
GPU 0           304.717           0.369        0.124        0.139        2902329413                  6683790048                  5040641725                  4309964151                  
GPU 1           320.249           0.365        0.123        0.139        268178053                   3495392027                  9962429313                  9961516666                  
GPU 2           303.485           0.365        0.121        0.140        273823681                   3531879944                  9145324908                  9146016741                  
GPU 3           287.237           0.366        0.122        0.139        3624146791                  5896070594                  4388864755                  5047251890                  
GPU 4           307.533           0.365        0.122        0.140        2844886723                  6573837228                  4869255764                  4204721067                  
GPU 5           313.443           0.349        0.111        0.144        344569423                   4326379464                  10111950202                 6140451922                  
GPU 6           316.941           0.357        0.116        0.142        271173500                   3424336446                  7758304467                  7759323295                  
GPU 7           304.124           0.359        0.117        0.142        3081937454                  5541422780                  3356415883                  4089309296                  
GPU 0           306.344           0.374        0.131        0.133        3630582766                  9544654800                  5998066797                  5408139008                  
GPU 1           319.689           0.365        0.125        0.135        361793337                   5764556687                  9841862325                  9841863199                  
GPU 2           302.940           0.373        0.130        0.134        378260597                   6138183808                  10598870911                 10598231474                 
GPU 3           291.582           0.369        0.128        0.133        4072530893                  6100861974                  4999806909                  5653056398                  
GPU 4           303.314           0.369        0.129        0.131        3564838231                  9820111235                  5902954863                  5254707262                  
GPU 5           307.385           0.377        0.131        0.137        317989956                   5002039782                  12003998900                 10111950202                 
GPU 6           322.212           0.372        0.130        0.135        358933126                   5849879551                  11015501668                 11015131314                 
GPU 7           301.121           0.374        0.130        0.134        4077564779                  8539133988                  5127257382                  5745008702                  
GPU 0           304.660           0.377        0.129        0.141        2968847646                  7248847578                  5018286987                  4342864198                  
GPU 1           320.224           0.363        0.120        0.141        356236808                   4532045161                  8496861317                  8497034803                  
GPU 2           308.958           0.374        0.126        0.141        340324241                   4314510597                  9463948311                  9463895373                  
GPU 3           292.427           0.365        0.121        0.141        3476097296                  8975268191                  3871555153                  4623541830                  
GPU 4           307.964           0.374        0.127        0.140        3004374908                  7473126176                  5053135943                  4368509705                  
GPU 5           312.273           0.376        0.131        0.136        350762323                   4980690815                  10497076633                 10497076633                 
GPU 6           319.121           0.367        0.123        0.141        353393213                   4415588388                  10906376730                 9109681086                  
GPU 7           299.287           0.369        0.123        0.140        3580490958                  6939444368                  4011540149                  4762029982                  
GPU 0           307.145           0.383        0.134        0.138        3583809372                  6806847142                  6195568852                  5523952143                  
GPU 1           332.830           0.382        0.132        0.140        249769414                   3246087266                  11394037997                 11393863986                 
GPU 2           311.680           0.391        0.138        0.139        276622433                   3513158305                  12072727386                 12073715786                 
GPU 3           298.782           0.385        0.134        0.139        4099585226                  6578541775                  5366291064                  5980311642                  
GPU 4           310.695           0.386        0.136        0.137        3779258346                  7705933256                  6332768604                  5735892713                  
GPU 5           320.099           0.379        0.130        0.141        288942915                   3675299642                  8933615088                  8933474895                  
GPU 6           320.999           0.381        0.132        0.141        273404395                   3490356521                  10453214029                 10906377683                 
GPU 7           305.487           0.385        0.133        0.138        4173048448                  6221795326                  5358860462                  6032295893                  
GPU 0           297.794           0.372        0.125        0.143        2394963626                  6649698677                  4110809220                  3378713697                  
GPU 1           328.255           0.389        0.138        0.140        248285022                   3304030043                  10044776851                 10044777899                 
GPU 2           299.892           0.372        0.126        0.142        344620745                   4374292633                  7821926853                  7821167309                  
GPU 3           286.782           0.386        0.136        0.139        3664451029                  5987671302                  4506908300                  5157612724                  
GPU 4           302.487           0.369        0.124        0.143        2432059635                  7333206232                  4130471124                  3341885108                  
GPU 5           308.387           0.370        0.123        0.145        344278236                   4322240068                  7593974047                  7594075521                  
GPU 6           311.834           0.393        0.141        0.139        251047396                   3221294107                  6016382069                  10453213447                 
GPU 7           295.505           0.394        0.140        0.140        3697834864                  6014597117                  4705845310                  5292771727                  
GPU 0           300.006           0.357        0.112        0.146        1993880873                  7203075513                  3387486017                  2567078612                  
GPU 1           315.720           0.352        0.111        0.145        393372973                   4884618591                  6011847458                  6011846410                  
GPU 2           299.458           0.356        0.112        0.146        386966442                   4915327940                  5909692204                  5909691156                  
GPU 3           287.984           0.357        0.112        0.147        2847145884                  5922273128                  2594918738                  3412130640                  
GPU 4           303.665           0.356        0.113        0.147        2038862469                  7737135768                  3346809002                  2553320394                  
GPU 5           306.320           0.356        0.113        0.147        423830795                   5251122316                  5900138989                  5900138989                  
GPU 6           312.154           0.355        0.112        0.147        428464177                   5313654811                  5920463237                  6017151825                  
GPU 7           298.518           0.359        0.113        0.147        2850773072                  6639905059                  2607627320                  3415698396                  
GPU 0           305.196           0.363        0.115        0.150        1965621355                  7520056213                  3285235867                  2477613672                  
GPU 1           322.009           0.359        0.114        0.148        414617488                   5190547440                  5770922498                  5770923304                  
GPU 2           302.956           0.362        0.115        0.150        363049754                   4533583776                  5746929678                  5746930202                  
GPU 3           294.679           0.362        0.115        0.149        2799202571                  6714337374                  2486598204                  3294964413                  
GPU 4           307.443           0.365        0.117        0.151        1922823336                  6850316867                  3242320632                  2468245459                  
GPU 5           313.065           0.367        0.117        0.152        438227905                   5506134263                  5735818963                  5736379787                  
GPU 6           316.265           0.357        0.113        0.148        392913637                   4922420724                  5658783823                  5919693881                  
GPU 7           300.663           0.362        0.115        0.149        2794959118                  6494648120                  2503486991                  3336199965                  
GPU 0           308.612           0.374        0.120        0.155        1871421646                  8148486830                  3196313504                  2300813013                  
GPU 1           326.125           0.368        0.117        0.153        418387778                   5883634570                  5470600195                  5470598099                  
GPU 2           306.842           0.367        0.115        0.155        388431955                   5813735597                  5868414596                  5868389437                  
GPU 3           294.208           0.367        0.117        0.152        2729470055                  6696691519                  2393923605                  3194169288                  
GPU 4           311.133           0.366        0.114        0.156        1778840571                  9666076468                  4097471252                  1910796066                  
GPU 5           315.596           0.371        0.115        0.158        428632505                   6310426173                  6009149548                  6008588721                  
GPU 6           319.290           0.366        0.117        0.152        457247873                   5712608705                  7014603070                  7014393873                  
GPU 7           305.221           0.370        0.118        0.153        2674004240                  6111218219                  2427410643                  6659785656                  
GPU 0           304.198           0.358        0.080        0.187        1243427310                  15336150312                 9017483082                  2844332                     
GPU 1           326.618           0.358        0.083        0.185        362184071                   5155421663                  8860180386                  8860180386                  
GPU 2           306.275           0.356        0.076        0.189        348358395                   4607575680                  8971600831                  8971626510                  
GPU 3           296.425           0.361        0.093        0.175        7917961252                  6429164570                  705604900                   7203787121                  
GPU 4           306.940           0.360        0.078        0.190        1263197662                  15241008544                 8929960994                  2672949                     
GPU 5           319.875           0.364        0.079        0.194        361612047                   4832255266                  8924171964                  8924006384                  
GPU 6           329.396           0.361        0.102        0.166        399332544                   6084551519                  8550236276                  8550551387                  
GPU 7           309.402           0.363        0.097        0.172        7215004768                  6475578552                  926453864                   7942599792                  
