#Entity         POWER             SMACT        TENSO        DRAMA        PCITX                       PCIRX                       NVLTX                       NVLRX                       
ID               W                                                                                                                                                                       
GPU 0           158.224           N/A          N/A          N/A          N/A                         N/A                         N/A                         N/A                         
GPU 1           162.428           N/A          N/A          N/A          N/A                         N/A                         N/A                         N/A                         
GPU 2           159.125           N/A          N/A          N/A          N/A                         N/A                         N/A                         N/A                         
GPU 3           156.996           N/A          N/A          N/A          N/A                         N/A                         N/A                         N/A                         
GPU 4           71.851            N/A          N/A          N/A          N/A                         N/A                         N/A                         N/A                         
GPU 5           73.926            N/A          N/A          N/A          N/A                         N/A                         N/A                         N/A                         
GPU 6           73.715            N/A          N/A          N/A          N/A                         N/A                         N/A                         N/A                         
GPU 7           73.268            N/A          N/A          N/A          N/A                         N/A                         N/A                         N/A                         
GPU 0           158.224           N/A          N/A          N/A          3888704                     N/A                         N/A                         N/A                         
GPU 1           103.104           0.000        N/A          N/A          3861487                     N/A                         N/A                         N/A                         
GPU 2           159.125           0.000        N/A          N/A          N/A                         N/A                         N/A                         N/A                         
GPU 3           156.996           0.000        N/A          N/A          N/A                         3162729                     N/A                         N/A                         
GPU 4           71.851            N/A          N/A          N/A          N/A                         3608279                     N/A                         N/A                         
GPU 5           73.926            N/A          N/A          N/A          N/A                         3533352                     N/A                         N/A                         
GPU 6           73.715            N/A          N/A          0.000        4128157                     N/A                         N/A                         N/A                         
GPU 7           73.268            0.000        N/A          N/A          3755002                     N/A                         N/A                         N/A                         
GPU 0           101.428           0.000        0.000        0.000        489553                      278846                      0                           0                           
GPU 1           102.913           0.000        0.000        0.000        491130                      282518                      0                           0                           
GPU 2           102.854           0.000        0.000        0.000        481166                      269935                      0                           0                           
GPU 3           102.240           0.000        0.000        0.000        516821                      307681                      0                           0                           
GPU 4           71.691            0.000        0.000        0.000        490534                      299770                      0                           0                           
GPU 5           73.968            0.000        0.000        0.000        528762                      340630                      0                           0                           
GPU 6           73.620            0.000        0.000        0.000        562336                      367903                      0                           0                           
GPU 7           73.237            0.000        0.000        0.000        519457                      334423                      0                           0                           
GPU 0           101.363           0.000        0.000        0.000        4455547                     3646829                     0                           0                           
GPU 1           102.891           0.000        0.000        0.000        4372561                     3587890                     0                           0                           
GPU 2           102.714           0.000        0.000        0.000        4435591                     3649417                     0                           0                           
GPU 3           102.086           0.000        0.000        0.000        4406089                     3593641                     0                           0                           
GPU 4           71.767            0.000        0.000        0.000        4344095                     3698507                     0                           0                           
GPU 5           73.960            0.000        0.000        0.000        4271452                     3626359                     0                           0                           
GPU 6           73.661            0.000        0.000        0.000        4381778                     3725716                     0                           0                           
GPU 7           73.235            0.000        0.000        0.000        4211696                     3576195                     0                           0                           
GPU 0           101.363           0.000        0.000        0.000        4455547                     3646829                     0                           0                           
GPU 1           102.891           0.000        0.000        0.000        5910673                     3587890                     0                           0                           
GPU 2           102.714           0.000        0.000        0.000        4435591                     3649417                     0                           0                           
GPU 3           102.086           0.000        0.000        0.000        4406089                     3713273                     0                           0                           
GPU 4           71.767            0.000        0.000        0.000        4344095                     3698507                     0                           0                           
GPU 5           73.960            0.000        0.000        0.000        4271452                     3626359                     0                           0                           
GPU 6           73.661            0.000        0.000        0.000        4381778                     3725716                     0                           0                           
GPU 7           73.235            0.000        0.000        0.000        4211696                     3576195                     0                           0                           
GPU 0           101.170           0.000        0.000        0.000        5805334                     4747047                     0                           0                           
GPU 1           102.618           0.000        0.000        0.000        4552133                     4882632                     0                           0                           
GPU 2           102.498           0.000        0.000        0.000        5841585                     4821610                     0                           0                           
GPU 3           101.912           0.000        0.000        0.000        6911052                     5714394                     0                           0                           
GPU 4           71.791            0.000        0.000        0.000        5008441                     4272845                     0                           0                           
GPU 5           73.931            0.000        0.000        0.000        4994933                     4255543                     0                           0                           
GPU 6           73.683            0.000        0.000        0.000        5798655                     4002106                     0                           0                           
GPU 7           73.260            0.000        0.000        0.000        4671506                     3973743                     0                           0                           
GPU 0           100.970           0.000        0.000        0.000        5018717                     4126552                     0                           0                           
GPU 1           102.618           0.000        0.000        0.000        4552133                     4977556                     0                           0                           
GPU 2           102.459           0.000        0.000        0.000        4767184                     3918491                     0                           0                           
GPU 3           101.680           0.000        0.000        0.000        4868202                     5714394                     0                           0                           
GPU 4           71.791            0.000        0.000        0.000        5668450                     4863451                     0                           0                           
GPU 5           73.931            0.000        0.000        0.000        4994933                     4811587                     0                           0                           
GPU 6           73.683            0.000        0.000        0.000        5798655                     5097001                     0                           0                           
GPU 7           73.261            0.000        0.000        0.000        5397600                     3973743                     0                           0                           
GPU 0           100.828           0.000        0.000        0.000        4408104                     3593050                     0                           0                           
GPU 1           102.378           0.000        0.000        0.000        309780                      112694                      0                           0                           
GPU 2           102.191           0.000        0.000        0.000        3476109                     2816877                     0                           0                           
GPU 3           101.529           0.000        0.000        0.000        2198553                     1721569                     0                           0                           
GPU 4           71.719            0.000        0.000        0.000        3487178                     2931698                     0                           0                           
GPU 5           73.870            0.000        0.000        0.000        4199878                     3562532                     0                           0                           
GPU 6           73.650            0.000        0.000        0.000        973642                      707520                      0                           0                           
GPU 7           73.254            0.000        0.000        0.000        6381165                     5491428                     0                           0                           
GPU 0           100.832           0.000        0.000        0.000        3511831                     2872363                     0                           0                           
GPU 1           102.392           0.000        0.000        0.000        4107806                     3427976                     0                           0                           
GPU 2           102.136           0.000        0.000        0.000        3445014                     2825579                     0                           0                           
GPU 3           101.528           0.000        0.000        0.000        3794921                     3134479                     0                           0                           
GPU 4           71.760            0.000        0.000        0.000        3399618                     2824717                     0                           0                           
GPU 5           73.920            0.000        0.000        0.000        2123911                     1711325                     0                           0                           
GPU 6           73.686            0.000        0.000        0.000        4285231                     3656360                     0                           0                           
GPU 7           73.256            0.000        0.000        0.000        387817                      191050                      0                           0                           
GPU 0           100.832           0.000        0.000        0.000        549204                      2872363                     0                           0                           
GPU 1           102.392           0.000        0.000        0.000        4107806                     3427976                     0                           0                           
GPU 2           102.136           0.000        0.000        0.000        515250                      2825579                     0                           0                           
GPU 3           101.380           0.000        0.000        0.000        3794921                     3134479                     0                           0                           
GPU 4           71.760            0.000        0.000        0.000        1108402                     842700                      0                           0                           
GPU 5           73.920            0.000        0.000        0.000        2123911                     1753557                     0                           0                           
GPU 6           73.686            0.000        0.000        0.000        4285231                     451186                      0                           0                           
GPU 7           73.256            0.000        0.000        0.000        4664335                     191050                      0                           0                           
GPU 0           100.715           0.000        0.000        0.000        3855620                     3187333                     0                           0                           
GPU 1           102.317           0.000        0.000        0.000        2978033                     3952194                     0                           0                           
GPU 2           102.113           0.000        0.000        0.000        4291058                     308207                      0                           0                           
GPU 3           101.036           0.000        0.000        0.000        472266                      264700                      0                           0                           
GPU 4           71.718            0.000        0.000        0.000        4272271                     3613070                     0                           0                           
GPU 5           73.947            0.000        0.000        0.000        2148186                     3257575                     0                           0                           
GPU 6           73.621            0.000        0.000        0.000        694169                      4572698                     0                           0                           
GPU 7           73.266            0.000        0.000        0.000        1555448                     1210035                     0                           0                           
GPU 0           100.521           0.000        0.000        0.000        4520911                     3722610                     0                           0                           
GPU 1           102.339           0.000        0.000        0.000        4798427                     113219                      0                           0                           
GPU 2           102.072           0.000        0.000        0.000        3457710                     3561613                     0                           0                           
GPU 3           101.189           0.000        0.000        0.000        5720368                     4765663                     0                           0                           
GPU 4           71.742            0.000        0.000        0.000        2835212                     2356562                     0                           0                           
GPU 5           73.921            0.000        0.000        0.000        3863070                     3966068                     0                           0                           
GPU 6           73.644            0.000        0.000        0.000        5348628                     1641546                     0                           0                           
GPU 7           73.245            0.000        0.000        0.000        6387826                     5498342                     0                           0                           
GPU 0           100.442           0.000        0.000        0.000        2800091                     2254973                     0                           0                           
GPU 1           102.206           0.000        0.000        0.000        296153                      3430109                     0                           0                           
GPU 2           102.041           0.000        0.000        0.000        3445088                     2824686                     0                           0                           
GPU 3           101.342           0.000        0.000        0.000        302961                      113741                      0                           0                           
GPU 4           71.753            0.000        0.000        0.000        4003885                     3355612                     0                           0                           
GPU 5           73.927            0.000        0.000        0.000        1950671                     1553288                     0                           0                           
GPU 6           73.750            0.000        0.000        0.000        2004762                     3612929                     0                           0                           
GPU 7           73.270            0.000        0.000        0.000        324897                      123861                      0                           0                           
GPU 0           100.365           0.000        0.000        0.000        586400                      378048                      0                           0                           
GPU 1           102.037           0.000        0.000        0.000        4119380                     2246748                     0                           0                           
GPU 2           101.963           0.000        0.000        0.000        516294                      309252                      0                           0                           
GPU 3           101.021           0.000        0.000        0.000        4060630                     3382373                     0                           0                           
GPU 4           71.660            0.000        0.000        0.000        518304                      326495                      0                           0                           
GPU 5           73.908            0.000        0.000        0.000        2180444                     1786905                     0                           0                           
GPU 6           73.727            0.000        0.000        0.000        4256486                     126732                      0                           0                           
GPU 7           73.267            0.000        0.000        0.000        4677278                     4009927                     0                           0                           
GPU 0           100.316           0.000        0.000        0.000        3830842                     3153670                     0                           0                           
GPU 1           101.984           0.000        0.000        0.000        2779887                     307684                      0                           0                           
GPU 2           102.017           0.000        0.000        0.000        3992809                     3309436                     0                           0                           
GPU 3           101.004           0.000        0.000        0.000        1369039                     1027182                     0                           0                           
GPU 4           71.773            0.000        0.000        0.000        4300509                     3652236                     0                           0                           
GPU 5           73.998            0.000        0.000        0.000        4011355                     3372494                     0                           0                           
GPU 6           73.671            0.000        0.000        0.000        322071                      3904591                     0                           0                           
GPU 7           73.242            0.000        0.000        0.000        2855432                     2353121                     0                           0                           
#Entity         POWER             SMACT        TENSO        DRAMA        PCITX                       PCIRX                       NVLTX                       NVLRX                       
ID               W                                                                                                                                                                       
GPU 0           119.972           0.000        0.000        0.016        514198                      304011                      0                           0                           
GPU 1           101.863           0.000        0.000        0.000        515777                      933103716                   0                           0                           
GPU 2           101.805           0.000        0.000        0.000        279411                      95408                       0                           0                           
GPU 3           109.203           0.000        0.000        0.000        3090928                     2558303                     0                           0                           
GPU 4           71.682            0.000        0.000        0.000        745628                      494544                      0                           0                           
GPU 5           73.923            0.000        0.000        0.000        474823                      279862                      0                           0                           
GPU 6           73.671            0.000        0.000        0.000        4581752                     1338805                     0                           0                           
GPU 7           73.226            0.000        0.000        0.000        776154                      546609                      0                           0                           
GPU 0           110.654           0.029        0.002        0.007        48330766                    67102144                    819764809                   819765183                   
GPU 1           124.632           0.035        0.000        0.004        11563669                    138928091                   69656144                    69656144                    
GPU 2           115.627           0.041        0.002        0.021        33794743                    6264474                     906959951                   906959951                   
GPU 3           111.863           0.000        0.002        0.020        71841561                    1146524070                  483524158                   483522061                   
GPU 4           71.841            0.000        0.000        0.000        4339297                     3711578                     0                           0                           
GPU 5           73.936            0.000        0.000        0.000        2296371                     3780608                     0                           0                           
GPU 6           73.663            0.000        0.000        0.000        1696614                     2570295                     0                           0                           
GPU 7           73.227            0.000        0.000        0.000        4352513                     457859                      0                           0                           
GPU 0           120.543           0.004        0.003        0.001        841249                      1897398                     73160570                    73159915                    
GPU 1           107.230           0.025        0.004        0.006        4597827                     7480313                     1125165896                  1125163799                  
GPU 2           119.648           0.025        0.003        0.005        3563976                     11430875                    67116099                    58526563                    
GPU 3           121.980           0.030        0.004        0.006        5092375                     10156973                    1125236883                  1125237931                  
GPU 4           71.720            0.000        0.000        0.000        3301402                     592200                      0                           0                           
GPU 5           73.958            0.000        0.000        0.000        1774206                     1441378                     0                           0                           
GPU 6           73.691            0.000        0.000        0.000        3544359                     2975207                     0                           0                           
GPU 7           73.213            0.000        0.000        0.000        699892                      3660364                     0                           0                           
GPU 0           137.020           0.051        0.000        0.018        8897114                     92950936                    3804117367                  3804116414                  
GPU 1           139.091           0.042        0.012        0.016        4985069                     26835696                    3494443592                  3494443155                  
GPU 2           141.893           0.108        0.000        0.000        2264790                     107832349                   4176474243                  4185063180                  
GPU 3           128.595           0.050        0.009        0.012        3790309                     44810647                    2583561923                  2583561487                  
GPU 4           71.788            0.000        0.000        0.000        821218                      3863383                     0                           0                           
GPU 5           73.935            0.000        0.000        0.000        4411503                     3767438                     0                           0                           
GPU 6           73.632            0.000        0.000        0.000        1127812                     872063                      0                           0                           
GPU 7           73.226            0.000        0.000        0.000        4276442                     2176729                     0                           0                           
GPU 0           102.886           0.000        0.013        0.000        8897114                     314492                      3804117367                  3804116414                  
GPU 1           139.091           0.042        0.000        0.000        4985069                     390503                      3494443592                  3494443155                  
GPU 2           141.893           0.108        0.014        0.019        10284397                    98160                       4176474243                  4185063180                  
GPU 3           111.888           0.050        0.004        0.012        7274181                     44810647                    2583561923                  2583561487                  
GPU 4           71.788            0.000        0.000        0.000        4511648                     3863383                     0                           0                           
GPU 5           73.935            0.000        0.000        0.000        4411503                     3767438                     0                           0                           
GPU 6           73.632            0.000        0.000        0.000        1127812                     3815597                     0                           0                           
GPU 7           73.198            0.000        0.000        0.000        2621244                     2176729                     0                           0                           
GPU 0           100.267           0.000        0.000        0.000        524677                      3503462                     0                           0                           
GPU 1           101.848           0.000        0.000        0.000        600824                      3187790                     0                           0                           
GPU 2           101.625           0.000        0.000        0.000        283522                      3812719                     0                           0                           
GPU 3           100.750           0.000        0.000        0.000        3210392                     2623349                     0                           0                           
GPU 4           71.819            0.000        0.000        0.000        1482211                     1160534                     0                           0                           
GPU 5           73.986            0.000        0.000        0.000        1811069                     1447208                     0                           0                           
GPU 6           73.722            0.000        0.000        0.000        2161485                     1745959                     0                           0                           
GPU 7           73.240            0.000        0.000        0.000        1534637                     1229073                     0                           0                           
GPU 0           100.191           0.000        0.000        0.000        4188011                     2440512                     0                           0                           
GPU 1           101.787           0.000        0.000        0.000        3849248                     312919                      0                           0                           
GPU 2           101.561           0.000        0.000        0.000        4531935                     2597629                     0                           0                           
GPU 3           100.611           0.000        0.000        0.000        502665                      304010                      0                           0                           
GPU 4           71.747            0.000        0.000        0.000        3487114                     2957135                     0                           0                           
GPU 5           73.917            0.000        0.000        0.000        2222612                     1831650                     0                           0                           
GPU 6           73.628            0.000        0.000        0.000        1656092                     1332211                     0                           0                           
GPU 7           73.197            0.000        0.000        0.000        4348806                     3709430                     0                           0                           
GPU 0           100.164           0.000        0.000        0.000        3004979                     346525                      0                           0                           
GPU 1           101.806           0.000        0.000        0.000        517338                      3450020                     0                           0                           
GPU 2           101.587           0.000        0.000        0.000        3184247                     313971                      0                           0                           
GPU 3           100.518           0.000        0.000        0.000        4094446                     3420424                     0                           0                           
GPU 4           71.712            0.000        0.000        0.000        2429254                     1995908                     0                           0                           
GPU 5           73.959            0.000        0.000        0.000        4351922                     3704689                     0                           0                           
GPU 6           73.747            0.000        0.000        0.000        4443193                     3801189                     0                           0                           
GPU 7           73.222            0.000        0.000        0.000        706074                      464046                      0                           0                           
GPU 0           100.015           0.000        0.000        0.000        557934                      3205686                     0                           0                           
GPU 1           101.718           0.000        0.000        0.000        2770527                     2239260                     0                           0                           
GPU 2           101.604           0.000        0.000        0.000        520490                      3374993                     0                           0                           
GPU 3           100.504           0.000        0.000        0.000        2753297                     2220159                     0                           0                           
GPU 4           71.744            0.000        0.000        0.000        2292277                     1896605                     0                           0                           
GPU 5           73.995            0.000        0.000        0.000        315397                      131018                      0                           0                           
GPU 6           73.672            0.000        0.000        0.000        1479514                     1149344                     0                           0                           
GPU 7           73.220            0.000        0.000        0.000        2272483                     1852288                     0                           0                           
GPU 0           102.594           0.000        0.000        0.000        3881312                     286701                      0                           0                           
GPU 1           106.134           0.098        0.000        0.000        13134701                    64178106                    14308276                    8573015                     
GPU 2           104.760           0.000        0.000        0.000        4042758                     53146647                    0                           0                           
GPU 3           104.349           0.093        0.000        0.000        12407870                    60758364                    14325684                    8604740                     
GPU 4           71.744            0.000        0.000        0.000        4425728                     3775887                     0                           0                           
GPU 5           73.995            0.000        0.000        0.000        4944338                     4252561                     0                           0                           
GPU 6           73.663            0.000        0.000        0.000        3089005                     2616192                     0                           0                           
GPU 7           73.199            0.000        0.000        0.000        2128827                     1750438                     0                           0                           
GPU 0           101.093           0.024        0.000        0.008        494259                      24872004                    0                           17174849                    
GPU 1           104.234           0.182        0.000        0.000        27741509                    122310358                   0                           0                           
GPU 2           222.493           0.066        0.000        0.000        8933855                     129775855                   13007910                    7808844                     
GPU 3           102.621           0.182        0.000        0.000        27421631                    120826467                   0                           0                           
GPU 4           71.822            0.000        0.000        0.000        1846362                     1481431                     0                           0                           
GPU 5           73.949            0.000        0.000        0.000        2074173                     1675058                     0                           0                           
GPU 6           73.742            0.000        0.000        0.000        3488029                     2920491                     0                           0                           
GPU 7           73.211            0.000        0.000        0.000        4338354                     3699497                     0                           0                           
GPU 0           331.749           0.500        0.178        0.157        30419433                    393136167                   33423238697                 33422647432                 
GPU 1           362.152           0.444        0.147        0.134        30544038                    405635773                   27803122588                 27807220232                 
GPU 2           347.243           0.439        0.151        0.138        10671885                    72350639                    27563147250                 27561290358                 
GPU 3           335.116           0.439        0.137        0.135        35732365                    467806118                   26624707788                 26628341855                 
GPU 4           72.015            0.000        0.000        0.000        2794386                     2359340                     0                           0                           
GPU 5           74.272            0.000        0.000        0.000        2174146                     1793094                     0                           0                           
GPU 6           73.575            0.000        0.000        0.000        1105301                     846926                      0                           0                           
GPU 7           73.676            0.000        0.000        0.000        198198                      16675                       0                           0                           
GPU 0           280.823           0.373        0.032        0.158        94034367                    1034415892                  9654064233                  9654556286                  
GPU 1           288.615           0.423        0.038        0.193        90938405                    939982672                   11798079470                 11798077505                 
GPU 2           267.164           0.407        0.038        0.198        81299969                    832265139                   11785842156                 11785842156                 
GPU 3           260.519           0.419        0.036        0.192        128673865                   1387204564                  11785541654                 11785541654                 
GPU 4           71.963            0.000        0.000        0.000        2799562                     2317421                     0                           0                           
GPU 5           74.066            0.000        0.000        0.000        4338772                     3688401                     0                           0                           
GPU 6           73.993            0.000        0.000        0.000        4402597                     3767441                     0                           0                           
GPU 7           73.444            0.000        0.000        0.000        4835589                     4163753                     0                           0                           
GPU 0           284.461           0.431        0.040        0.205        112876339                   1160963620                  11733169889                 11733593896                 
GPU 1           294.249           0.431        0.040        0.203        95521990                    956629168                   11735317588                 11735318541                 
GPU 2           269.653           0.415        0.040        0.206        86487156                    852836444                   11751366843                 11751100106                 
GPU 3           264.081           0.425        0.038        0.200        132502070                   1389404856                  11734240557                 11734509388                 
GPU 4           71.976            0.000        0.000        0.000        1862543                     1507748                     0                           0                           
GPU 5           74.043            0.000        0.000        0.000        266325                      87187                       0                           0                           
GPU 6           73.857            0.000        0.000        0.000        1550127                     1214722                     0                           0                           
GPU 7           73.430            0.000        0.000        0.000        2395445                     1955621                     0                           0                           
#Entity         POWER             SMACT        TENSO        DRAMA        PCITX                       PCIRX                       NVLTX                       NVLRX                       
ID               W                                                                                                                                                                       
GPU 0           284.461           0.431        0.040        0.205        112876339                   1160963620                  10696323919                 10696065020                 
GPU 1           294.249           0.431        0.040        0.203        81129080                    956629168                   10694989141                 10695248570                 
GPU 2           269.653           0.415        0.040        0.206        86487156                    852836444                   10801745958                 10801988935                 
GPU 3           264.081           0.425        0.038        0.200        132502070                   1257898223                  10998907062                 10998908185                 
GPU 4           71.976            0.000        0.000        0.000        1862543                     1507748                     0                           0                           
GPU 5           74.043            0.000        0.000        0.000        4901455                     87187                       0                           0                           
GPU 6           73.904            0.000        0.000        0.000        1550127                     1214722                     0                           0                           
GPU 7           73.430            0.000        0.000        0.000        2395445                     1341056                     0                           0                           
GPU 0           275.015           0.410        0.039        0.187        102477453                   1083086307                  11258235394                 11258232773                 
GPU 1           279.261           0.397        0.038        0.175        86907648                    961031581                   11134589966                 11131850060                 
GPU 2           265.836           0.321        0.039        0.153        57047127                    569619981                   11303792936                 11303791771                 
GPU 3           264.862           0.302        0.036        0.101        48242937                    574031791                   10744427641                 10746486387                 
GPU 4           71.590            0.000        0.000        0.000        1235089                     964895                      0                           0                           
GPU 5           73.843            0.000        0.000        0.000        1901577                     1813330                     0                           0                           
GPU 6           73.778            0.000        0.000        0.000        1171853                     906142                      0                           0                           
GPU 7           73.387            0.000        0.000        0.000        4092029                     3466799                     0                           0                           
GPU 0           306.376           0.366        0.064        0.134        45441070                    587848012                   18045357501                 18045358624                 
GPU 1           318.196           0.373        0.062        0.146        62736277                    826569815                   17936432968                 17938085495                 
GPU 2           285.377           0.386        0.064        0.151        56806970                    719465734                   18604167204                 18604137775                 
GPU 3           271.737           0.409        0.068        0.169        71047196                    909319782                   20285430904                 20283818567                 
GPU 4           71.901            0.000        0.000        0.000        4160120                     3529735                     0                           0                           
GPU 5           73.915            0.000        0.000        0.000        2196435                     3511338                     0                           0                           
GPU 6           73.836            0.000        0.000        0.000        4361405                     3722549                     0                           0                           
GPU 7           73.236            0.000        0.000        0.000        430620                      238893                      0                           0                           
GPU 0           306.376           0.366        0.064        0.134        150485410                   587848012                   13082350751                 13082351406                 
GPU 1           302.169           0.459        0.062        0.146        155804783                   826569815                   12890912891                 12891211026                 
GPU 2           285.377           0.458        0.064        0.151        56806970                    719465734                   12954076697                 12954116525                 
GPU 3           271.737           0.450        0.068        0.169        71047196                    1835644232                  12979712265                 12979835946                 
GPU 4           71.901            0.000        0.000        0.000        4160120                     330696                      0                           0                           
GPU 5           73.915            0.000        0.000        0.000        4143284                     258704                      0                           0                           
GPU 6           73.836            0.000        0.000        0.000        1416133                     3722549                     0                           0                           
GPU 7           73.236            0.000        0.000        0.000        430620                      4681825                     0                           0                           
GPU 0           292.644           0.445        0.040        0.212        139168978                   1903892331                  12855561576                 12356720323                 
GPU 1           299.629           0.446        0.039        0.208        151501020                   2047366699                  12415318732                 12415050921                 
GPU 2           278.474           0.445        0.038        0.209        134252476                   1760004815                  12420815432                 12420813860                 
GPU 3           267.448           0.431        0.037        0.204        128870187                   1703365947                  12354833631                 12354835727                 
GPU 4           71.744            0.000        0.000        0.000        4454361                     3809265                     0                           0                           
GPU 5           73.832            0.000        0.000        0.000        4886159                     4187969                     0                           0                           
GPU 6           73.892            0.000        0.000        0.000        3387524                     2881786                     0                           0                           
GPU 7           73.273            0.000        0.000        0.000        2193021                     1526955                     0                           0                           
GPU 0           269.816           0.327        0.048        0.118        41801255                    511602610                   12356718751                 13861078305                 
GPU 1           260.820           0.460        0.040        0.221        155996204                   2162922157                  12733618485                 12734020448                 
GPU 2           271.549           0.433        0.041        0.200        117767414                   1580356487                  12816292347                 12815234570                 
GPU 3           261.239           0.394        0.039        0.174        98342527                    1311767605                  12409397744                 12408858852                 
GPU 4           71.942            0.000        0.000        0.000        2150521                     1738759                     0                           0                           
GPU 5           73.788            0.000        0.000        0.000        1900064                     1526823                     0                           0                           
GPU 6           73.724            0.000        0.000        0.000        2702439                     2232263                     0                           0                           
GPU 7           73.452            0.000        0.000        0.000        4089101                     1811018                     0                           0                           
GPU 0           300.306           0.327        0.044        0.118        121649415                   511602610                   13861078829                 13861078305                 
GPU 1           295.977           0.265        0.040        0.221        28045154                    2113609469                  14570161444                 14576047729                 
GPU 2           271.549           0.464        0.041        0.224        163180091                   1580356487                  15251681875                 15253271220                 
GPU 3           283.558           0.357        0.051        0.174        98342527                    763164040                   15776359517                 15776898832                 
GPU 4           71.942            0.000        0.000        0.000        1894261                     1544874                     0                           0                           
GPU 5           73.788            0.000        0.000        0.000        1900064                     1835850                     0                           0                           
GPU 6           73.724            0.000        0.000        0.000        1658956                     1342365                     0                           0                           
GPU 7           73.452            0.000        0.000        0.000        473762                      3465491                     0                           0                           
GPU 0           215.367           0.427        0.024        0.125        76297789                    1610512404                  14289462192                 14289461716                 
GPU 1           274.968           0.431        0.039        0.207        163059025                   836512305                   13104212458                 13098557705                 
GPU 2           267.162           0.294        0.025        0.102        80108108                    993986813                   13599479925                 13599478020                 
GPU 3           240.895           0.432        0.034        0.203        54630387                    2093346466                  11718818620                 11718022081                 
GPU 4           71.787            0.000        0.000        0.000        4182492                     3538951                     0                           0                           
GPU 5           73.768            0.000        0.000        0.000        2221572                     3555901                     0                           0                           
GPU 6           73.750            0.000        0.000        0.000        4385414                     3742380                     0                           0                           
GPU 7           73.388            0.000        0.000        0.000        4399131                     282475                      0                           0                           
GPU 0           192.582           0.262        0.029        0.066        13728366                    989907045                   8163737148                  8168300341                  
GPU 1           236.115           0.305        0.026        0.094        64265214                    355320546                   8196761205                  8196421702                  
GPU 2           247.799           0.274        0.027        0.058        30060756                    335628307                   8010440753                  8008215746                  
GPU 3           222.867           0.304        0.027        0.092        37867687                    709474402                   8590701149                  8590215834                  
GPU 4           71.778            0.000        0.000        0.000        529854                      341706                      0                           0                           
GPU 5           73.844            0.000        0.000        0.000        4189948                     245008                      0                           0                           
GPU 6           73.887            0.000        0.000        0.000        1438997                     1118180                     0                           0                           
GPU 7           73.355            0.000        0.000        0.000        2182417                     3763421                     0                           0                           
GPU 0           228.693           0.150        0.027        0.122        62737258                    137404206                   8939801728                  8940924056                  
GPU 1           274.471           0.265        0.026        0.057        30348215                    1206783216                  8321909028                  8321468294                  
GPU 2           234.814           0.326        0.025        0.112        72713737                    940382129                   8675525467                  8676856132                  
GPU 3           252.072           0.271        0.026        0.063        113142617                   447037456                   8797595000                  8797083465                  
GPU 4           71.864            0.000        0.000        0.000        4520647                     3869750                     0                           0                           
GPU 5           73.870            0.000        0.000        0.000        433242                      4797279                     0                           0                           
GPU 6           73.702            0.000        0.000        0.000        3436066                     2918527                     0                           0                           
GPU 7           73.344            0.000        0.000        0.000        1789375                     1772886                     0                           0                           
GPU 0           255.424           0.241        0.035        0.173        105361835                   830010867                   9168864676                  9163297313                  
GPU 1           285.857           0.346        0.027        0.129        91827064                    1680646175                  9296159460                  9298126571                  
GPU 2           268.488           0.413        0.035        0.183        134560366                   1705386177                  8651885593                  8652779670                  
GPU 3           267.895           0.369        0.028        0.149        102666250                   1453458599                  10049673085                 10051735760                 
GPU 4           71.760            0.000        0.000        0.000        1126315                     835455                      0                           0                           
GPU 5           73.820            0.000        0.000        0.000        5557847                     1547807                     0                           0                           
GPU 6           73.873            0.000        0.000        0.000        2742760                     2277772                     0                           0                           
GPU 7           73.276            0.000        0.000        0.000        3985859                     1457470                     0                           0                           
GPU 0           208.323           0.170        0.030        0.077        22790683                    268479459                   11493261264                 11497137000                 
GPU 1           251.767           0.400        0.031        0.075        129556225                   376543268                   11482482006                 11481276083                 
GPU 2           255.844           0.295        0.030        0.076        40661096                    485789549                   11715454700                 11715455748                 
GPU 3           242.700           0.355        0.032        0.076        37039161                    1276750128                  10001163915                 10001162867                 
GPU 4           71.882            0.000        0.000        0.000        3292905                     2753550                     0                           0                           
GPU 5           73.987            0.000        0.000        0.000        1919038                     2087015                     0                           0                           
GPU 6           73.896            0.000        0.000        0.000        1676558                     1353719                     0                           0                           
GPU 7           73.297            0.000        0.000        0.000        257969                      3397055                     0                           0                           
GPU 0           219.282           0.155        0.028        0.070        17038469                    188275111                   8684170319                  8682478643                  
GPU 1           259.816           0.290        0.031        0.099        33115276                    755893885                   10066215164                 10066034869                 
GPU 2           252.984           0.293        0.030        0.074        35466265                    409756691                   9429789092                  9432253701                  
GPU 3           246.468           0.293        0.031        0.098        57567558                    415248031                   10050420003                 10050238187                 
GPU 4           71.718            0.000        0.000        0.000        877120                      648382                      0                           0                           
GPU 5           73.853            0.000        0.000        0.000        4164220                     3528005                     0                           0                           
GPU 6           73.968            0.000        0.000        0.000        4419649                     3784003                     0                           0                           
GPU 7           73.435            0.000        0.000        0.000        4426029                     3802423                     0                           0                           
GPU 0           256.003           0.325        0.037        0.164        95827865                    1241208218                  12264049584                 12261466396                 
GPU 1           290.668           0.316        0.032        0.171        58624280                    1679735936                  11239947908                 11240440041                 
GPU 2           271.409           0.399        0.035        0.170        127877442                   1622040228                  11800402602                 11800378780                 
GPU 3           266.079           0.314        0.032        0.169        130031209                   722507470                   11332240239                 11334164178                 
GPU 4           71.796            0.000        0.000        0.000        4222442                     3576786                     0                           0                           
GPU 5           73.871            0.000        0.000        0.000        527666                      340074                      0                           0                           
GPU 6           73.902            0.000        0.000        0.000        248706                      61461                       0                           0                           
GPU 7           73.370            0.000        0.000        0.000        1122826                     831966                      0                           0                           
#Entity         POWER             SMACT        TENSO        DRAMA        PCITX                       PCIRX                       NVLTX                       NVLRX                       
ID               W                                                                                                                                                                       
GPU 0           256.003           0.325        0.021        0.164        33594568                    1241208218                  12264049584                 12261466396                 
GPU 1           247.783           0.398        0.032        0.171        130467700                   1679735936                  11239947908                 11240440041                 
GPU 2           271.409           0.298        0.035        0.090        50029258                    1622040228                  11800402602                 11800378780                 
GPU 3           266.079           0.395        0.018        0.169        130031209                   1624299484                  11332240239                 11334164178                 
GPU 4           71.796            0.000        0.000        0.000        4222442                     305537                      0                           0                           
GPU 5           73.871            0.000        0.000        0.000        527666                      3821054                     0                           0                           
GPU 6           73.902            0.000        0.000        0.000        4929759                     61461                       0                           0                           
GPU 7           73.370            0.000        0.000        0.000        3662000                     831966                      0                           0                           
GPU 0           207.598           0.170        0.026        0.085        22485329                    442420971                   7368935410                  7368039803                  
GPU 1           247.950           0.276        0.020        0.071        37943788                    1610301334                  7066021880                  7066339707                  
GPU 2           232.714           0.289        0.027        0.073        32348422                    632345513                   7585052484                  7584308282                  
GPU 3           233.991           0.267        0.032        0.065        40254576                    477488631                   6505917390                  6505917827                  
GPU 4           71.811            0.000        0.000        0.000        4530540                     3886989                     0                           0                           
GPU 5           73.955            0.000        0.000        0.000        1788730                     1420055                     0                           0                           
GPU 6           73.802            0.000        0.000        0.000        2364107                     1941672                     0                           0                           
GPU 7           73.353            0.000        0.000        0.000        2926111                     2427471                     0                           0                           
GPU 0           207.598           0.157        0.021        0.073        24520743                    238528439                   8285015001                  8285017622                  
GPU 1           240.074           0.283        0.027        0.074        87724542                    1610301334                  8496034450                  8497131022                  
GPU 2           228.976           0.284        0.020        0.081        136759951                   343675067                   8590038833                  8589009062                  
GPU 3           243.270           0.299        0.021        0.083        102710305                   1773436226                  9895543299                  9894641878                  
GPU 4           71.674            0.000        0.000        0.000        1143252                     848487                      0                           0                           
GPU 5           73.765            0.000        0.000        0.000        2265324                     1879558                     0                           0                           
GPU 6           73.944            0.000        0.000        0.000        1659791                     1338524                     0                           0                           
GPU 7           73.357            0.000        0.000        0.000        1555667                     1256881                     0                           0                           
GPU 0           229.423           0.157        0.032        0.076        117513003                   315415467                   6930318216                  6933290872                  
GPU 1           292.398           0.328        0.023        0.117        160023821                   1462131596                  8144182792                  8144182792                  
GPU 2           264.070           0.443        0.036        0.209        181041008                   2494443999                  6758203599                  6759480215                  
GPU 3           246.486           0.309        0.025        0.102        120395196                   1904396025                  7558056330                  7558403842                  
GPU 4           71.657            0.000        0.000        0.000        3838262                     3296171                     0                           0                           
GPU 5           73.879            0.000        0.000        0.000        4260616                     3622310                     0                           0                           
GPU 6           73.879            0.000        0.000        0.000        4503844                     3875035                     0                           0                           
GPU 7           73.238            0.000        0.000        0.000        4208291                     3586820                     0                           0                           
GPU 0           209.359           0.155        0.023        0.073        23673130                    267027397                   7751089955                  7754223928                  
GPU 1           247.899           0.351        0.026        0.133        108781120                   398225830                   9322741841                  9321404312                  
GPU 2           235.826           0.275        0.022        0.066        34010720                    372774622                   7445377765                  7445155628                  
GPU 3           241.848           0.350        0.031        0.134        92982643                    1235276967                  9404931952                  9403862288                  
GPU 4           71.788            0.000        0.000        0.000        2564222                     2111959                     0                           0                           
GPU 5           73.960            0.000        0.000        0.000        1878223                     1522912                     0                           0                           
GPU 6           73.909            0.000        0.000        0.000        245846                      58602                       0                           0                           
GPU 7           73.256            0.000        0.000        0.000        498969                      306090                      0                           0                           
GPU 0           209.359           0.171        0.028        0.080        22639723                    287652249                   9104525909                  9100687207                  
GPU 1           258.126           0.294        0.032        0.078        36398263                    398225830                   10113984245                 10114420290                 
GPU 2           247.778           0.310        0.022        0.084        31613123                    379795399                   10824950957                 10826701451                 
GPU 3           241.848           0.293        0.024        0.077        36046919                    381346851                   10139964426                 10140401517                 
GPU 4           71.780            0.000        0.000        0.000        2564222                     1797078                     0                           0                           
GPU 5           73.806            0.000        0.000        0.000        2261357                     1870926                     0                           0                           
GPU 6           73.717            0.000        0.000        0.000        4939040                     58602                       0                           0                           
GPU 7           73.181            0.000        0.000        0.000        4433495                     3815111                     0                           0                           
GPU 0           261.996           0.177        0.025        0.086        33402142                    388907980                   8358993161                  8360662011                  
GPU 1           253.723           0.291        0.024        0.083        83553996                    1839125836                  8091514158                  8091279823                  
GPU 2           239.261           0.302        0.020        0.095        102901370                   1657739648                  7246886788                  7246884691                  
GPU 3           266.993           0.280        0.027        0.072        78202264                    1336999433                  8069134652                  8069891746                  
GPU 4           71.846            0.000        0.000        0.000        4468299                     3821364                     0                           0                           
GPU 5           73.940            0.000        0.000        0.000        4229831                     3601462                     0                           0                           
GPU 6           73.851            0.000        0.000        0.000        2776071                     2296395                     0                           0                           
GPU 7           73.252            0.000        0.000        0.000        1911951                     1528996                     0                           0                           
GPU 0           261.996           0.347        0.025        0.181        33402142                    1508602137                  11153280111                 11154204062                 
GPU 1           253.723           0.291        0.033        0.181        83553996                    1839125836                  7641328660                  7641328660                  
GPU 2           264.222           0.302        0.020        0.095        102901370                   1351767309                  9774411191                  9772612383                  
GPU 3           266.993           0.280        0.027        0.142        100418803                   1336999433                  8695368116                  8694865819                  
GPU 4           71.862            0.000        0.000        0.000        4468299                     3821364                     0                           0                           
GPU 5           73.936            0.000        0.000        0.000        1929247                     3601462                     0                           0                           
GPU 6           73.890            0.000        0.000        0.000        2776071                     2296395                     0                           0                           
GPU 7           73.303            0.000        0.000        0.000        1911951                     1879905                     0                           0                           
GPU 0           205.875           0.172        0.033        0.080        112612434                   325998043                   8804506192                  8801606519                  
GPU 1           260.829           0.293        0.023        0.084        37489087                    554520719                   13611524058                 13611793458                 
GPU 2           269.972           0.371        0.029        0.150        105751010                   512583033                   10183417783                 10181549192                 
GPU 3           241.957           0.322        0.026        0.109        67385307                    439596771                   13605550691                 13604507736                 
GPU 4           71.899            0.000        0.000        0.000        1151744                     871971                      0                           0                           
GPU 5           73.733            0.000        0.000        0.000        2558657                     1574981                     0                           0                           
GPU 6           73.869            0.000        0.000        0.000        1161495                     910956                      0                           0                           
GPU 7           73.331            0.000        0.000        0.000        2253580                     3926320                     0                           0                           
GPU 0           235.698           0.185        0.035        0.083        21968285                    248825993                   10647332317                 10647332666                 
GPU 1           267.576           0.306        0.045        0.098        65485305                    460773466                   8184529067                  8184582000                  
GPU 2           248.332           0.314        0.035        0.086        43503489                    504466563                   11046233066                 11049597195                 
GPU 3           248.064           0.301        0.024        0.098        36075773                    828651839                   8099286206                  8100983356                  
GPU 4           71.734            0.000        0.000        0.000        2492957                     2051698                     0                           0                           
GPU 5           73.800            0.000        0.000        0.000        4283196                     3650647                     0                           0                           
GPU 6           73.787            0.000        0.000        0.000        1532989                     1199626                     0                           0                           
GPU 7           73.131            0.000        0.000        0.000        198652                      15720                       0                           0                           
GPU 0           249.443           0.302        0.028        0.157        95899539                    1275733889                  9731842960                  9737041733                  
GPU 1           288.972           0.375        0.024        0.096        114983919                   1480037119                  10090463312                 10090423802                 
GPU 2           260.088           0.365        0.028        0.148        99643479                    1282382700                  9372159695                  9369882040                  
GPU 3           265.893           0.367        0.029        0.092        69380332                    1395080217                  10043581449                 10042990036                 
GPU 4           71.845            0.000        0.000        0.000        2354182                     1959547                     0                           0                           
GPU 5           73.758            0.000        0.000        0.000        479533                      287807                      0                           0                           
GPU 6           73.788            0.000        0.000        0.000        3332764                     2795882                     0                           0                           
GPU 7           73.400            0.000        0.000        0.000        2108330                     4418385                     0                           0                           
GPU 0           221.725           0.251        0.031        0.126        63385706                    793725477                   10120315572                 10122357212                 
GPU 1           287.055           0.298        0.030        0.154        34358248                    418803107                   9249443647                  9249441682                  
GPU 2           269.556           0.347        0.031        0.127        82923427                    1022637367                  10296641609                 10298201336                 
GPU 3           266.273           0.310        0.035        0.149        111039530                   504291565                   11003455483                 11002762088                 
GPU 4           71.795            0.000        0.000        0.000        4586472                     3937176                     0                           0                           
GPU 5           73.953            0.000        0.000        0.000        5739884                     4992428                     0                           0                           
GPU 6           73.784            0.000        0.000        0.000        1165687                     915148                      0                           0                           
GPU 7           73.281            0.000        0.000        0.000        2275324                     1710507                     0                           0                           
GPU 0           188.315           0.183        0.032        0.084        26512933                    302976758                   9793248003                  9790938220                  
GPU 1           248.735           0.291        0.029        0.077        76530084                    1333711965                  9118341522                  9118340093                  
GPU 2           255.540           0.305        0.031        0.085        68219039                    1107769808                  9437434420                  9429845001                  
GPU 3           232.501           0.264        0.019        0.091        41806006                    1217101008                  6623369302                  6624105603                  
GPU 4           71.764            0.000        0.000        0.000        2145577                     1764746                     0                           0                           
GPU 5           73.802            0.000        0.000        0.000        1988936                     1614927                     0                           0                           
GPU 6           73.963            0.000        0.000        0.000        4615485                     3992961                     0                           0                           
GPU 7           73.388            0.000        0.000        0.000        4542639                     1900558                     0                           0                           
GPU 0           188.315           0.157        0.029        0.078        83612213                    381157608                   6763838771                  6758902719                  
GPU 1           284.355           0.343        0.026        0.126        87194309                    1333711965                  9292749761                  9292654256                  
GPU 2           246.520           0.375        0.031        0.155        111268345                   672964010                   7623102362                  7635317179                  
GPU 3           232.501           0.353        0.027        0.060        68964454                    1315164186                  9559016398                  9559729169                  
GPU 4           71.761            0.000        0.000        0.000        2145577                     1496270                     0                           0                           
GPU 5           73.829            0.000        0.000        0.000        2345530                     1963431                     0                           0                           
GPU 6           73.862            0.000        0.000        0.000        1527891                     3992961                     0                           0                           
GPU 7           73.388            0.000        0.000        0.000        1737525                     3901701                     0                           0                           
#Entity         POWER             SMACT        TENSO        DRAMA        PCITX                       PCIRX                       NVLTX                       NVLRX                       
ID               W                                                                                                                                                                       
GPU 0           187.125           0.280        0.016        0.144        19366036                    1076162050                  9742274970                  9743768816                  
GPU 1           234.412           0.342        0.025        0.127        91862946                    1166492296                  8628121680                  8628299865                  
GPU 2           250.622           0.263        0.015        0.063        29975962                    1400158563                  9828045768                  9828900042                  
GPU 3           221.777           0.311        0.022        0.137        103672977                   759267995                   7887503537                  7886426315                  
GPU 4           71.829            0.000        0.000        0.000        4609850                     3975255                     0                           0                           
GPU 5           73.725            0.000        0.000        0.000        4347643                     3713000                     0                           0                           
GPU 6           73.753            0.000        0.000        0.000        3573892                     3068857                     0                           0                           
GPU 7           73.468            0.000        0.000        0.000        2470781                     1383242                     0                           0                           
GPU 0           239.782           0.132        0.045        0.108        34909191                    245584386                   6178813914                  6176869606                  
GPU 1           275.501           0.292        0.030        0.078        28465605                    334306422                   9694255578                  9693554137                  
GPU 2           256.747           0.348        0.045        0.108        58091110                    706308410                   5991696348                  5990343190                  
GPU 3           255.496           0.318        0.038        0.103        63632910                    638393722                   11812125142                 11812340813                 
GPU 4           71.845            0.000        0.000        0.000        1158219                     879247                      0                           0                           
GPU 5           73.612            0.000        0.000        0.000        1911494                     1551625                     0                           0                           
GPU 6           73.782            0.000        0.000        0.000        2810994                     2335030                     0                           0                           
GPU 7           73.617            0.000        0.000        0.000        4268581                     2069563                     0                           0                           
GPU 0           239.782           0.238        0.045        0.108        34909191                    402238204                   13484215283                 13487840586                 
GPU 1           275.501           0.292        0.029        0.083        56408833                    334306422                   9495780616                  9494784149                  
GPU 2           239.713           0.348        0.045        0.108        58091110                    706308410                   13511066851                 13512417356                 
GPU 3           255.496           0.318        0.038        0.094        53235388                    659040059                   6725551005                  6726452431                  
GPU 4           71.810            0.000        0.000        0.000        1158219                     879247                      0                           0                           
GPU 5           73.955            0.000        0.000        0.000        2316396                     1551625                     0                           0                           
GPU 6           73.867            0.000        0.000        0.000        2810994                     2335030                     0                           0                           
GPU 7           73.617            0.000        0.000        0.000        4268581                     3645533                     0                           0                           
GPU 0           222.937           0.180        0.022        0.088        80089350                    471909051                   7765255490                  7764890652                  
GPU 1           291.704           0.306        0.024        0.096        87202358                    1154990133                  8403991905                  8403850409                  
GPU 2           244.106           0.300        0.022        0.091        73559974                    980624536                   7922938087                  7921786044                  
GPU 3           241.032           0.375        0.019        0.060        49416985                    1594641185                  12818102120                 12816839565                 
GPU 4           71.751            0.000        0.000        0.000        2501415                     2061191                     0                           0                           
GPU 5           73.862            0.000        0.000        0.000        4629996                     1926487                     0                           0                           
GPU 6           73.797            0.000        0.000        0.000        4606324                     1390391                     0                           0                           
GPU 7           73.389            0.000        0.000        0.000        438848                      250208                      0                           0                           
GPU 0           272.168           0.339        0.048        0.160        73889415                    1068880386                  8785284762                  8785324306                  
GPU 1           267.297           0.405        0.044        0.168        88551297                    1075776307                  13745549941                 13747282623                 
GPU 2           280.982           0.397        0.045        0.157        82679771                    1033042635                  13744149223                 13746071493                 
GPU 3           273.190           0.343        0.038        0.146        122916959                   749308035                   9309360766                  9310110172                  
GPU 4           71.549            0.000        0.000        0.000        2356789                     1961633                     0                           0                           
GPU 5           73.816            0.000        0.000        0.000        704181                      3970739                     0                           0                           
GPU 6           73.716            0.000        0.000        0.000        1483552                     3973282                     0                           0                           
GPU 7           73.548            0.000        0.000        0.000        5691651                     1526533                     0                           0                           
GPU 0           226.088           0.263        0.027        0.126        61116108                    959536649                   7725972380                  7729593896                  
GPU 1           239.964           0.331        0.026        0.116        47901714                    450155891                   8344210749                  8343362782                  
GPU 2           251.246           0.355        0.029        0.135        54466533                    521387819                   9302316645                  9302318217                  
GPU 3           243.778           0.315        0.028        0.125        71540583                    535880942                   7770815058                  7769607012                  
GPU 4           71.798            0.000        0.000        0.000        4381157                     3746745                     0                           0                           
GPU 5           73.800            0.000        0.000        0.000        4351384                     462149                      0                           0                           
GPU 6           73.681            0.000        0.000        0.000        3081887                     1151768                     0                           0                           
GPU 7           73.456            0.000        0.000        0.000        1908268                     1833944                     0                           0                           
GPU 0           200.800           0.225        0.022        0.108        50206727                    821863125                   7601930893                  7603591156                  
GPU 1           247.244           0.297        0.020        0.090        33315145                    304617701                   7363576560                  7364182514                  
GPU 2           234.008           0.288        0.018        0.084        28371655                    278389699                   6761084825                  6760173431                  
GPU 3           223.062           0.303        0.020        0.105        51376819                    520619211                   7576698141                  7576147324                  
GPU 4           71.681            0.000        0.000        0.000        780011                      543736                      0                           0                           
GPU 5           73.917            0.000        0.000        0.000        2582315                     3733666                     0                           0                           
GPU 6           73.782            0.000        0.000        0.000        2496103                     2608512                     0                           0                           
GPU 7           73.247            0.000        0.000        0.000        2205555                     3810583                     0                           0                           
GPU 0           233.974           0.207        0.022        0.098        63873584                    630865577                   8457368302                  8453306892                  
GPU 1           255.765           0.319        0.028        0.126        48388315                    543065630                   9261762271                  9260879851                  
GPU 2           246.260           0.325        0.025        0.111        44232124                    407125585                   8523536903                  8523065611                  
GPU 3           252.105           0.328        0.020        0.094        53011569                    616528968                   8553564642                  8554330525                  
GPU 4           71.758            0.000        0.000        0.000        5033571                     4351641                     0                           0                           
GPU 5           73.786            0.000        0.000        0.000        1754064                     1428092                     0                           0                           
GPU 6           73.871            0.000        0.000        0.000        2270835                     2060608                     0                           0                           
GPU 7           73.408            0.000        0.000        0.000        4447340                     79089                       0                           0                           
GPU 0           248.547           0.240        0.030        0.113        95822141                    828572807                   9987473638                  9990713497                  
GPU 1           279.825           0.372        0.022        0.107        61597021                    624930312                   7744934929                  7745027695                  
GPU 2           252.568           0.372        0.029        0.150        60439720                    477493143                   9799575601                  9800272117                  
GPU 3           256.720           0.367        0.028        0.114        60533421                    858164218                   9863883506                  9863693788                  
GPU 4           71.692            0.000        0.000        0.000        1180739                     919750                      0                           0                           
GPU 5           73.766            0.000        0.000        0.000        4610918                     3972056                     0                           0                           
GPU 6           73.747            0.000        0.000        0.000        4549695                     3919802                     0                           0                           
GPU 7           73.472            0.000        0.000        0.000        5039442                     4364023                     0                           0                           
GPU 0           260.525           0.321        0.029        0.153        103172458                   1303849240                  9764727378                  9762075493                  
GPU 1           281.201           0.397        0.029        0.149        98036350                    1119345903                  9873396951                  9873412150                  
GPU 2           261.174           0.392        0.030        0.168        89745952                    614781013                   10329829735                 10329477044                 
GPU 3           257.840           0.391        0.029        0.146        80997156                    1355513737                  10446056221                 10446856862                 
GPU 4           71.771            0.000        0.000        0.000        4459285                     3804202                     0                           0                           
GPU 5           73.713            0.000        0.000        0.000        1457936                     1134158                     0                           0                           
GPU 6           73.712            0.000        0.000        0.000        715748                      480805                      0                           0                           
GPU 7           73.418            0.000        0.000        0.000        2339887                     1912621                     0                           0                           
GPU 0           260.525           0.324        0.029        0.157        103172458                   1360975779                  8009771289                  8013405780                  
GPU 1           281.201           0.397        0.031        0.170        98036350                    1119345903                  10469685598                 10469276803                 
GPU 2           264.155           0.392        0.030        0.168        89745952                    1003894095                  7792995193                  7791307021                  
GPU 3           257.840           0.391        0.029        0.166        119003626                   1355513737                  7809830090                  7808915408                  
GPU 4           71.721            0.000        0.000        0.000        4459285                     3804202                     0                           0                           
GPU 5           73.670            0.000        0.000        0.000        3012613                     1134158                     0                           0                           
GPU 6           73.749            0.000        0.000        0.000        715748                      480805                      0                           0                           
GPU 7           73.316            0.000        0.000        0.000        2339887                     1333908                     0                           0                           
GPU 0           239.174           0.186        0.027        0.088        32949134                    380480771                   9004213540                  9000578438                  
GPU 1           256.564           0.275        0.028        0.096        37030482                    467944511                   8289911356                  8289795002                  
GPU 2           252.970           0.295        0.023        0.085        77330004                    1016333838                  8226558634                  8228516568                  
GPU 3           237.617           0.298        0.024        0.089        72157917                    946691882                   8471583596                  8472956710                  
GPU 4           71.672            0.000        0.000        0.000        3701638                     3139725                     0                           0                           
GPU 5           73.663            0.000        0.000        0.000        3742989                     629934                      0                           0                           
GPU 6           73.707            0.000        0.000        0.000        1490350                     1192746                     0                           0                           
GPU 7           73.346            0.000        0.000        0.000        4361441                     3729994                     0                           0                           
GPU 0           243.669           0.290        0.031        0.124        58651130                    725895225                   10396087110                 10396087916                 
GPU 1           275.548           0.332        0.028        0.129        90215628                    1128214484                  9443920873                  9444037221                  
GPU 2           263.008           0.339        0.032        0.134        89203687                    1144805051                  10680672628                 10680671821                 
GPU 3           252.170           0.317        0.032        0.134        79025887                    1008607817                  10787323725                 10787388230                 
GPU 4           71.704            0.000        0.000        0.000        2489865                     2049120                     0                           0                           
GPU 5           73.530            0.000        0.000        0.000        861049                      3996669                     0                           0                           
GPU 6           73.762            0.000        0.000        0.000        4316093                     3691947                     0                           0                           
GPU 7           73.416            0.000        0.000        0.000        198674                      15246                       0                           0                           
GPU 0           243.669           0.290        0.031        0.124        58651130                    725895225                   8980723427                  8987081805                  
GPU 1           275.548           0.332        0.028        0.129        74245456                    1128214484                  9423996288                  9424284021                  
GPU 2           263.008           0.339        0.032        0.134        89203687                    1144805051                  10112536301                 10110222889                 
GPU 3           252.170           0.317        0.032        0.134        79025887                    1044908469                  10017405633                 10015007337                 
GPU 4           71.704            0.000        0.000        0.000        2489865                     2049120                     0                           0                           
GPU 5           73.530            0.000        0.000        0.000        4634396                     3996669                     0                           0                           
GPU 6           73.762            0.000        0.000        0.000        4316093                     3691947                     0                           0                           
GPU 7           73.416            0.000        0.000        0.000        198674                      4359198                     0                           0                           
#Entity         POWER             SMACT        TENSO        DRAMA        PCITX                       PCIRX                       NVLTX                       NVLRX                       
ID               W                                                                                                                                                                       
GPU 0           238.130           0.229        0.039        0.106        39496036                    474502184                   11741850228                 11736931369                 
GPU 1           251.820           0.347        0.037        0.121        52298220                    920841248                   11581851672                 11581853169                 
GPU 2           271.220           0.338        0.032        0.117        97154407                    1326241958                  10458520237                 10460121826                 
GPU 3           266.805           0.325        0.031        0.107        75819369                    1210548955                  10358175377                 10360581592                 
GPU 4           71.724            0.000        0.000        0.000        2354677                     1960047                     0                           0                           
GPU 5           73.612            0.000        0.000        0.000        2915960                     2427172                     0                           0                           
GPU 6           73.630            0.000        0.000        0.000        4978361                     669946                      0                           0                           
GPU 7           73.414            0.000        0.000        0.000        2117308                     1718566                     0                           0                           
GPU 0           205.928           0.176        0.028        0.082        25704585                    329986353                   8541613174                  8543003036                  
GPU 1           270.915           0.303        0.028        0.088        37474720                    656503800                   8818755913                  8819720128                  
GPU 2           240.687           0.330        0.033        0.106        97709521                    1279937601                  7517007304                  7515924786                  
GPU 3           237.751           0.287        0.032        0.107        93465026                    773631056                   8033945350                  8033088430                  
GPU 4           71.570            0.000        0.000        0.000        4580962                     3931704                     0                           0                           
GPU 5           73.531            0.000        0.000        0.000        536664                      350090                      0                           0                           
GPU 6           73.634            0.000        0.000        0.000        2708003                     4308776                     0                           0                           
GPU 7           73.445            0.000        0.000        0.000        2237283                     1857327                     0                           0                           
GPU 0           377.681           0.357        0.093        0.146        40943575                    501182152                   20435061071                 20433618117                 
GPU 1           303.160           0.362        0.027        0.144        173834823                   2735494101                  9397849960                  9398174910                  
GPU 2           379.591           0.466        0.115        0.151        69568724                    889556430                   23521273367                 23521636289                 
GPU 3           365.720           0.365        0.146        0.154        51760560                    2853673789                  27689295937                 9677511375                  
GPU 4           71.983            0.000        0.000        0.000        528275                      341177                      0                           0                           
GPU 5           74.084            0.000        0.000        0.000        2273777                     1865807                     0                           0                           
GPU 6           73.700            0.000        0.000        0.000        1345992                     1072915                     0                           0                           
GPU 7           73.772            0.000        0.000        0.000        200102                      15722                       0                           0                           
GPU 0           245.054           0.322        0.088        0.127        47895788                    633025987                   14729700094                 14732224856                 
GPU 1           397.831           0.525        0.179        0.168        37371850                    403403946                   31117405935                 31118189406                 
GPU 2           274.412           0.370        0.064        0.122        57755003                    655480903                   11964450513                 11964449989                 
GPU 3           268.975           0.483        0.052        0.119        53351363                    625341002                   10824157126                 27690257135                 
GPU 4           71.784            0.000        0.000        0.000        4655819                     4007023                     0                           0                           
GPU 5           73.908            0.000        0.000        0.000        1755633                     1429662                     0                           0                           
GPU 6           73.797            0.000        0.000        0.000        4603603                     3970503                     0                           0                           
GPU 7           73.549            0.000        0.000        0.000        5062656                     4379017                     0                           0                           
GPU 0           247.068           0.279        0.034        0.134        75981926                    988956736                   9870040105                  9870039581                  
GPU 1           271.013           0.329        0.029        0.120        72846162                    915191697                   8797111853                  8797111853                  
GPU 2           262.994           0.368        0.035        0.151        97652851                    1244529832                  10561685914                 10560686451                 
GPU 3           258.996           0.351        0.033        0.142        91256502                    611023710                   10320867993                 10824157650                 
GPU 4           71.715            0.000        0.000        0.000        738457                      499769                      0                           0                           
GPU 5           73.790            0.000        0.000        0.000        4624005                     3984693                     0                           0                           
GPU 6           73.687            0.000        0.000        0.000        1300928                     996558                      0                           0                           
GPU 7           73.287            0.000        0.000        0.000        2107005                     1709185                     0                           0                           
GPU 0           247.068           0.279        0.026        0.134        59590662                    988956736                   9870040105                  9870039581                  
GPU 1           259.435           0.318        0.029        0.120        71495756                    915191697                   8797111853                  8797111853                  
GPU 2           262.994           0.309        0.035        0.103        61171661                    1244529832                  10561685914                 10560686451                 
GPU 3           245.529           0.356        0.023        0.142        91256502                    1160103558                  10320867993                 10319866931                 
GPU 4           71.715            0.000        0.000        0.000        738457                      3062670                     0                           0                           
GPU 5           73.790            0.000        0.000        0.000        4624005                     449356                      0                           0                           
GPU 6           73.687            0.000        0.000        0.000        3496229                     2589878                     0                           0                           
GPU 7           73.287            0.000        0.000        0.000        2267418                     1709185                     0                           0                           
GPU 0           274.075           0.232        0.026        0.113        65384861                    833878799                   7610060793                  7610060793                  
GPU 1           269.131           0.319        0.026        0.112        76914779                    994956059                   7641125598                  7641124550                  
GPU 2           267.661           0.365        0.032        0.154        92336434                    1231836614                  9936432948                  9937351413                  
GPU 3           264.606           0.302        0.034        0.174        104651728                   769909161                   11356739205                 11356738681                 
GPU 4           71.719            0.000        0.000        0.000        534563                      346417                      0                           0                           
GPU 5           73.780            0.000        0.000        0.000        5012386                     4331052                     0                           0                           
GPU 6           73.674            0.000        0.000        0.000        3088254                     1389885                     0                           0                           
GPU 7           73.255            0.000        0.000        0.000        4558480                     3921194                     0                           0                           
GPU 0           285.594           0.414        0.039        0.194        127829102                   1722710237                  11864894863                 11864894863                 
GPU 1           287.963           0.402        0.039        0.190        133652585                   1817928605                  11838272357                 11838273105                 
GPU 2           275.556           0.404        0.038        0.191        121016846                   1589914385                  11722255844                 11722255844                 
GPU 3           264.539           0.383        0.037        0.179        109544788                   1420837303                  11463765699                 11463765175                 
GPU 4           71.617            0.000        0.000        0.000        4654133                     4006401                     0                           0                           
GPU 5           73.771            0.000        0.000        0.000        3349802                     2802385                     0                           0                           
GPU 6           73.684            0.000        0.000        0.000        1711152                     3956308                     0                           0                           
GPU 7           73.208            0.000        0.000        0.000        198151                      15242                       0                           0                           
GPU 0           307.669           0.380        0.042        0.171        94966792                    1285728009                  12656607903                 12656609475                 
GPU 1           301.668           0.404        0.058        0.171        78990755                    997081665                   17499128097                 17499672125                 
GPU 2           300.809           0.392        0.040        0.176        98035591                    1311915153                  12257746560                 12259255937                 
GPU 3           282.794           0.378        0.052        0.176        86031205                    1112785399                  16312742725                 16313022237                 
GPU 4           71.759            0.000        0.000        0.000        721334                      479778                      0                           0                           
GPU 5           73.764            0.000        0.000        0.000        542837                      344774                      0                           0                           
GPU 6           73.740            0.000        0.000        0.000        4595166                     1713392                     0                           0                           
GPU 7           73.021            0.000        0.000        0.000        2099358                     1701497                     0                           0                           
GPU 0           289.513           0.401        0.061        0.169        72271813                    884349755                   18240685800                 18240684228                 
GPU 1           308.382           0.401        0.048        0.149        68591649                    898741391                   14648493941                 14647427356                 
GPU 2           271.848           0.413        0.060        0.168        68285559                    830845978                   18080201316                 18078693595                 
GPU 3           266.381           0.393        0.047        0.147        63773623                    827687200                   14653861780                 14653442527                 
GPU 4           71.653            0.000        0.000        0.000        4518011                     3885059                     0                           0                           
GPU 5           73.619            0.000        0.000        0.000        4609612                     3953492                     0                           0                           
GPU 6           73.595            0.000        0.000        0.000        2110644                     1396702                     0                           0                           
GPU 7           73.115            0.000        0.000        0.000        2786620                     2364107                     0                           0                           
GPU 0           290.482           0.395        0.045        0.175        90578348                    1166858016                  14069484316                 14069485269                 
GPU 1           295.037           0.358        0.048        0.171        91637712                    1161268450                  14983033490                 14983682322                 
GPU 2           280.954           0.368        0.045        0.163        76953366                    968379971                   14269773667                 14269772968                 
GPU 3           266.945           0.347        0.047        0.169        82713156                    1036238183                  15029927128                 15029928176                 
GPU 4           71.613            0.000        0.000        0.000        3463245                     2916899                     0                           0                           
GPU 5           73.674            0.000        0.000        0.000        1536971                     1195556                     0                           0                           
GPU 6           73.644            0.000        0.000        0.000        1718494                     3978537                     0                           0                           
GPU 7           73.301            0.000        0.000        0.000        2507151                     2067456                     0                           0                           
GPU 0           375.984           0.508        0.165        0.175        66419250                    379865292                   14069484316                 14069485269                 
GPU 1           302.072           0.389        0.136        0.178        91637712                    698103036                   14983033490                 14983682322                 
GPU 2           280.954           0.492        0.124        0.176        39051643                    477278007                   14269773667                 14269772968                 
GPU 3           349.804           0.367        0.134        0.169        46641565                    1036238183                  15029927128                 15029928176                 
GPU 4           71.613            0.000        0.000        0.000        753106                      535088                      0                           0                           
GPU 5           73.674            0.000        0.000        0.000        1536971                     2737362                     0                           0                           
GPU 6           73.644            0.000        0.000        0.000        4615166                     15722                       0                           0                           
GPU 7           73.278            0.000        0.000        0.000        2231527                     2067456                     0                           0                           
GPU 0           277.819           0.383        0.040        0.170        95932986                    1303620590                  11585449485                 11585448903                 
GPU 1           268.686           0.326        0.039        0.153        85395136                    1174738797                  11541448469                 11544152820                 
GPU 2           264.338           0.450        0.103        0.176        75696395                    952125423                   18891904420                 18892707828                 
GPU 3           258.435           0.350        0.037        0.152        75515100                    1017448300                  11662907074                 11662906550                 
GPU 4           71.637            0.000        0.000        0.000        4690980                     4044870                     0                           0                           
GPU 5           73.783            0.000        0.000        0.000        1764379                     1427433                     0                           0                           
GPU 6           73.584            0.000        0.000        0.000        5084040                     4392270                     0                           0                           
GPU 7           73.325            0.000        0.000        0.000        4491373                     3867265                     0                           0                           
GPU 0           283.691           0.393        0.043        0.175        105187694                   1388814243                  12398883048                 12399158199                 
GPU 1           288.670           0.370        0.042        0.176        113221804                   1513932376                  12173292882                 12170587978                 
GPU 2           277.926           0.364        0.038        0.154        76771805                    1030183439                  11451573356                 11450073511                 
GPU 3           269.207           0.387        0.039        0.169        98038322                    1275354997                  12049720541                 12049509352                 
GPU 4           71.672            0.000        0.000        0.000        1835789                     1470053                     0                           0                           
GPU 5           73.703            0.000        0.000        0.000        4639979                     3991346                     0                           0                           
GPU 6           73.570            0.000        0.000        0.000        2119932                     1722062                     0                           0                           
GPU 7           73.130            0.000        0.000        0.000        1777229                     1422272                     0                           0                           
#Entity         POWER             SMACT        TENSO        DRAMA        PCITX                       PCIRX                       NVLTX                       NVLRX                       
ID               W                                                                                                                                                                       
GPU 0           283.691           0.393        0.040        0.175        105187694                   1388814243                  12398883048                 12399158199                 
GPU 1           288.670           0.370        0.042        0.176        113221804                   1513932376                  12173292882                 12170587978                 
GPU 2           277.926           0.401        0.038        0.177        104073211                   1030183439                  11451573356                 11450073511                 
GPU 3           269.207           0.387        0.039        0.169        98038322                    1275354997                  12049720541                 12049509352                 
GPU 4           71.672            0.000        0.000        0.000        1835789                     2455870                     0                           0                           
GPU 5           73.703            0.000        0.000        0.000        4639979                     3991346                     0                           0                           
GPU 6           73.570            0.000        0.000        0.000        2119932                     1722062                     0                           0                           
GPU 7           73.130            0.000        0.000        0.000        2250940                     1422272                     0                           0                           
GPU 0           318.586           0.392        0.118        0.177        104201479                   1418952043                  11481922832                 11481647695                 
GPU 1           345.606           0.413        0.069        0.182        93602432                    1250683067                  17904928337                 17904454947                 
GPU 2           331.575           0.424        0.201        0.187        94067407                    1231313788                  16006491449                 16006491449                 
GPU 3           411.398           0.385        0.203        0.176        101910613                   1372266953                  11684961337                 11685153816                 
GPU 4           71.736            0.000        0.000        0.000        3952184                     3347637                     0                           0                           
GPU 5           73.727            0.000        0.000        0.000        2117781                     1708688                     0                           0                           
GPU 6           73.437            0.000        0.000        0.000        2283942                     3869802                     0                           0                           
GPU 7           73.028            0.000        0.000        0.000        4501471                     1870455                     0                           0                           
GPU 0           389.321           0.470        0.092        0.183        58536337                    723144854                   26337626678                 26335926228                 
GPU 1           391.667           0.512        0.148        0.193        74338311                    1001399064                  24133239111                 24133862248                 
GPU 2           376.861           0.591        0.049        0.187        103039667                   385907609                   32856762982                 32856761671                 
GPU 3           271.132           0.559        0.049        0.183        21652721                    195353144                   35595290542                 35595288795                 
GPU 4           71.943            0.000        0.000        0.000        537191                      349567                      0                           0                           
GPU 5           73.769            0.000        0.000        0.000        1756025                     1419074                     0                           0                           
GPU 6           73.677            0.000        0.000        0.000        4517040                     1136142                     0                           0                           
GPU 7           73.443            0.000        0.000        0.000        250604                      3877344                     0                           0                           
GPU 0           284.717           0.446        0.038        0.188        91890327                    1218994495                  17693391574                 17696252295                 
GPU 1           289.465           0.379        0.046        0.171        103020125                   1368547887                  13020015411                 13020101347                 
GPU 2           274.296           0.404        0.038        0.174        98620923                    1344674660                  13214998674                 13215000246                 
GPU 3           257.503           0.393        0.036        0.186        102428319                   1357911582                  13383507943                 13383507507                 
GPU 4           71.554            0.000        0.000        0.000        4476112                     3831502                     0                           0                           
GPU 5           73.892            0.000        0.000        0.000        4370545                     3718631                     0                           0                           
GPU 6           73.656            0.000        0.000        0.000        1453588                     2885769                     0                           0                           
GPU 7           73.263            0.000        0.000        0.000        4819844                     62412                       0                           0                           
GPU 0           279.142           0.377        0.045        0.171        101329259                   1379865401                  11025845242                 11011323800                 
GPU 1           279.307           0.356        0.041        0.163        96413214                    1290043300                  11907422231                 11907422606                 
GPU 2           271.492           0.378        0.044        0.164        85450018                    1323416567                  11259063437                 11259064486                 
GPU 3           261.958           0.355        0.043        0.169        96879824                    1310319436                  11125852350                 11125854970                 
GPU 4           71.510            0.000        0.000        0.000        698462                      455001                      0                           0                           
GPU 5           73.688            0.000        0.000        0.000        2073036                     1666045                     0                           0                           
GPU 6           73.540            0.000        0.000        0.000        2220219                     1811432                     0                           0                           
GPU 7           73.222            0.000        0.000        0.000        1925002                     1545242                     0                           0                           
GPU 0           282.955           0.374        0.038        0.163        88728758                    1158922218                  12727863975                 12738269111                 
GPU 1           283.428           0.370        0.040        0.175        113089566                   1563383658                  11919296369                 11918960285                 
GPU 2           271.175           0.372        0.044        0.173        97439049                    1098821961                  12763626839                 12763626315                 
GPU 3           261.958           0.347        0.034        0.159        84211664                    1083148527                  12787624999                 12787623427                 
GPU 4           71.503            0.000        0.000        0.000        4325830                     3692881                     0                           0                           
GPU 5           73.523            0.000        0.000        0.000        1695223                     1357750                     0                           0                           
GPU 6           73.604            0.000        0.000        0.000        2196400                     1811432                     0                           0                           
GPU 7           73.174            0.000        0.000        0.000        2144558                     1764596                     0                           0                           
GPU 0           273.731           0.392        0.056        0.176        109872143                   1498947495                  11283356484                 11282430472                 
GPU 1           303.256           0.375        0.036        0.175        117292636                   1584092827                  11282931833                 11283178148                 
GPU 2           288.303           0.375        0.036        0.175        84832393                    1313054851                  11142866574                 11142081768                 
GPU 3           283.813           0.354        0.056        0.168        98314604                    1324291588                  11103510754                 11103702402                 
GPU 4           71.497            0.000        0.000        0.000        3223073                     2682871                     0                           0                           
GPU 5           73.440            0.000        0.000        0.000        4343395                     3679413                     0                           0                           
GPU 6           73.540            0.000        0.000        0.000        4137142                     1809632                     0                           0                           
GPU 7           73.111            0.000        0.000        0.000        4312168                     3680122                     0                           0                           
GPU 0           303.684           0.400        0.039        0.174        101787258                   1350697055                  12599573080                 12599573455                 
GPU 1           281.267           0.421        0.056        0.188        105398284                   1441961502                  16877019515                 16877018991                 
GPU 2           270.433           0.395        0.060        0.176        98569664                    1295930756                  12754081258                 12754081258                 
GPU 3           259.690           0.361        0.037        0.161        86731680                    1124949665                  12703556199                 12703556199                 
GPU 4           71.453            0.000        0.000        0.000        553204                      363950                      0                           0                           
GPU 5           73.470            0.000        0.000        0.000        2323422                     1893062                     0                           0                           
GPU 6           73.433            0.000        0.000        0.000        1187412                     3509286                     0                           0                           
GPU 7           72.980            0.000        0.000        0.000        256804                      72896                       0                           0                           
GPU 0           281.487           0.384        0.036        0.165        94404081                    1279672408                  11765581660                 11765055853                 
GPU 1           281.299           0.378        0.040        0.169        106839592                   1415820082                  12812030757                 12810944899                 
GPU 2           269.703           0.382        0.039        0.165        87769941                    1173511170                  11801989684                 11801990732                 
GPU 3           239.983           0.342        0.034        0.158        82926119                    1111995078                  11780272872                 11780272872                 
GPU 4           71.494            0.000        0.000        0.000        4192070                     3556607                     0                           0                           
GPU 5           73.545            0.000        0.000        0.000        1149201                     875656                      0                           0                           
GPU 6           73.339            0.000        0.000        0.000        4067874                     905907                      0                           0                           
GPU 7           72.953            0.000        0.000        0.000        4802895                     4121009                     0                           0                           
GPU 0           263.882           0.386        0.038        0.164        96758286                    1264444108                  12005154594                 12005627145                 
GPU 1           283.853           0.350        0.034        0.144        80322703                    1096252817                  11112333533                 11113321201                 
GPU 2           269.922           0.393        0.036        0.170        98268216                    1270433584                  12075596302                 12075596826                 
GPU 3           273.194           0.365        0.035        0.168        98637853                    1277730490                  12114475261                 12114378830                 
GPU 4           71.464            0.000        0.000        0.000        488556                      301940                      0                           0                           
GPU 5           73.471            0.000        0.000        0.000        4400988                     3746447                     0                           0                           
GPU 6           73.436            0.000        0.000        0.000        2816013                     3473933                     0                           0                           
GPU 7           73.041            0.000        0.000        0.000        1571355                     1227211                     0                           0                           
GPU 0           294.453           0.416        0.038        0.183        96758286                    1385778457                  14239123146                 14239122622                 
GPU 1           283.853           0.350        0.037        0.167        80322703                    1500089453                  11691606659                 11691526434                 
GPU 2           270.569           0.393        0.037        0.170        98268216                    1306879581                  13887840993                 13887840993                 
GPU 3           273.194           0.365        0.035        0.174        91643506                    1277730490                  13590826841                 13590896090                 
GPU 4           71.534            0.000        0.000        0.000        4467955                     301940                      0                           0                           
GPU 5           73.393            0.000        0.000        0.000        2056746                     3746447                     0                           0                           
GPU 6           73.518            0.000        0.000        0.000        2816013                     2333867                     0                           0                           
GPU 7           72.867            0.000        0.000        0.000        1571355                     2188691                     0                           0                           
GPU 0           270.673           0.388        0.040        0.166        93941683                    1202304822                  12651938604                 12650945557                 
GPU 1           274.539           0.357        0.038        0.150        81256651                    1066903773                  12522146521                 12521441490                 
GPU 2           264.306           0.370        0.040        0.161        83239599                    1040480911                  12807739472                 12807523946                 
GPU 3           248.817           0.315        0.038        0.147        72294541                    901907753                   12565873899                 12571469911                 
GPU 4           71.446            0.000        0.000        0.000        519880                      330165                      0                           0                           
GPU 5           73.456            0.000        0.000        0.000        1688959                     1350434                     0                           0                           
GPU 6           73.593            0.000        0.000        0.000        4112724                     3484391                     0                           0                           
GPU 7           72.989            0.000        0.000        0.000        1708741                     1385338                     0                           0                           
GPU 0           270.550           0.347        0.037        0.144        71830526                    904012489                   11969978167                 11975209209                 
GPU 1           286.338           0.364        0.034        0.158        103058620                   1318514829                  11328388774                 11329125648                 
GPU 2           271.954           0.343        0.034        0.137        69485111                    864149013                   11341251344                 11340968737                 
GPU 3           267.248           0.314        0.032        0.134        73579424                    905336144                   11109717943                 11104682320                 
GPU 4           71.497            0.000        0.000        0.000        4487112                     3841529                     0                           0                           
GPU 5           73.437            0.000        0.000        0.000        4354631                     3699602                     0                           0                           
GPU 6           73.388            0.000        0.000        0.000        479008                      285098                      0                           0                           
GPU 7           72.989            0.000        0.000        0.000        4296433                     3662292                     0                           0                           
GPU 0           270.550           0.367        0.037        0.197        71830526                    1863970622                  11969978167                 11975209209                 
GPU 1           286.338           0.364        0.029        0.185        103058620                   1318514829                  11328388774                 11329125648                 
GPU 2           245.485           0.343        0.034        0.137        69485111                    2771270184                  11341251344                 11340968737                 
GPU 3           267.248           0.314        0.032        0.203        179109814                   905336144                   11109717943                 11104682320                 
GPU 4           71.503            0.000        0.000        0.000        4487112                     3841529                     0                           0                           
GPU 5           73.386            0.000        0.000        0.000        4354631                     3699602                     0                           0                           
GPU 6           73.388            0.000        0.000        0.000        479008                      285098                      0                           0                           
GPU 7           72.989            0.000        0.000        0.000        4296433                     3662292                     0                           0                           
