#Entity         POWER             SMACT        TENSO        DRAMA        PCITX                       PCIRX                       NVLTX                       NVLRX                       
ID               W                                                                                                                                                                       
GPU 0           98.939            N/A          N/A          N/A          N/A                         N/A                         N/A                         N/A                         
GPU 1           72.334            N/A          N/A          N/A          N/A                         N/A                         N/A                         N/A                         
GPU 2           71.275            N/A          N/A          N/A          N/A                         N/A                         N/A                         N/A                         
GPU 3           71.519            N/A          N/A          N/A          N/A                         N/A                         N/A                         N/A                         
GPU 4           71.779            N/A          N/A          N/A          N/A                         N/A                         N/A                         N/A                         
GPU 5           73.888            N/A          N/A          N/A          N/A                         N/A                         N/A                         N/A                         
GPU 6           73.608            N/A          N/A          N/A          N/A                         N/A                         N/A                         N/A                         
GPU 7           73.315            N/A          N/A          N/A          N/A                         N/A                         N/A                         N/A                         
GPU 0           98.939            N/A          N/A          N/A          N/A                         N/A                         N/A                         N/A                         
GPU 1           72.334            N/A          N/A          N/A          2069179                     N/A                         N/A                         N/A                         
GPU 2           71.275            N/A          N/A          N/A          N/A                         N/A                         N/A                         N/A                         
GPU 3           71.519            N/A          N/A          N/A          N/A                         479693                      N/A                         N/A                         
GPU 4           71.779            N/A          N/A          N/A          N/A                         N/A                         N/A                         N/A                         
GPU 5           73.888            N/A          N/A          N/A          N/A                         N/A                         N/A                         N/A                         
GPU 6           73.608            N/A          N/A          N/A          N/A                         N/A                         N/A                         N/A                         
GPU 7           73.315            N/A          N/A          N/A          N/A                         N/A                         N/A                         N/A                         
GPU 0           98.873            0.000        0.000        0.000        2624213                     2109154                     0                           0                           
GPU 1           72.347            0.000        0.000        0.000        2421835                     1664776                     0                           0                           
GPU 2           71.196            0.000        0.000        0.000        2666194                     2190603                     0                           0                           
GPU 3           71.519            0.000        0.000        0.000        727399                      3590897                     0                           0                           
GPU 4           71.781            0.000        0.000        0.000        2599945                     2137471                     0                           0                           
GPU 5           73.885            0.000        0.000        0.000        1895773                     1500507                     0                           0                           
GPU 6           73.612            0.000        0.000        0.000        2601450                     1261635                     0                           0                           
GPU 7           73.286            0.000        0.000        0.000        1617339                     1260959                     0                           0                           
GPU 0           98.855            0.000        0.000        0.000        503698                      291421                      0                           0                           
GPU 1           72.346            0.000        0.000        0.000        3666452                     2000823                     0                           0                           
GPU 2           71.166            0.000        0.000        0.000        508361                      313926                      0                           0                           
GPU 3           71.525            0.000        0.000        0.000        4232566                     1022392                     0                           0                           
GPU 4           71.748            0.000        0.000        0.000        528261                      330163                      0                           0                           
GPU 5           73.824            0.000        0.000        0.000        1633076                     1295560                     0                           0                           
GPU 6           73.600            0.000        0.000        0.000        2773002                     2157284                     0                           0                           
GPU 7           73.277            0.000        0.000        0.000        2083782                     1696479                     0                           0                           
GPU 0           98.794            0.000        0.000        0.000        5904989                     4981365                     0                           0                           
GPU 1           72.333            0.000        0.000        0.000        5131547                     3094824                     0                           0                           
GPU 2           71.246            0.000        0.000        0.000        5512140                     4721497                     0                           0                           
GPU 3           71.533            0.000        0.000        0.000        6979495                     5992681                     0                           0                           
GPU 4           71.744            0.000        0.000        0.000        4681398                     3991185                     0                           0                           
GPU 5           73.863            0.000        0.000        0.000        5067815                     4318787                     0                           0                           
GPU 6           73.612            0.000        0.000        0.000        5822518                     2302816                     0                           0                           
GPU 7           73.345            0.000        0.000        0.000        3933303                     3324047                     0                           0                           
GPU 0           98.794            0.000        0.000        0.000        4520808                     4981365                     0                           0                           
GPU 1           72.333            0.000        0.000        0.000        5131547                     3094824                     0                           0                           
GPU 2           71.246            0.000        0.000        0.000        4519778                     4721497                     0                           0                           
GPU 3           71.511            0.000        0.000        0.000        6979495                     5992681                     0                           0                           
GPU 4           71.744            0.000        0.000        0.000        5269743                     4521184                     0                           0                           
GPU 5           73.863            0.000        0.000        0.000        5067815                     4370027                     0                           0                           
GPU 6           73.612            0.000        0.000        0.000        5822518                     4236115                     0                           0                           
GPU 7           73.345            0.000        0.000        0.000        5131553                     3324047                     0                           0                           
GPU 0           98.766            0.000        0.000        0.000        5547738                     3685310                     0                           0                           
GPU 1           72.359            0.000        0.000        0.000        5626192                     4811820                     0                           0                           
GPU 2           71.239            0.000        0.000        0.000        6702312                     3855525                     0                           0                           
GPU 3           71.540            0.000        0.000        0.000        5252562                     4476370                     0                           0                           
GPU 4           71.783            0.000        0.000        0.000        6520249                     5604575                     0                           0                           
GPU 5           73.940            0.000        0.000        0.000        5112230                     4352129                     0                           0                           
GPU 6           73.610            0.000        0.000        0.000        4963096                     4911212                     0                           0                           
GPU 7           73.356            0.000        0.000        0.000        5422478                     4652704                     0                           0                           
GPU 0           98.821            0.000        0.000        0.000        5818632                     4804018                     0                           0                           
GPU 1           72.353            0.000        0.000        0.000        6746708                     391890                      0                           0                           
GPU 2           71.213            0.000        0.000        0.000        5052309                     4293021                     0                           0                           
GPU 3           71.528            0.000        0.000        0.000        4709940                     3993873                     0                           0                           
GPU 4           71.744            0.000        0.000        0.000        5138230                     4384817                     0                           0                           
GPU 5           73.840            0.000        0.000        0.000        5934771                     5065780                     0                           0                           
GPU 6           73.585            0.000        0.000        0.000        5742752                     4644173                     0                           0                           
GPU 7           73.390            0.000        0.000        0.000        5616936                     4801846                     0                           0                           
GPU 0           98.724            0.000        0.000        0.000        528860                      318679                      0                           0                           
GPU 1           72.323            0.000        0.000        0.000        581720                      2931052                     0                           0                           
GPU 2           71.177            0.000        0.000        0.000        546097                      353233                      0                           0                           
GPU 3           71.529            0.000        0.000        0.000        4130980                     3513232                     0                           0                           
GPU 4           71.696            0.000        0.000        0.000        261567                      77660                       0                           0                           
GPU 5           73.835            0.000        0.000        0.000        1339946                     1030244                     0                           0                           
GPU 6           73.603            0.000        0.000        0.000        5408158                     999728                      0                           0                           
GPU 7           73.348            0.000        0.000        0.000        2358956                     1954830                     0                           0                           
GPU 0           98.660            0.000        0.000        0.000        4041229                     3341483                     0                           0                           
GPU 1           72.345            0.000        0.000        0.000        3497001                     348792                      0                           0                           
GPU 2           71.266            0.000        0.000        0.000        4312542                     3660603                     0                           0                           
GPU 3           71.538            0.000        0.000        0.000        3182195                     2629524                     0                           0                           
GPU 4           71.729            0.000        0.000        0.000        4756264                     4062739                     0                           0                           
GPU 5           73.925            0.000        0.000        0.000        4156004                     3501503                     0                           0                           
GPU 6           73.621            0.000        0.000        0.000        1307709                     2905367                     0                           0                           
GPU 7           73.296            0.000        0.000        0.000        2998995                     2478114                     0                           0                           
GPU 0           98.660            0.000        0.000        0.000        280415                      99586                       0                           0                           
GPU 1           72.351            0.000        0.000        0.000        538618                      348792                      0                           0                           
GPU 2           71.149            0.000        0.000        0.000        281957                      106913                      0                           0                           
GPU 3           71.523            0.000        0.000        0.000        551969                      352258                      0                           0                           
GPU 4           71.729            0.000        0.000        0.000        1177727                     881865                      0                           0                           
GPU 5           73.807            0.000        0.000        0.000        752410                      510922                      0                           0                           
GPU 6           73.614            0.000        0.000        0.000        3453031                     1383547                     0                           0                           
GPU 7           73.278            0.000        0.000        0.000        1413654                     1116981                     0                           0                           
GPU 0           98.597            0.000        0.000        0.000        6166380                     5116072                     0                           0                           
GPU 1           72.341            0.000        0.000        0.000        5427062                     398948                      0                           0                           
GPU 2           71.232            0.000        0.000        0.000        6693821                     5735247                     0                           0                           
GPU 3           71.518            0.000        0.000        0.000        4014662                     3374106                     0                           0                           
GPU 4           71.755            0.000        0.000        0.000        6819360                     5856769                     0                           0                           
GPU 5           73.890            0.000        0.000        0.000        5609551                     4768381                     0                           0                           
GPU 6           73.601            0.000        0.000        0.000        1749921                     5807734                     0                           0                           
GPU 7           73.373            0.000        0.000        0.000        4403567                     3726095                     0                           0                           
GPU 0           98.597            0.000        0.000        0.000        483792                      276227                      0                           0                           
GPU 1           72.348            0.000        0.000        0.000        597440                      398948                      0                           0                           
GPU 2           71.184            0.000        0.000        0.000        1224602                     943345                      0                           0                           
GPU 3           71.542            0.000        0.000        0.000        4629819                     3949381                     0                           0                           
GPU 4           71.762            0.000        0.000        0.000        573862                      371569                      0                           0                           
GPU 5           73.866            0.000        0.000        0.000        1733885                     1395911                     0                           0                           
GPU 6           73.601            0.000        0.000        0.000        6757837                     306067                      0                           0                           
GPU 7           73.319            0.000        0.000        0.000        2150917                     1762557                     0                           0                           
GPU 0           98.760            0.000        0.000        0.000        3846447                     3176634                     0                           0                           
GPU 1           72.351            0.000        0.000        0.000        3795077                     330152                      0                           0                           
GPU 2           71.307            0.000        0.000        0.000        3744932                     3150392                     0                           0                           
GPU 3           71.527            0.000        0.000        0.000        1191472                     880860                      0                           0                           
GPU 4           71.807            0.000        0.000        0.000        4038541                     3395498                     0                           0                           
GPU 5           73.865            0.000        0.000        0.000        3994354                     3345573                     0                           0                           
GPU 6           73.619            0.000        0.000        0.000        507841                      3596137                     0                           0                           
GPU 7           73.340            0.000        0.000        0.000        3899990                     3275845                     0                           0                           
GPU 0           98.622            0.000        0.000        0.000        472255                      262596                      0                           0                           
GPU 1           72.351            0.000        0.000        0.000        514618                      3812576                     0                           0                           
GPU 2           71.198            0.000        0.000        0.000        543294                      347056                      0                           0                           
GPU 3           71.512            0.000        0.000        0.000        3630533                     3048832                     0                           0                           
GPU 4           71.785            0.000        0.000        0.000        452286                      259422                      0                           0                           
GPU 5           73.849            0.000        0.000        0.000        472675                      268827                      0                           0                           
GPU 6           73.596            0.000        0.000        0.000        4236452                     461671                      0                           0                           
GPU 7           73.348            0.000        0.000        0.000        495282                      300314                      0                           0                           
#Entity         POWER             SMACT        TENSO        DRAMA        PCITX                       PCIRX                       NVLTX                       NVLRX                       
ID               W                                                                                                                                                                       
GPU 0           145.629           0.000        0.000        0.000        4168335                     3487502                     0                           0                           
GPU 1           72.365            0.000        0.000        0.000        4461369                     533618                      0                           0                           
GPU 2           71.280            0.000        0.000        0.000        4179031                     3537554                     0                           0                           
GPU 3           71.539            0.000        0.000        0.000        1741505                     1374246                     0                           0                           
GPU 4           71.820            0.000        0.000        0.000        4427840                     3777998                     0                           0                           
GPU 5           73.848            0.000        0.000        0.000        4400193                     3740321                     0                           0                           
GPU 6           73.609            0.000        0.000        0.000        698938                      3635604                     0                           0                           
GPU 7           73.405            0.000        0.000        0.000        4362593                     3735847                     0                           0                           
GPU 0           353.030           0.180        0.040        0.082        4743101                     17019753                    0                           0                           
GPU 1           72.352            0.000        0.000        0.000        771841                      3658693                     0                           0                           
GPU 2           71.283            0.000        0.000        0.000        504682                      314967                      0                           0                           
GPU 3           71.491            0.000        0.000        0.000        3709752                     3094715                     0                           0                           
GPU 4           71.864            0.000        0.000        0.000        2124411                     1708887                     0                           0                           
GPU 5           73.840            0.000        0.000        0.000        1994368                     1582695                     0                           0                           
GPU 6           73.642            0.000        0.000        0.000        1532075                     1186616                     0                           0                           
GPU 7           73.321            0.000        0.000        0.000        1084792                     794816                      0                           0                           
GPU 0           563.365           0.807        0.268        0.238        7968395                     45086288                    0                           0                           
GPU 1           72.447            0.000        0.000        0.000        4291671                     1872990                     0                           0                           
GPU 2           71.324            0.000        0.000        0.000        4386961                     3741311                     0                           0                           
GPU 3           71.525            0.000        0.000        0.000        523507                      318611                      0                           0                           
GPU 4           71.818            0.000        0.000        0.000        1620964                     1281887                     0                           0                           
GPU 5           73.865            0.000        0.000        0.000        1769652                     1406498                     0                           0                           
GPU 6           73.613            0.000        0.000        0.000        2672575                     2221381                     0                           0                           
GPU 7           73.468            0.000        0.000        0.000        3891189                     3302925                     0                           0                           
GPU 0           563.617           0.879        0.398        0.199        11052008                    44605800                    0                           0                           
GPU 1           72.421            0.000        0.000        0.000        2295985                     1989411                     0                           0                           
GPU 2           71.381            0.000        0.000        0.000        693694                      452139                      0                           0                           
GPU 3           71.591            0.000        0.000        0.000        4286271                     3615476                     0                           0                           
GPU 4           71.772            0.000        0.000        0.000        4021195                     3378768                     0                           0                           
GPU 5           73.793            0.000        0.000        0.000        3972064                     3329616                     0                           0                           
GPU 6           73.696            0.000        0.000        0.000        3162813                     2626681                     0                           0                           
GPU 7           73.488            0.000        0.000        0.000        1528164                     1184447                     0                           0                           
GPU 0           392.104           0.711        0.206        0.304        8209399                     54270605                    0                           0                           
GPU 1           72.445            0.000        0.000        0.000        2393001                     2907253                     0                           0                           
GPU 2           71.341            0.000        0.000        0.000        4238650                     3604512                     0                           0                           
GPU 3           71.542            0.000        0.000        0.000        292928                      105328                      0                           0                           
GPU 4           71.819            0.000        0.000        0.000        491629                      304516                      0                           0                           
GPU 5           73.867            0.000        0.000        0.000        512497                      308127                      0                           0                           
GPU 6           73.610            0.000        0.000        0.000        1271961                     986857                      0                           0                           
GPU 7           73.488            0.000        0.000        0.000        2895813                     2432087                     0                           0                           
GPU 0           409.557           0.662        0.076        0.448        15491471                    76133124                    0                           0                           
GPU 1           72.436            0.000        0.000        0.000        3481979                     404131                      0                           0                           
GPU 2           71.382            0.000        0.000        0.000        744109                      502011                      0                           0                           
GPU 3           71.480            0.000        0.000        0.000        4372934                     3708193                     0                           0                           
GPU 4           71.746            0.000        0.000        0.000        4322602                     3669600                     0                           0                           
GPU 5           73.871            0.000        0.000        0.000        4269233                     3612106                     0                           0                           
GPU 6           73.616            0.000        0.000        0.000        4019944                     3399476                     0                           0                           
GPU 7           73.478            0.000        0.000        0.000        2636758                     2168001                     0                           0                           
GPU 0           407.888           0.661        0.076        0.451        14729502                    73867123                    0                           0                           
GPU 1           72.478            0.000        0.000        0.000        3787608                     3170633                     0                           0                           
GPU 2           71.391            0.000        0.000        0.000        3209047                     3259296                     0                           0                           
GPU 3           71.532            0.000        0.000        0.000        1491025                     1148803                     0                           0                           
GPU 4           71.887            0.000        0.000        0.000        1619041                     1264417                     0                           0                           
GPU 5           73.930            0.000        0.000        0.000        1868817                     1480708                     0                           0                           
GPU 6           73.621            0.000        0.000        0.000        460152                      258901                      0                           0                           
GPU 7           73.413            0.000        0.000        0.000        1720160                     1386493                     0                           0                           
GPU 0           381.833           0.662        0.076        0.452        11313974                    71189940                    0                           0                           
GPU 1           72.398            0.000        0.000        0.000        511497                      318113                      0                           0                           
GPU 2           71.226            0.000        0.000        0.000        528787                      2676557                     0                           0                           
GPU 3           71.513            0.000        0.000        0.000        3372918                     2834456                     0                           0                           
GPU 4           71.824            0.000        0.000        0.000        2397216                     1976815                     0                           0                           
GPU 5           73.908            0.000        0.000        0.000        1625061                     1284432                     0                           0                           
GPU 6           73.630            0.000        0.000        0.000        4244839                     3604969                     0                           0                           
GPU 7           73.439            0.000        0.000        0.000        3433244                     2871430                     0                           0                           
GPU 0           409.585           0.603        0.071        0.412        13729245                    69853805                    0                           0                           
GPU 1           72.382            0.000        0.000        0.000        4170255                     3523282                     0                           0                           
GPU 2           71.299            0.000        0.000        0.000        4266800                     336453                      0                           0                           
GPU 3           71.510            0.000        0.000        0.000        3402938                     2827338                     0                           0                           
GPU 4           71.792            0.000        0.000        0.000        2893961                     2382984                     0                           0                           
GPU 5           73.927            0.000        0.000        0.000        3989169                     3350860                     0                           0                           
GPU 6           73.653            0.000        0.000        0.000        685598                      443566                      0                           0                           
GPU 7           73.402            0.000        0.000        0.000        1014625                     760445                      0                           0                           
GPU 0           388.833           0.661        0.076        0.453        11197651                    70089691                    0                           0                           
GPU 1           72.398            0.000        0.000        0.000        473760                      284885                      0                           0                           
GPU 2           71.299            0.000        0.000        0.000        316547                      3621173                     0                           0                           
GPU 3           71.639            0.000        0.000        0.000        561884                      362750                      0                           0                           
GPU 4           71.801            0.000        0.000        0.000        1603567                     1279709                     0                           0                           
GPU 5           73.839            0.000        0.000        0.000        477687                      268698                      0                           0                           
GPU 6           73.651            0.000        0.000        0.000        4094106                     3482289                     0                           0                           
GPU 7           73.325            0.000        0.000        0.000        4131139                     3498602                     0                           0                           
GPU 0           399.277           0.573        0.142        0.259        9592322                     49198754                    0                           0                           
GPU 1           72.434            0.000        0.000        0.000        4402649                     3759100                     0                           0                           
GPU 2           71.299            0.000        0.000        0.000        4378438                     132593                      0                           0                           
GPU 3           71.583            0.000        0.000        0.000        4061995                     3407967                     0                           0                           
GPU 4           71.846            0.000        0.000        0.000        4017056                     3374013                     0                           0                           
GPU 5           73.884            0.000        0.000        0.000        4275823                     3625018                     0                           0                           
GPU 6           73.593            0.000        0.000        0.000        744712                      495776                      0                           0                           
GPU 7           73.470            0.000        0.000        0.000        662077                      427992                      0                           0                           
GPU 0           399.277           0.635        0.142        0.276        14021576                    53467672                    0                           0                           
GPU 1           72.421            0.000        0.000        0.000        2860051                     3759100                     0                           0                           
GPU 2           71.332            0.000        0.000        0.000        4378438                     3733409                     0                           0                           
GPU 3           71.583            0.000        0.000        0.000        519306                      317033                      0                           0                           
GPU 4           71.730            0.000        0.000        0.000        4017056                     301867                      0                           0                           
GPU 5           73.831            0.000        0.000        0.000        695075                      441627                      0                           0                           
GPU 6           73.612            0.000        0.000        0.000        1978377                     495776                      0                           0                           
GPU 7           73.470            0.000        0.000        0.000        669505                      433672                      0                           0                           
GPU 0           410.560           0.644        0.070        0.446        11204847                    71695215                    0                           0                           
GPU 1           72.414            0.000        0.000        0.000        542717                      350553                      0                           0                           
GPU 2           71.434            0.000        0.000        0.000        511496                      2290262                     0                           0                           
GPU 3           71.545            0.000        0.000        0.000        4115953                     3463500                     0                           0                           
GPU 4           71.842            0.000        0.000        0.000        4293238                     3634997                     0                           0                           
GPU 5           73.917            0.000        0.000        0.000        4134685                     3487785                     0                           0                           
GPU 6           73.625            0.000        0.000        0.000        2112033                     1718975                     0                           0                           
GPU 7           73.379            0.000        0.000        0.000        4038114                     3422821                     0                           0                           
GPU 0           417.570           0.657        0.072        0.461        15839613                    70774328                    0                           0                           
GPU 1           72.389            0.000        0.000        0.000        4359129                     3720377                     0                           0                           
GPU 2           71.312            0.000        0.000        0.000        4305393                     318112                      0                           0                           
GPU 3           71.533            0.000        0.000        0.000        476349                      273023                      0                           0                           
GPU 4           71.868            0.000        0.000        0.000        684648                      441662                      0                           0                           
GPU 5           73.882            0.000        0.000        0.000        1211463                     899903                      0                           0                           
GPU 6           73.703            0.000        0.000        0.000        4223208                     3603874                     0                           0                           
GPU 7           73.351            0.000        0.000        0.000        1730799                     1377876                     0                           0                           
#Entity         POWER             SMACT        TENSO        DRAMA        PCITX                       PCIRX                       NVLTX                       NVLRX                       
ID               W                                                                                                                                                                       
GPU 0           417.570           0.675        0.072        0.461        15839613                    76950835                    0                           0                           
GPU 1           72.389            0.000        0.000        0.000        512494                      3720377                     0                           0                           
GPU 2           71.339            0.000        0.000        0.000        4305393                     3671245                     0                           0                           
GPU 3           71.533            0.000        0.000        0.000        4594902                     808327                      0                           0                           
GPU 4           71.844            0.000        0.000        0.000        684648                      441662                      0                           0                           
GPU 5           73.891            0.000        0.000        0.000        3755646                     899903                      0                           0                           
GPU 6           73.629            0.000        0.000        0.000        4223208                     3603874                     0                           0                           
GPU 7           73.351            0.000        0.000        0.000        1730799                     2588340                     0                           0                           
GPU 0           385.782           0.622        0.069        0.424        11263930                    69934797                    0                           0                           
GPU 1           72.456            0.000        0.000        0.000        4174312                     328562                      0                           0                           
GPU 2           71.305            0.000        0.000        0.000        471671                      280906                      0                           0                           
GPU 3           71.571            0.000        0.000        0.000        1107902                     3100504                     0                           0                           
GPU 4           71.867            0.000        0.000        0.000        2658965                     2183548                     0                           0                           
GPU 5           73.851            0.000        0.000        0.000        2406371                     1943523                     0                           0                           
GPU 6           73.668            0.000        0.000        0.000        4670154                     251556                      0                           0                           
GPU 7           73.436            0.000        0.000        0.000        2326331                     1885067                     0                           0                           
GPU 0           386.472           0.661        0.071        0.449        8816507                     70826635                    0                           0                           
GPU 1           72.388            0.000        0.000        0.000        473233                      3522878                     0                           0                           
GPU 2           71.343            0.000        0.000        0.000        4373411                     3719365                     0                           0                           
GPU 3           71.495            0.000        0.000        0.000        3669366                     1378231                     0                           0                           
GPU 4           71.736            0.000        0.000        0.000        873094                      633595                      0                           0                           
GPU 5           73.887            0.000        0.000        0.000        1786590                     1439521                     0                           0                           
GPU 6           73.740            0.000        0.000        0.000        660772                      3983606                     0                           0                           
GPU 7           73.410            0.000        0.000        0.000        2084733                     1701117                     0                           0                           
GPU 0           372.654           0.431        0.100        0.209        6743719                     45182160                    0                           0                           
GPU 1           72.479            0.000        0.000        0.000        4502935                     276708                      0                           0                           
GPU 2           71.324            0.000        0.000        0.000        698833                      456361                      0                           0                           
GPU 3           71.584            0.000        0.000        0.000        1748396                     2708048                     0                           0                           
GPU 4           71.841            0.000        0.000        0.000        4217286                     3577382                     0                           0                           
GPU 5           73.869            0.000        0.000        0.000        4133784                     3492416                     0                           0                           
GPU 6           73.748            0.000        0.000        0.000        4315472                     420134                      0                           0                           
GPU 7           73.376            0.000        0.000        0.000        4090322                     3464065                     0                           0                           
GPU 0           377.387           0.462        0.096        0.241        14317042                    48655983                    0                           0                           
GPU 1           72.516            0.000        0.000        0.000        2832106                     2332836                     0                           0                           
GPU 2           71.326            0.000        0.000        0.000        3468994                     2897307                     0                           0                           
GPU 3           71.599            0.000        0.000        0.000        3786421                     3175677                     0                           0                           
GPU 4           71.770            0.000        0.000        0.000        435458                      239645                      0                           0                           
GPU 5           73.873            0.000        0.000        0.000        552327                      346907                      0                           0                           
GPU 6           73.565            0.000        0.000        0.000        2004028                     1607939                     0                           0                           
GPU 7           73.388            0.000        0.000        0.000        809321                      571242                      0                           0                           
GPU 0           452.143           0.588        0.068        0.413        12276675                    70285665                    0                           0                           
GPU 1           72.316            0.000        0.000        0.000        508879                      321259                      0                           0                           
GPU 2           71.335            0.000        0.000        0.000        538631                      353458                      0                           0                           
GPU 3           71.556            0.000        0.000        0.000        539792                      349380                      0                           0                           
GPU 4           71.819            0.000        0.000        0.000        4818048                     4116945                     0                           0                           
GPU 5           73.840            0.000        0.000        0.000        4323846                     3671418                     0                           0                           
GPU 6           73.636            0.000        0.000        0.000        2140903                     1757794                     0                           0                           
GPU 7           73.365            0.000        0.000        0.000        4636104                     3977172                     0                           0                           
GPU 0           341.169           0.704        0.076        0.507        12689899                    75286672                    0                           0                           
GPU 1           72.420            0.000        0.000        0.000        4173749                     3530344                     0                           0                           
GPU 2           71.301            0.000        0.000        0.000        3751578                     3154184                     0                           0                           
GPU 3           71.493            0.000        0.000        0.000        4079491                     3430755                     0                           0                           
GPU 4           71.773            0.000        0.000        0.000        1084852                     792239                      0                           0                           
GPU 5           73.766            0.000        0.000        0.000        216288                      20009                       0                           0                           
GPU 6           73.587            0.000        0.000        0.000        3947619                     3324531                     0                           0                           
GPU 7           73.335            0.000        0.000        0.000        1523309                     1179167                     0                           0                           
GPU 0           303.004           0.472        0.056        0.338        7321999                     60449029                    0                           0                           
GPU 1           72.491            0.000        0.000        0.000        476379                      279853                      0                           0                           
GPU 2           71.366            0.000        0.000        0.000        512027                      320213                      0                           0                           
GPU 3           71.588            0.000        0.000        0.000        507828                      314968                      0                           0                           
GPU 4           71.842            0.000        0.000        0.000        4006631                     3405997                     0                           0                           
GPU 5           73.848            0.000        0.000        0.000        4738798                     4037789                     0                           0                           
GPU 6           73.708            0.000        0.000        0.000        500490                      301342                      0                           0                           
GPU 7           73.486            0.000        0.000        0.000        2898640                     2427567                     0                           0                           
GPU 0           327.441           0.390        0.087        0.200        7389749                     42250146                    0                           0                           
GPU 1           72.332            0.000        0.000        0.000        4434493                     3782577                     0                           0                           
GPU 2           71.276            0.000        0.000        0.000        4132059                     3496922                     0                           0                           
GPU 3           71.455            0.000        0.000        0.000        4329383                     3676385                     0                           0                           
GPU 4           71.917            0.000        0.000        0.000        1201491                     906597                      0                           0                           
GPU 5           73.864            0.000        0.000        0.000        709843                      455443                      0                           0                           
GPU 6           73.592            0.000        0.000        0.000        4243998                     3602079                     0                           0                           
GPU 7           73.411            0.000        0.000        0.000        2620775                     2152456                     0                           0                           
GPU 0           456.545           0.390        0.085        0.200        7389749                     42250146                    0                           0                           
GPU 1           72.332            0.000        0.000        0.000        4434493                     2526374                     0                           0                           
GPU 2           71.276            0.000        0.000        0.000        462248                      3496922                     0                           0                           
GPU 3           71.404            0.000        0.000        0.000        4329383                     3676385                     0                           0                           
GPU 4           71.917            0.000        0.000        0.000        3529989                     2965144                     0                           0                           
GPU 5           73.864            0.000        0.000        0.000        709843                      3495505                     0                           0                           
GPU 6           73.592            0.000        0.000        0.000        4243998                     407025                      0                           0                           
GPU 7           73.411            0.000        0.000        0.000        1713724                     2152456                     0                           0                           
GPU 0           425.204           0.690        0.072        0.371        14613591                    76341286                    0                           0                           
GPU 1           72.337            0.000        0.000        0.000        3039959                     362195                      0                           0                           
GPU 2           71.248            0.000        0.000        0.000        4410120                     264666                      0                           0                           
GPU 3           71.495            0.000        0.000        0.000        397321                      192944                      0                           0                           
GPU 4           71.823            0.000        0.000        0.000        3300119                     2736780                     0                           0                           
GPU 5           73.721            0.000        0.000        0.000        2246797                     1810256                     0                           0                           
GPU 6           73.480            0.000        0.000        0.000        643729                      3483698                     0                           0                           
GPU 7           73.340            0.000        0.000        0.000        3330044                     1375987                     0                           0                           
GPU 0           351.302           0.664        0.128        0.204        10467432                    70838080                    0                           0                           
GPU 1           72.379            0.000        0.000        0.000        553193                      3176229                     0                           0                           
GPU 2           71.249            0.000        0.000        0.000        695521                      3779729                     0                           0                           
GPU 3           71.521            0.000        0.000        0.000        4671744                     3975321                     0                           0                           
GPU 4           71.687            0.000        0.000        0.000        575971                      375246                      0                           0                           
GPU 5           73.776            0.000        0.000        0.000        1621913                     1282857                     0                           0                           
GPU 6           73.633            0.000        0.000        0.000        4103229                     1177875                     0                           0                           
GPU 7           73.382            0.000        0.000        0.000        1090618                     2774600                     0                           0                           
GPU 0           339.486           0.392        0.087        0.253        9001719                     45748085                    0                           0                           
GPU 1           72.453            0.000        0.000        0.000        3782700                     363329                      0                           0                           
GPU 2           71.205            0.000        0.000        0.000        4259132                     452565                      0                           0                           
GPU 3           71.418            0.000        0.000        0.000        1142838                     838023                      0                           0                           
GPU 4           71.747            0.000        0.000        0.000        4059941                     3419008                     0                           0                           
GPU 5           73.772            0.000        0.000        0.000        4002010                     3354310                     0                           0                           
GPU 6           73.640            0.000        0.000        0.000        1521585                     2462257                     0                           0                           
GPU 7           73.251            0.000        0.000        0.000        4138412                     834865                      0                           0                           
GPU 0           462.562           0.461        0.093        0.560        6586293                     47747224                    0                           0                           
GPU 1           72.201            0.000        0.000        0.000        546158                      3592444                     0                           0                           
GPU 2           71.158            0.000        0.000        0.000        1201380                     3634296                     0                           0                           
GPU 3           71.342            0.000        0.000        0.000        3599687                     3031959                     0                           0                           
GPU 4           71.682            0.000        0.000        0.000        460143                      262040                      0                           0                           
GPU 5           73.745            0.000        0.000        0.000        466398                      258353                      0                           0                           
GPU 6           73.612            0.000        0.000        0.000        2935029                     2219926                     0                           0                           
GPU 7           73.332            0.000        0.000        0.000        270142                      3505361                     0                           0                           
#Entity         POWER             SMACT        TENSO        DRAMA        PCITX                       PCIRX                       NVLTX                       NVLRX                       
ID               W                                                                                                                                                                       
GPU 0           435.360           0.668        0.085        0.408        18922466                    87590169                    0                           0                           
GPU 1           72.341            0.000        0.000        0.000        4243329                     321778                      0                           0                           
GPU 2           71.242            0.000        0.000        0.000        3745350                     3189168                     0                           0                           
GPU 3           71.330            0.000        0.000        0.000        2508125                     1807624                     0                           0                           
GPU 4           71.748            0.000        0.000        0.000        4446959                     3805016                     0                           0                           
GPU 5           73.693            0.000        0.000        0.000        4392022                     3740110                     0                           0                           
GPU 6           73.555            0.000        0.000        0.000        2691065                     1460041                     0                           0                           
GPU 7           73.237            0.000        0.000        0.000        4802171                     86712                       0                           0                           
GPU 0           454.685           0.653        0.109        0.387        14470445                    87279893                    0                           0                           
GPU 1           72.249            0.000        0.000        0.000        511490                      3862678                     0                           0                           
GPU 2           71.164            0.000        0.000        0.000        3517391                     2947463                     0                           0                           
GPU 3           71.352            0.000        0.000        0.000        3850288                     3240015                     0                           0                           
GPU 4           71.679            0.000        0.000        0.000        700842                      457858                      0                           0                           
GPU 5           73.664            0.000        0.000        0.000        1062206                     773173                      0                           0                           
GPU 6           73.514            0.000        0.000        0.000        1796660                     3465558                     0                           0                           
GPU 7           73.240            0.000        0.000        0.000        2035816                     1636479                     0                           0                           
GPU 0           458.898           0.770        0.115        0.540        12645403                    95319547                    0                           0                           
GPU 1           72.270            0.000        0.000        0.000        4510388                     510711                      0                           0                           
GPU 2           71.132            0.000        0.000        0.000        506265                      318642                      0                           0                           
GPU 3           71.327            0.000        0.000        0.000        513561                      319665                      0                           0                           
GPU 4           71.667            0.000        0.000        0.000        3878757                     3294402                     0                           0                           
GPU 5           73.638            0.000        0.000        0.000        3303493                     2778938                     0                           0                           
GPU 6           73.511            0.000        0.000        0.000        4090752                     306067                      0                           0                           
GPU 7           73.196            0.000        0.000        0.000        1747489                     1417906                     0                           0                           
GPU 0           461.633           0.702        0.085        0.418        18558597                    87683146                    0                           0                           
GPU 1           72.360            0.000        0.000        0.000        766544                      3774385                     0                           0                           
GPU 2           71.221            0.000        0.000        0.000        4223532                     3582587                     0                           0                           
GPU 3           71.351            0.000        0.000        0.000        4452846                     3806169                     0                           0                           
GPU 4           71.641            0.000        0.000        0.000        1717060                     1357354                     0                           0                           
GPU 5           73.628            0.000        0.000        0.000        2420570                     1969890                     0                           0                           
GPU 6           73.504            0.000        0.000        0.000        499980                      3743930                     0                           0                           
GPU 7           73.198            0.000        0.000        0.000        4051772                     3431849                     0                           0                           
GPU 0           447.230           0.673        0.131        0.375        14437607                    86651847                    0                           0                           
GPU 1           72.468            0.000        0.000        0.000        3120775                     2594469                     0                           0                           
GPU 2           71.081            0.000        0.000        0.000        435936                      243457                      0                           0                           
GPU 3           71.256            0.000        0.000        0.000        1106146                     814694                      0                           0                           
GPU 4           71.618            0.000        0.000        0.000        2420155                     1986749                     0                           0                           
GPU 5           73.600            0.000        0.000        0.000        2204150                     1802204                     0                           0                           
GPU 6           73.464            0.000        0.000        0.000        1377966                     1057526                     0                           0                           
GPU 7           73.153            0.000        0.000        0.000        502589                      307632                      0                           0                           
GPU 0           476.663           0.764        0.086        0.539        14657548                    90998575                    0                           0                           
GPU 1           72.374            0.000        0.000        0.000        553167                      351698                      0                           0                           
GPU 2           71.090            0.000        0.000        0.000        4963025                     4263171                     0                           0                           
GPU 3           71.127            0.000        0.000        0.000        3740447                     3168666                     0                           0                           
GPU 4           71.512            0.000        0.000        0.000        2243094                     1845836                     0                           0                           
GPU 5           73.595            0.000        0.000        0.000        4159937                     3526960                     0                           0                           
GPU 6           73.495            0.000        0.000        0.000        3363186                     2845017                     0                           0                           
GPU 7           73.172            0.000        0.000        0.000        4352606                     3730132                     0                           0                           
GPU 0           485.225           0.746        0.126        0.448        17166546                    90740153                    0                           0                           
GPU 1           72.445            0.000        0.000        0.000        4362420                     3708450                     0                           0                           
GPU 2           71.233            0.000        0.000        0.000        1154262                     864823                      0                           0                           
GPU 3           71.231            0.000        0.000        0.000        2306795                     1877546                     0                           0                           
GPU 4           71.538            0.000        0.000        0.000        4243445                     3604596                     0                           0                           
GPU 5           73.555            0.000        0.000        0.000        503607                      296609                      0                           0                           
GPU 6           73.359            0.000        0.000        0.000        2557099                     2106385                     0                           0                           
GPU 7           73.112            0.000        0.000        0.000        219636                      34303                       0                           0                           
GPU 0           458.040           0.746        0.161        0.448        11561864                    90740153                    0                           0                           
GPU 1           72.331            0.000        0.000        0.000        526138                      329098                      0                           0                           
GPU 2           71.233            0.000        0.000        0.000        3541044                     864823                      0                           0                           
GPU 3           71.163            0.000        0.000        0.000        2306795                     2132829                     0                           0                           
GPU 4           71.538            0.000        0.000        0.000        476025                      276880                      0                           0                           
GPU 5           73.555            0.000        0.000        0.000        4535832                     3889203                     0                           0                           
GPU 6           73.359            0.000        0.000        0.000        1824938                     1495937                     0                           0                           
GPU 7           73.070            0.000        0.000        0.000        1578307                     4243150                     0                           0                           
GPU 0           479.628           0.709        0.094        0.476        17477092                    91642765                    0                           0                           
GPU 1           72.323            0.000        0.000        0.000        4598924                     3940737                     0                           0                           
GPU 2           71.202            0.000        0.000        0.000        541550                      357539                      0                           0                           
GPU 3           71.086            0.000        0.000        0.000        519307                      3539435                     0                           0                           
GPU 4           71.713            0.000        0.000        0.000        4900294                     4202331                     0                           0                           
GPU 5           73.443            0.000        0.000        0.000        1677951                     1654482                     0                           0                           
GPU 6           73.338            0.000        0.000        0.000        4088601                     3464987                     0                           0                           
GPU 7           73.079            0.000        0.000        0.000        3340609                     2837552                     0                           0                           
GPU 0           498.427           0.783        0.117        0.500        17120154                    94475481                    0                           0                           
GPU 1           72.314            0.000        0.000        0.000        725965                      473020                      0                           0                           
GPU 2           71.060            0.000        0.000        0.000        4204269                     3564352                     0                           0                           
GPU 3           71.205            0.000        0.000        0.000        4253280                     320702                      0                           0                           
GPU 4           71.783            0.000        0.000        0.000        1578792                     1234646                     0                           0                           
GPU 5           73.451            0.000        0.000        0.000        4172500                     1342570                     0                           0                           
GPU 6           73.393            0.000        0.000        0.000        495780                      300822                      0                           0                           
GPU 7           73.064            0.000        0.000        0.000        1867562                     1491667                     0                           0                           
GPU 0           498.427           0.783        0.136        0.500        11082466                    94475481                    0                           0                           
GPU 1           72.384            0.000        0.000        0.000        4475354                     473020                      0                           0                           
GPU 2           71.060            0.000        0.000        0.000        504688                      3564352                     0                           0                           
GPU 3           71.205            0.000        0.000        0.000        4253280                     3601872                     0                           0                           
GPU 4           71.783            0.000        0.000        0.000        1578792                     2608819                     0                           0                           
GPU 5           73.451            0.000        0.000        0.000        4172500                     3535253                     0                           0                           
GPU 6           73.393            0.000        0.000        0.000        4375521                     300822                      0                           0                           
GPU 7           73.064            0.000        0.000        0.000        2511377                     1491667                     0                           0                           
GPU 0           463.168           0.665        0.094        0.470        16733472                    84066154                    0                           0                           
GPU 1           72.250            0.000        0.000        0.000        3115967                     2590837                     0                           0                           
GPU 2           71.147            0.000        0.000        0.000        4518416                     3883333                     0                           0                           
GPU 3           71.105            0.000        0.000        0.000        4985443                     244402                      0                           0                           
GPU 4           71.651            0.000        0.000        0.000        2608949                     2148238                     0                           0                           
GPU 5           73.377            0.000        0.000        0.000        878647                      619682                      0                           0                           
GPU 6           73.261            0.000        0.000        0.000        1052600                     767176                      0                           0                           
GPU 7           73.019            0.000        0.000        0.000        4058407                     2084254                     0                           0                           
GPU 0           493.807           0.732        0.092        0.501        13706993                    89185420                    0                           0                           
GPU 1           72.263            0.000        0.000        0.000        533490                      338017                      0                           0                           
GPU 2           71.093            0.000        0.000        0.000        730374                      485486                      0                           0                           
GPU 3           71.029            0.000        0.000        0.000        1165631                     4279725                     0                           0                           
GPU 4           71.647            0.000        0.000        0.000        1791828                     1445935                     0                           0                           
GPU 5           73.335            0.000        0.000        0.000        4289640                     3665608                     0                           0                           
GPU 6           73.260            0.000        0.000        0.000        4049063                     3467538                     0                           0                           
GPU 7           72.931            0.000        0.000        0.000        503104                      3434762                     0                           0                           
GPU 0           464.733           0.736        0.163        0.368        15024861                    82758458                    0                           0                           
GPU 1           72.165            0.000        0.000        0.000        4663934                     4004986                     0                           0                           
GPU 2           71.136            0.000        0.000        0.000        4476273                     3848535                     0                           0                           
GPU 3           71.052            0.000        0.000        0.000        3870443                     872149                      0                           0                           
GPU 4           71.627            0.000        0.000        0.000        4312129                     3671180                     0                           0                           
GPU 5           73.316            0.000        0.000        0.000        1951456                     1559230                     0                           0                           
GPU 6           73.195            0.000        0.000        0.000        2091127                     1692027                     0                           0                           
GPU 7           72.913            0.000        0.000        0.000        4480146                     306055                      0                           0                           
#Entity         POWER             SMACT        TENSO        DRAMA        PCITX                       PCIRX                       NVLTX                       NVLRX                       
ID               W                                                                                                                                                                       
GPU 0           497.351           0.681        0.102        0.435        12636893                    88419828                    0                           0                           
GPU 1           72.244            0.000        0.000        0.000        811290                      559280                      0                           0                           
GPU 2           71.076            0.000        0.000        0.000        3054253                     2536913                     0                           0                           
GPU 3           70.983            0.000        0.000        0.000        3531578                     2962997                     0                           0                           
GPU 4           71.648            0.000        0.000        0.000        885275                      646377                      0                           0                           
GPU 5           73.343            0.000        0.000        0.000        2798920                     2244279                     0                           0                           
GPU 6           73.182            0.000        0.000        0.000        2259149                     1877033                     0                           0                           
GPU 7           72.849            0.000        0.000        0.000        1383732                     3853900                     0                           0                           
GPU 0           434.427           0.764        0.137        0.436        16626088                    84471323                    0                           0                           
GPU 1           72.138            0.000        0.000        0.000        4440669                     3797887                     0                           0                           
GPU 2           71.110            0.000        0.000        0.000        502072                      311830                      0                           0                           
GPU 3           70.937            0.000        0.000        0.000        505201                      315488                      0                           0                           
GPU 4           71.585            0.000        0.000        0.000        4279459                     3645314                     0                           0                           
GPU 5           73.206            0.000        0.000        0.000        1662276                     1316929                     0                           0                           
GPU 6           73.124            0.000        0.000        0.000        4105916                     3473390                     0                           0                           
GPU 7           72.924            0.000        0.000        0.000        3316011                     2813466                     0                           0                           
GPU 0           445.745           0.695        0.080        0.466        13693609                    82756594                    0                           0                           
GPU 1           72.120            0.000        0.000        0.000        2339153                     1912769                     0                           0                           
GPU 2           71.076            0.000        0.000        0.000        4620769                     3995689                     0                           0                           
GPU 3           70.905            0.000        0.000        0.000        4598807                     3958453                     0                           0                           
GPU 4           71.582            0.000        0.000        0.000        1620721                     1277011                     0                           0                           
GPU 5           73.233            0.000        0.000        0.000        4504771                     3860334                     0                           0                           
GPU 6           73.105            0.000        0.000        0.000        443565                      249177                      0                           0                           
GPU 7           72.835            0.000        0.000        0.000        2277698                     1866560                     0                           0                           
GPU 0           434.362           0.660        0.091        0.419        15403023                    85498175                    0                           0                           
GPU 1           72.069            0.000        0.000        0.000        2654651                     3042726                     0                           0                           
GPU 2           70.917            0.000        0.000        0.000        1097677                     812272                      0                           0                           
GPU 3           70.796            0.000        0.000        0.000        277763                      97479                       0                           0                           
GPU 4           71.500            0.000        0.000        0.000        3504671                     2720046                     0                           0                           
GPU 5           73.215            0.000        0.000        0.000        266742                      69698                       0                           0                           
GPU 6           73.075            0.000        0.000        0.000        4997829                     985671                      0                           0                           
GPU 7           72.760            0.000        0.000        0.000        2204775                     1827443                     0                           0                           
GPU 0           395.023           0.607        0.074        0.401        14717754                    83259624                    0                           0                           
GPU 1           72.146            0.000        0.000        0.000        3620006                     323336                      0                           0                           
GPU 2           70.901            0.000        0.000        0.000        3738767                     3184941                     0                           0                           
GPU 3           70.928            0.000        0.000        0.000        4506921                     3860754                     0                           0                           
GPU 4           71.527            0.000        0.000        0.000        799729                      2935805                     0                           0                           
GPU 5           73.122            0.000        0.000        0.000        4408302                     3753240                     0                           0                           
GPU 6           73.028            0.000        0.000        0.000        1293265                     2782103                     0                           0                           
GPU 7           72.770            0.000        0.000        0.000        4096737                     3473081                     0                           0                           
GPU 0           447.593           0.705        0.084        0.462        11770889                    86167175                    0                           0                           
GPU 1           72.101            0.000        0.000        0.000        522473                      3641700                     0                           0                           
GPU 2           70.858            0.000        0.000        0.000        3540058                     2971884                     0                           0                           
GPU 3           70.749            0.000        0.000        0.000        760441                      512551                      0                           0                           
GPU 4           71.506            0.000        0.000        0.000        4397465                     571759                      0                           0                           
GPU 5           73.048            0.000        0.000        0.000        1139806                     838041                      0                           0                           
GPU 6           73.085            0.000        0.000        0.000        3289845                     2228758                     0                           0                           
GPU 7           72.750            0.000        0.000        0.000        461183                      265704                      0                           0                           
GPU 0           452.148           0.705        0.079        0.462        16682386                    86167175                    0                           0                           
GPU 1           72.072            0.000        0.000        0.000        4305162                     899749                      0                           0                           
GPU 2           70.858            0.000        0.000        0.000        579117                      2971884                     0                           0                           
GPU 3           70.812            0.000        0.000        0.000        760441                      3369311                     0                           0                           
GPU 4           71.506            0.000        0.000        0.000        273581                      3753383                     0                           0                           
GPU 5           73.048            0.000        0.000        0.000        1139806                     3477622                     0                           0                           
GPU 6           73.085            0.000        0.000        0.000        2702810                     1308645                     0                           0                           
GPU 7           72.750            0.000        0.000        0.000        4345988                     265704                      0                           0                           
GPU 0           490.864           0.689        0.103        0.460        12591781                    81797842                    0                           0                           
GPU 1           72.108            0.000        0.000        0.000        1187572                     3357450                     0                           0                           
GPU 2           71.033            0.000        0.000        0.000        4195265                     387169                      0                           0                           
GPU 3           70.783            0.000        0.000        0.000        3330786                     2793633                     0                           0                           
GPU 4           71.475            0.000        0.000        0.000        4467621                     92766                       0                           0                           
GPU 5           73.033            0.000        0.000        0.000        2074134                     1669350                     0                           0                           
GPU 6           73.061            0.000        0.000        0.000        1629910                     3504410                     0                           0                           
GPU 7           72.740            0.000        0.000        0.000        749349                      513103                      0                           0                           
GPU 0           490.864           0.789        0.126        0.528        18664265                    94959480                    0                           0                           
GPU 1           72.042            0.000        0.000        0.000        3951962                     3357450                     0                           0                           
GPU 2           70.893            0.000        0.000        0.000        504882                      3546977                     0                           0                           
GPU 3           70.783            0.000        0.000        0.000        811153                      588130                      0                           0                           
GPU 4           71.480            0.000        0.000        0.000        4467621                     3833581                     0                           0                           
GPU 5           73.023            0.000        0.000        0.000        2200153                     1804461                     0                           0                           
GPU 6           73.012            0.000        0.000        0.000        4129617                     3504410                     0                           0                           
GPU 7           72.740            0.000        0.000        0.000        4101007                     3499596                     0                           0                           
GPU 0           461.439           0.716        0.104        0.420        15351182                    90395247                    0                           0                           
GPU 1           72.053            0.000        0.000        0.000        3335720                     364470                      0                           0                           
GPU 2           70.888            0.000        0.000        0.000        4270729                     319479                      0                           0                           
GPU 3           70.762            0.000        0.000        0.000        4188338                     3539020                     0                           0                           
GPU 4           71.490            0.000        0.000        0.000        3683217                     831994                      0                           0                           
GPU 5           73.063            0.000        0.000        0.000        4163523                     3518426                     0                           0                           
GPU 6           73.039            0.000        0.000        0.000        429274                      4175870                     0                           0                           
GPU 7           72.667            0.000        0.000        0.000        2060121                     1660585                     0                           0                           
GPU 0           516.129           0.732        0.118        0.478        16278615                    90847057                    0                           0                           
GPU 1           72.068            0.000        0.000        0.000        554275                      3646656                     0                           0                           
GPU 2           70.912            0.000        0.000        0.000        1253761                     3639755                     0                           0                           
GPU 3           70.731            0.000        0.000        0.000        508882                      321785                      0                           0                           
GPU 4           71.436            0.000        0.000        0.000        2212553                     1792816                     0                           0                           
GPU 5           72.981            0.000        0.000        0.000        451165                      247259                      0                           0                           
GPU 6           72.991            0.000        0.000        0.000        1487581                     1155798                     0                           0                           
GPU 7           72.647            0.000        0.000        0.000        2143637                     1770466                     0                           0                           
GPU 0           465.317           0.762        0.151        0.477        11993121                    91125495                    0                           0                           
GPU 1           71.991            0.000        0.000        0.000        4296965                     320715                      0                           0                           
GPU 2           70.832            0.000        0.000        0.000        3814097                     964711                      0                           0                           
GPU 3           70.681            0.000        0.000        0.000        4507462                     3852908                     0                           0                           
GPU 4           71.437            0.000        0.000        0.000        2298145                     1900359                     0                           0                           
GPU 5           72.901            0.000        0.000        0.000        5017282                     4322733                     0                           0                           
GPU 6           72.975            0.000        0.000        0.000        3096177                     2619842                     0                           0                           
GPU 7           72.623            0.000        0.000        0.000        4216608                     3606151                     0                           0                           
GPU 0           480.361           0.731        0.102        0.385        17697688                    83614895                    0                           0                           
GPU 1           71.977            0.000        0.000        0.000        521424                      4064214                     0                           0                           
GPU 2           70.761            0.000        0.000        0.000        3637936                     3260325                     0                           0                           
GPU 3           70.595            0.000        0.000        0.000        746804                      507477                      0                           0                           
GPU 4           71.426            0.000        0.000        0.000        4294413                     3670295                     0                           0                           
GPU 5           72.976            0.000        0.000        0.000        1162965                     859887                      0                           0                           
GPU 6           72.961            0.000        0.000        0.000        2492250                     2058883                     0                           0                           
GPU 7           72.619            0.000        0.000        0.000        434972                      239163                      0                           0                           
GPU 0           480.361           0.730        0.146        0.479        12747046                    97934162                    0                           0                           
GPU 1           71.919            0.000        0.000        0.000        4721761                     4064214                     0                           0                           
GPU 2           70.857            0.000        0.000        0.000        547385                      3066697                     0                           0                           
GPU 3           70.651            0.000        0.000        0.000        4511009                     3889945                     0                           0                           
GPU 4           71.419            0.000        0.000        0.000        615372                      406171                      0                           0                           
GPU 5           72.998            0.000        0.000        0.000        3780706                     3229378                     0                           0                           
GPU 6           72.940            0.000        0.000        0.000        2237818                     1855764                     0                           0                           
GPU 7           72.599            0.000        0.000        0.000        4954530                     4278516                     0                           0                           
#Entity         POWER             SMACT        TENSO        DRAMA        PCITX                       PCIRX                       NVLTX                       NVLRX                       
ID               W                                                                                                                                                                       
GPU 0           574.795           0.783        0.373        0.441        12507547                    81372532                    0                           0                           
GPU 1           72.011            0.000        0.000        0.000        2133735                     2074099                     0                           0                           
GPU 2           70.835            0.000        0.000        0.000        4204703                     363370                      0                           0                           
GPU 3           70.642            0.000        0.000        0.000        3277427                     2739318                     0                           0                           
GPU 4           71.377            0.000        0.000        0.000        5263123                     4532679                     0                           0                           
GPU 5           72.902            0.000        0.000        0.000        2493151                     2031117                     0                           0                           
GPU 6           72.908            0.000        0.000        0.000        4082147                     3461702                     0                           0                           
GPU 7           72.564            0.000        0.000        0.000        1466575                     1133995                     0                           0                           
GPU 0           574.795           0.891        0.266        0.213        12396902                    51088073                    0                           0                           
GPU 1           71.878            0.000        0.000        0.000        2498003                     2074099                     0                           0                           
GPU 2           70.770            0.000        0.000        0.000        506774                      3563228                     0                           0                           
GPU 3           70.657            0.000        0.000        0.000        511496                      319685                      0                           0                           
GPU 4           71.429            0.000        0.000        0.000        1116334                     824584                      0                           0                           
GPU 5           72.884            0.000        0.000        0.000        1681605                     1346751                     0                           0                           
GPU 6           72.913            0.000        0.000        0.000        501024                      302396                      0                           0                           
GPU 7           72.605            0.000        0.000        0.000        2975565                     2506811                     0                           0                           
GPU 0           435.589           0.750        0.107        0.283        12421128                    63364222                    0                           0                           
GPU 1           72.003            0.000        0.000        0.000        3617005                     355186                      0                           0                           
GPU 2           70.802            0.000        0.000        0.000        4425770                     322302                      0                           0                           
GPU 3           70.660            0.000        0.000        0.000        4260733                     3618295                     0                           0                           
GPU 4           71.421            0.000        0.000        0.000        3680211                     3117697                     0                           0                           
GPU 5           72.943            0.000        0.000        0.000        4364081                     3709574                     0                           0                           
GPU 6           72.913            0.000        0.000        0.000        4384432                     3738768                     0                           0                           
GPU 7           72.491            0.000        0.000        0.000        2394660                     1955028                     0                           0                           
GPU 0           440.268           0.679        0.090        0.413        14942895                    80947818                    0                           0                           
GPU 1           71.922            0.000        0.000        0.000        557817                      3627434                     0                           0                           
GPU 2           70.707            0.000        0.000        0.000        731958                      3777495                     0                           0                           
GPU 3           70.587            0.000        0.000        0.000        461708                      266229                      0                           0                           
GPU 4           71.210            0.000        0.000        0.000        2645546                     2194432                     0                           0                           
GPU 5           72.907            0.000        0.000        0.000        289274                      91708                       0                           0                           
GPU 6           72.784            0.000        0.000        0.000        734139                      491755                      0                           0                           
GPU 7           72.518            0.000        0.000        0.000        2156299                     1780584                     0                           0                           
GPU 0           438.151           0.648        0.079        0.418        12560949                    85418265                    0                           0                           
GPU 1           71.952            0.000        0.000        0.000        4285110                     324906                      0                           0                           
GPU 2           70.774            0.000        0.000        0.000        4363554                     493940                      0                           0                           
GPU 3           70.554            0.000        0.000        0.000        4494795                     3842874                     0                           0                           
GPU 4           71.246            0.000        0.000        0.000        1537693                     1225333                     0                           0                           
GPU 5           72.777            0.000        0.000        0.000        4429564                     3785016                     0                           0                           
GPU 6           72.821            0.000        0.000        0.000        4128606                     3516594                     0                           0                           
GPU 7           72.479            0.000        0.000        0.000        4037134                     3415714                     0                           0                           
GPU 0           447.985           0.666        0.088        0.450        16286828                    82703249                    0                           0                           
GPU 1           71.894            0.000        0.000        0.000        521422                      3837678                     0                           0                           
GPU 2           70.708            0.000        0.000        0.000        3277576                     3745762                     0                           0                           
GPU 3           70.526            0.000        0.000        0.000        786578                      539313                      0                           0                           
GPU 4           71.321            0.000        0.000        0.000        4219674                     3590811                     0                           0                           
GPU 5           72.816            0.000        0.000        0.000        730793                      484496                      0                           0                           
GPU 6           72.804            0.000        0.000        0.000        1710833                     1352087                     0                           0                           
GPU 7           72.462            0.000        0.000        0.000        479803                      292075                      0                           0                           
GPU 0           447.985           0.682        0.082        0.450        13493198                    85378238                    0                           0                           
GPU 1           71.881            0.000        0.000        0.000        4506900                     3837678                     0                           0                           
GPU 2           70.718            0.000        0.000        0.000        507303                      2734135                     0                           0                           
GPU 3           70.526            0.000        0.000        0.000        4298551                     3673741                     0                           0                           
GPU 4           71.209            0.000        0.000        0.000        4219674                     232514                      0                           0                           
GPU 5           72.831            0.000        0.000        0.000        3875619                     3290976                     0                           0                           
GPU 6           72.777            0.000        0.000        0.000        3002974                     1352087                     0                           0                           
GPU 7           72.420            0.000        0.000        0.000        705120                      4149091                     0                           0                           
GPU 0           471.750           0.725        0.088        0.488        16477182                    82982018                    0                           0                           
GPU 1           71.883            0.000        0.000        0.000        2802388                     363929                      0                           0                           
GPU 2           70.681            0.000        0.000        0.000        4244545                     319685                      0                           0                           
GPU 3           70.489            0.000        0.000        0.000        1737831                     1375783                     0                           0                           
GPU 4           71.309            0.000        0.000        0.000        5519832                     4750095                     0                           0                           
GPU 5           72.726            0.000        0.000        0.000        2208605                     1780319                     0                           0                           
GPU 6           72.783            0.000        0.000        0.000        2410246                     1967922                     0                           0                           
GPU 7           72.410            0.000        0.000        0.000        4214295                     461663                      0                           0                           
GPU 0           416.572           0.677        0.151        0.444        12613000                    85572036                    0                           0                           
GPU 1           71.930            0.000        0.000        0.000        558414                      3760713                     0                           0                           
GPU 2           70.685            0.000        0.000        0.000        443084                      3606736                     0                           0                           
GPU 3           70.502            0.000        0.000        0.000        3104634                     2621846                     0                           0                           
GPU 4           71.236            0.000        0.000        0.000        1069933                     792976                      0                           0                           
GPU 5           72.718            0.000        0.000        0.000        2216751                     1814277                     0                           0                           
GPU 6           72.830            0.000        0.000        0.000        2178035                     1789175                     0                           0                           
GPU 7           72.448            0.000        0.000        0.000        1632186                     3602355                     0                           0                           
GPU 0           342.588           0.680        0.098        0.339        8448135                     65398254                    0                           0                           
GPU 1           71.854            0.000        0.000        0.000        4411515                     329624                      0                           0                           
GPU 2           70.671            0.000        0.000        0.000        5130016                     250128                      0                           0                           
GPU 3           70.501            0.000        0.000        0.000        3927521                     3318669                     0                           0                           
GPU 4           71.221            0.000        0.000        0.000        3815347                     3263892                     0                           0                           
GPU 5           72.753            0.000        0.000        0.000        4260826                     3631999                     0                           0                           
GPU 6           72.748            0.000        0.000        0.000        4225019                     3594043                     0                           0                           
GPU 7           72.377            0.000        0.000        0.000        3074837                     1293785                     0                           0                           
GPU 0           414.440           0.520        0.080        0.298        11512518                    59098519                    0                           0                           
GPU 1           71.809            0.000        0.000        0.000        525617                      4016119                     0                           0                           
GPU 2           70.610            0.000        0.000        0.000        3152464                     4438910                     0                           0                           
GPU 3           70.319            0.000        0.000        0.000        513076                      329123                      0                           0                           
GPU 4           71.159            0.000        0.000        0.000        2256202                     1838881                     0                           0                           
GPU 5           72.681            0.000        0.000        0.000        499274                      293943                      0                           0                           
GPU 6           72.625            0.000        0.000        0.000        840788                      604997                      0                           0                           
GPU 7           72.365            0.000        0.000        0.000        2491245                     2612447                     0                           0                           
GPU 0           414.440           0.505        0.082        0.324        12454171                    59541134                    0                           0                           
GPU 1           71.845            0.000        0.000        0.000        4681019                     4016119                     0                           0                           
GPU 2           70.624            0.000        0.000        0.000        553202                      2641901                     0                           0                           
GPU 3           70.319            0.000        0.000        0.000        4553528                     3905868                     0                           0                           
GPU 4           71.198            0.000        0.000        0.000        2256202                     1934690                     0                           0                           
GPU 5           72.744            0.000        0.000        0.000        5005461                     4302041                     0                           0                           
GPU 6           72.674            0.000        0.000        0.000        4374290                     604997                      0                           0                           
GPU 7           72.311            0.000        0.000        0.000        2200078                     2056299                     0                           0                           
GPU 0           548.633           0.636        0.145        0.314        11000648                    55385319                    0                           0                           
GPU 1           71.756            0.000        0.000        0.000        1669093                     2500346                     0                           0                           
GPU 2           70.702            0.000        0.000        0.000        4094712                     365113                      0                           0                           
GPU 3           70.471            0.000        0.000        0.000        275845                      90995                       0                           0                           
GPU 4           71.218            0.000        0.000        0.000        4014879                     3366608                     0                           0                           
GPU 5           72.626            0.000        0.000        0.000        1987668                     1583846                     0                           0                           
GPU 6           72.725            0.000        0.000        0.000        1340649                     1026211                     0                           0                           
GPU 7           72.260            0.000        0.000        0.000        3977983                     1821694                     0                           0                           
GPU 0           548.633           0.882        0.358        0.218        8059225                     45057870                    0                           0                           
GPU 1           71.812            0.000        0.000        0.000        3247874                     2500346                     0                           0                           
GPU 2           70.637            0.000        0.000        0.000        507826                      3456895                     0                           0                           
GPU 3           70.471            0.000        0.000        0.000        4881426                     2156447                     0                           0                           
GPU 4           71.103            0.000        0.000        0.000        4014879                     274716                      0                           0                           
GPU 5           72.637            0.000        0.000        0.000        1645521                     1300171                     0                           0                           
GPU 6           72.672            0.000        0.000        0.000        2164783                     1026211                     0                           0                           
GPU 7           72.260            0.000        0.000        0.000        811869                      3354376                     0                           0                           
#Entity         POWER             SMACT        TENSO        DRAMA        PCITX                       PCIRX                       NVLTX                       NVLRX                       
ID               W                                                                                                                                                                       
GPU 0           355.264           0.826        0.349        0.227        11966754                    50842070                    0                           0                           
GPU 1           71.755            0.000        0.000        0.000        553174                      354614                      0                           0                           
GPU 2           70.614            0.000        0.000        0.000        4137640                     314443                      0                           0                           
GPU 3           70.257            0.000        0.000        0.000        2627713                     925659                      0                           0                           
GPU 4           71.184            0.000        0.000        0.000        5356807                     4605583                     0                           0                           
GPU 5           72.624            0.000        0.000        0.000        4023592                     3383379                     0                           0                           
GPU 6           72.684            0.000        0.000        0.000        2111986                     1725749                     0                           0                           
GPU 7           72.180            0.000        0.000        0.000        4088134                     569598                      0                           0                           
GPU 0           377.143           0.495        0.072        0.320        8276425                     55967268                    0                           0                           
GPU 1           71.734            0.000        0.000        0.000        4403365                     3752528                     0                           0                           
GPU 2           70.558            0.000        0.000        0.000        455945                      3497734                     0                           0                           
GPU 3           70.361            0.000        0.000        0.000        1195561                     3345460                     0                           0                           
GPU 4           71.145            0.000        0.000        0.000        680403                      449380                      0                           0                           
GPU 5           72.568            0.000        0.000        0.000        461758                      258920                      0                           0                           
GPU 6           72.584            0.000        0.000        0.000        4234844                     3603966                     0                           0                           
GPU 7           72.254            0.000        0.000        0.000        1232277                     3477330                     0                           0                           
GPU 0           377.143           0.517        0.080        0.343        12558387                    67032818                    0                           0                           
GPU 1           71.628            0.000        0.000        0.000        527710                      3752528                     0                           0                           
GPU 2           70.581            0.000        0.000        0.000        455945                      260608                      0                           0                           
GPU 3           70.361            0.000        0.000        0.000        3951474                     362781                      0                           0                           
GPU 4           71.082            0.000        0.000        0.000        680403                      2187085                     0                           0                           
GPU 5           72.637            0.000        0.000        0.000        4581818                     1051401                     0                           0                           
GPU 6           72.669            0.000        0.000        0.000        444988                      3603966                     0                           0                           
GPU 7           72.254            0.000        0.000        0.000        2153653                     932663                      0                           0                           
GPU 0           379.433           0.502        0.065        0.336        8672513                     58681694                    0                           0                           
GPU 1           71.752            0.000        0.000        0.000        4397325                     3725046                     0                           0                           
GPU 2           70.519            0.000        0.000        0.000        533976                      345308                      0                           0                           
GPU 3           70.367            0.000        0.000        0.000        4095359                     3454460                     0                           0                           
GPU 4           71.080            0.000        0.000        0.000        1098840                     839581                      0                           0                           
GPU 5           72.525            0.000        0.000        0.000        3287192                     2744786                     0                           0                           
GPU 6           72.572            0.000        0.000        0.000        4698292                     4008308                     0                           0                           
GPU 7           72.174            0.000        0.000        0.000        2093159                     1705342                     0                           0                           
GPU 0           429.943           0.607        0.074        0.410        13328967                    68637063                    0                           0                           
GPU 1           71.718            0.000        0.000        0.000        714455                      463784                      0                           0                           
GPU 2           70.477            0.000        0.000        0.000        4102638                     3460258                     0                           0                           
GPU 3           70.319            0.000        0.000        0.000        506772                      311819                      0                           0                           
GPU 4           71.022            0.000        0.000        0.000        4040020                     3405377                     0                           0                           
GPU 5           72.532            0.000        0.000        0.000        2147666                     1726135                     0                           0                           
GPU 6           72.583            0.000        0.000        0.000        649423                      410529                      0                           0                           
GPU 7           72.189            0.000        0.000        0.000        3923325                     3302887                     0                           0                           
GPU 0           374.924           0.500        0.067        0.334        8578069                     57259925                    0                           0                           
GPU 1           71.761            0.000        0.000        0.000        4857342                     4148557                     0                           0                           
GPU 2           70.460            0.000        0.000        0.000        510443                      322826                      0                           0                           
GPU 3           70.318            0.000        0.000        0.000        4306194                     3656519                     0                           0                           
GPU 4           71.058            0.000        0.000        0.000        470117                      273580                      0                           0                           
GPU 5           72.532            0.000        0.000        0.000        2204950                     1808195                     0                           0                           
GPU 6           72.548            0.000        0.000        0.000        4110392                     3494328                     0                           0                           
GPU 7           72.148            0.000        0.000        0.000        499445                      305536                      0                           0                           
GPU 0           504.335           0.677        0.164        0.309        11934623                    55691240                    0                           0                           
GPU 1           71.714            0.000        0.000        0.000        1948959                     1554022                     0                           0                           
GPU 2           70.557            0.000        0.000        0.000        4343022                     3695788                     0                           0                           
GPU 3           70.310            0.000        0.000        0.000        272993                      89568                       0                           0                           
GPU 4           71.047            0.000        0.000        0.000        4309699                     3661463                     0                           0                           
GPU 5           72.493            0.000        0.000        0.000        3972843                     3321446                     0                           0                           
GPU 6           72.565            0.000        0.000        0.000        1962908                     1576003                     0                           0                           
GPU 7           72.165            0.000        0.000        0.000        4211373                     3571492                     0                           0                           
GPU 0           504.335           0.677        0.376        0.309        7945118                     55691240                    0                           0                           
GPU 1           71.715            0.000        0.000        0.000        2832150                     1554022                     0                           0                           
GPU 2           70.557            0.000        0.000        0.000        653190                      3695788                     0                           0                           
GPU 3           70.205            0.000        0.000        0.000        272993                      4173822                     0                           0                           
GPU 4           71.047            0.000        0.000        0.000        1098199                     805637                      0                           0                           
GPU 5           72.493            0.000        0.000        0.000        3972843                     305521                      0                           0                           
GPU 6           72.565            0.000        0.000        0.000        2362979                     2076404                     0                           0                           
GPU 7           72.165            0.000        0.000        0.000        970281                      3571492                     0                           0                           
GPU 0           407.149           0.677        0.257        0.239        11514902                    51110088                    0                           0                           
GPU 1           71.731            0.000        0.000        0.000        524567                      318618                      0                           0                           
GPU 2           70.489            0.000        0.000        0.000        4395834                     3736663                     0                           0                           
GPU 3           70.435            0.000        0.000        0.000        542392                      333820                      0                           0                           
GPU 4           71.006            0.000        0.000        0.000        3608851                     3056197                     0                           0                           
GPU 5           72.441            0.000        0.000        0.000        4277922                     3621272                     0                           0                           
GPU 6           72.528            0.000        0.000        0.000        1923389                     1550765                     0                           0                           
GPU 7           72.151            0.000        0.000        0.000        3463012                     2913309                     0                           0                           
GPU 0           361.819           0.624        0.107        0.371        9360720                     59719732                    0                           0                           
GPU 1           71.691            0.000        0.000        0.000        4314151                     3659666                     0                           0                           
GPU 2           70.506            0.000        0.000        0.000        1206284                     908524                      0                           0                           
GPU 3           70.528            0.000        0.000        0.000        4088245                     3436830                     0                           0                           
GPU 4           71.069            0.000        0.000        0.000        2147743                     1712763                     0                           0                           
GPU 5           72.454            0.000        0.000        0.000        247725                      48592                       0                           0                           
GPU 6           72.531            0.000        0.000        0.000        4012750                     3389721                     0                           0                           
GPU 7           72.159            0.000        0.000        0.000        2143724                     1726889                     0                           0                           
GPU 0           420.432           0.487        0.072        0.312        11980155                    58940121                    0                           0                           
GPU 1           71.671            0.000        0.000        0.000        357405                      159312                      0                           0                           
GPU 2           70.453            0.000        0.000        0.000        3311576                     2791702                     0                           0                           
GPU 3           70.413            0.000        0.000        0.000        509903                      317051                      0                           0                           
GPU 4           71.005            0.000        0.000        0.000        2406084                     1985660                     0                           0                           
GPU 5           72.508            0.000        0.000        0.000        4700016                     3999902                     0                           0                           
GPU 6           72.522            0.000        0.000        0.000        466957                      268854                      0                           0                           
GPU 7           72.145            0.000        0.000        0.000        2328363                     1930596                     0                           0                           
GPU 0           448.500           0.639        0.097        0.400        13636681                    75689156                    0                           0                           
GPU 1           71.688            0.000        0.000        0.000        4992431                     4275068                     0                           0                           
GPU 2           70.453            0.000        0.000        0.000        3856507                     3258617                     0                           0                           
GPU 3           70.521            0.000        0.000        0.000        4508210                     3867696                     0                           0                           
GPU 4           71.009            0.000        0.000        0.000        3777040                     3171513                     0                           0                           
GPU 5           72.468            0.000        0.000        0.000        1229119                     924698                      0                           0                           
GPU 6           72.546            0.000        0.000        0.000        4419748                     3791050                     0                           0                           
GPU 7           72.128            0.000        0.000        0.000        3744001                     3163273                     0                           0                           
GPU 0           448.500           0.639        0.086        0.400        13605377                    75689156                    0                           0                           
GPU 1           71.688            0.000        0.000        0.000        4992431                     4275068                     0                           0                           
GPU 2           70.453            0.000        0.000        0.000        537464                      3258617                     0                           0                           
GPU 3           70.448            0.000        0.000        0.000        4508210                     3867696                     0                           0                           
GPU 4           71.009            0.000        0.000        0.000        527575                      338323                      0                           0                           
GPU 5           72.468            0.000        0.000        0.000        1229119                     3089637                     0                           0                           
GPU 6           72.546            0.000        0.000        0.000        4419748                     436733                      0                           0                           
GPU 7           72.128            0.000        0.000        0.000        493799                      3163273                     0                           0                           
GPU 0           441.086           0.681        0.085        0.455        15591291                    84843279                    0                           0                           
GPU 1           71.643            0.000        0.000        0.000        2957780                     363336                      0                           0                           
GPU 2           70.449            0.000        0.000        0.000        4225118                     3583123                     0                           0                           
GPU 3           70.455            0.000        0.000        0.000        717484                      468794                      0                           0                           
GPU 4           70.970            0.000        0.000        0.000        4310681                     3687608                     0                           0                           
GPU 5           72.448            0.000        0.000        0.000        2140942                     1723495                     0                           0                           
GPU 6           72.543            0.000        0.000        0.000        674753                      3687793                     0                           0                           
GPU 7           72.084            0.000        0.000        0.000        4428886                     298142                      0                           0                           
#Entity         POWER             SMACT        TENSO        DRAMA        PCITX                       PCIRX                       NVLTX                       NVLRX                       
ID               W                                                                                                                                                                       
GPU 0           484.252           0.683        0.081        0.461        12766256                    82074104                    0                           0                           
GPU 1           71.606            0.000        0.000        0.000        564801                      3771585                     0                           0                           
GPU 2           70.412            0.000        0.000        0.000        512028                      322835                      0                           0                           
GPU 3           70.498            0.000        0.000        0.000        4492785                     3856365                     0                           0                           
GPU 4           70.951            0.000        0.000        0.000        434508                      241076                      0                           0                           
GPU 5           72.466            0.000        0.000        0.000        2196566                     1811866                     0                           0                           
GPU 6           72.527            0.000        0.000        0.000        4308730                     1438721                     0                           0                           
GPU 7           72.128            0.000        0.000        0.000        679968                      3791097                     0                           0                           
GPU 0           456.860           0.726        0.150        0.375        15326169                    75841113                    0                           0                           
GPU 1           71.625            0.000        0.000        0.000        4421407                     331718                      0                           0                           
GPU 2           70.435            0.000        0.000        0.000        4399541                     3770137                     0                           0                           
GPU 3           70.531            0.000        0.000        0.000        1691782                     1338927                     0                           0                           
GPU 4           71.020            0.000        0.000        0.000        5063668                     4366074                     0                           0                           
GPU 5           72.377            0.000        0.000        0.000        4320265                     3684593                     0                           0                           
GPU 6           72.491            0.000        0.000        0.000        1788166                     2620400                     0                           0                           
GPU 7           72.467            0.000        0.000        0.000        4326056                     438900                      0                           0                           
GPU 0           448.887           0.724        0.111        0.433        14265110                    82892755                    0                           0                           
GPU 1           71.578            0.000        0.000        0.000        527186                      3828781                     0                           0                           
GPU 2           70.328            0.000        0.000        0.000        1224340                     933272                      0                           0                           
GPU 3           70.413            0.000        0.000        0.000        3575196                     3004538                     0                           0                           
GPU 4           70.981            0.000        0.000        0.000        1775869                     1413210                     0                           0                           
GPU 5           72.409            0.000        0.000        0.000        1745343                     1390313                     0                           0                           
GPU 6           72.397            0.000        0.000        0.000        3096148                     1968395                     0                           0                           
GPU 7           72.799            0.000        0.000        0.000        1931798                     1552532                     0                           0                           
GPU 0           438.140           0.700        0.087        0.450        14985585                    85581665                    0                           0                           
GPU 1           71.665            0.000        0.000        0.000        4490144                     99046                       0                           0                           
GPU 2           70.471            0.000        0.000        0.000        3732534                     3172362                     0                           0                           
GPU 3           70.433            0.000        0.000        0.000        3577060                     321763                      0                           0                           
GPU 4           70.995            0.000        0.000        0.000        2473923                     2063932                     0                           0                           
GPU 5           72.377            0.000        0.000        0.000        2223051                     1823196                     0                           0                           
GPU 6           72.505            0.000        0.000        0.000        2407563                     1788697                     0                           0                           
GPU 7           72.845            0.000        0.000        0.000        2158353                     1783603                     0                           0                           
GPU 0           469.910           0.683        0.091        0.434        15874360                    87641238                    0                           0                           
GPU 1           71.613            0.000        0.000        0.000        292947                      3922824                     0                           0                           
GPU 2           70.396            0.000        0.000        0.000        3562660                     3005250                     0                           0                           
GPU 3           70.472            0.000        0.000        0.000        520377                      3755491                     0                           0                           
GPU 4           70.970            0.000        0.000        0.000        4153140                     3505407                     0                           0                           
GPU 5           72.302            0.000        0.000        0.000        4136503                     3496249                     0                           0                           
GPU 6           72.468            0.000        0.000        0.000        2173375                     3515795                     0                           0                           
GPU 7           72.807            0.000        0.000        0.000        4080424                     3456778                     0                           0                           
GPU 0           469.910           0.723        0.091        0.411        15874360                    74943737                    0                           0                           
GPU 1           71.613            0.000        0.000        0.000        3118700                     3922824                     0                           0                           
GPU 2           70.346            0.000        0.000        0.000        3562660                     649869                      0                           0                           
GPU 3           70.472            0.000        0.000        0.000        4416344                     2261328                     0                           0                           
GPU 4           70.965            0.000        0.000        0.000        4153140                     3505407                     0                           0                           
GPU 5           72.369            0.000        0.000        0.000        490288                      3496249                     0                           0                           
GPU 6           72.446            0.000        0.000        0.000        2173375                     3515795                     0                           0                           
GPU 7           72.777            0.000        0.000        0.000        4080424                     878074                      0                           0                           
GPU 0           435.928           0.707        0.084        0.444        12358903                    85837401                    0                           0                           
GPU 1           71.634            0.000        0.000        0.000        520899                      325430                      0                           0                           
GPU 2           70.369            0.000        0.000        0.000        503643                      319166                      0                           0                           
GPU 3           70.424            0.000        0.000        0.000        2737242                     319164                      0                           0                           
GPU 4           71.053            0.000        0.000        0.000        4393340                     3750821                     0                           0                           
GPU 5           72.393            0.000        0.000        0.000        4905368                     4217825                     0                           0                           
GPU 6           72.489            0.000        0.000        0.000        4839560                     4149525                     0                           0                           
GPU 7           72.847            0.000        0.000        0.000        3614064                     3086455                     0                           0                           
GPU 0           463.793           0.677        0.120        0.418        16147283                    82320101                    0                           0                           
GPU 1           71.549            0.000        0.000        0.000        4356016                     3710370                     0                           0                           
GPU 2           70.373            0.000        0.000        0.000        4446983                     3801892                     0                           0                           
GPU 3           70.361            0.000        0.000        0.000        504688                      3587758                     0                           0                           
GPU 4           70.967            0.000        0.000        0.000        264655                      81754                       0                           0                           
GPU 5           72.408            0.000        0.000        0.000        722235                      465927                      0                           0                           
GPU 6           72.455            0.000        0.000        0.000        1118891                     828905                      0                           0                           
GPU 7           72.706            0.000        0.000        0.000        1713374                     1354218                     0                           0                           
GPU 0           463.793           0.705        0.120        0.418        16147283                    87422967                    0                           0                           
GPU 1           71.621            0.000        0.000        0.000        903428                      3710370                     0                           0                           
GPU 2           70.430            0.000        0.000        0.000        4446983                     3801892                     0                           0                           
GPU 3           70.361            0.000        0.000        0.000        4230264                     2073293                     0                           0                           
GPU 4           71.032            0.000        0.000        0.000        264655                      81754                       0                           0                           
GPU 5           72.318            0.000        0.000        0.000        4273005                     465927                      0                           0                           
GPU 6           72.483            0.000        0.000        0.000        1118891                     828905                      0                           0                           
GPU 7           72.706            0.000        0.000        0.000        1713374                     2505446                     0                           0                           
GPU 0           462.795           0.731        0.105        0.473        17354050                    91576064                    0                           0                           
GPU 1           71.545            0.000        0.000        0.000        4979786                     4276156                     0                           0                           
GPU 2           70.349            0.000        0.000        0.000        3748707                     3192632                     0                           0                           
GPU 3           70.378            0.000        0.000        0.000        1168104                     898496                      0                           0                           
GPU 4           70.985            0.000        0.000        0.000        501541                      310777                      0                           0                           
GPU 5           72.334            0.000        0.000        0.000        1920526                     1819754                     0                           0                           
GPU 6           72.459            0.000        0.000        0.000        2157095                     1770327                     0                           0                           
GPU 7           72.722            0.000        0.000        0.000        2875034                     2382410                     0                           0                           
GPU 0           476.415           0.684        0.119        0.404        11837580                    82700131                    0                           0                           
GPU 1           71.635            0.000        0.000        0.000        2835397                     2320217                     0                           0                           
GPU 2           70.330            0.000        0.000        0.000        3811033                     3207861                     0                           0                           
GPU 3           70.349            0.000        0.000        0.000        4204156                     3556476                     0                           0                           
GPU 4           70.971            0.000        0.000        0.000        4463629                     3829635                     0                           0                           
GPU 5           72.294            0.000        0.000        0.000        2215467                     3532541                     0                           0                           
GPU 6           72.422            0.000        0.000        0.000        4125534                     3497166                     0                           0                           
GPU 7           72.795            0.000        0.000        0.000        1681816                     1354781                     0                           0                           
GPU 0           476.415           0.684        0.119        0.404        11837580                    82700131                    0                           0                           
GPU 1           71.635            0.000        0.000        0.000        2835397                     2320217                     0                           0                           
GPU 2           70.330            0.000        0.000        0.000        3811033                     3207861                     0                           0                           
GPU 3           70.349            0.000        0.000        0.000        4204156                     323863                      0                           0                           
GPU 4           70.971            0.000        0.000        0.000        4463629                     3829635                     0                           0                           
GPU 5           72.294            0.000        0.000        0.000        4169771                     3532541                     0                           0                           
GPU 6           72.422            0.000        0.000        0.000        4125534                     3497166                     0                           0                           
GPU 7           72.795            0.000        0.000        0.000        1681816                     3603275                     0                           0                           
GPU 0           449.265           0.707        0.089        0.457        12268700                    85194387                    0                           0                           
GPU 1           71.622            0.000        0.000        0.000        527171                      2770994                     0                           0                           
GPU 2           70.271            0.000        0.000        0.000        3837634                     3229711                     0                           0                           
GPU 3           70.262            0.000        0.000        0.000        518286                      3817181                     0                           0                           
GPU 4           70.954            0.000        0.000        0.000        702276                      458337                      0                           0                           
GPU 5           72.297            0.000        0.000        0.000        835257                      3698599                     0                           0                           
GPU 6           72.448            0.000        0.000        0.000        3066755                     1173113                     0                           0                           
GPU 7           72.772            0.000        0.000        0.000        1682305                     1332152                     0                           0                           
GPU 0           447.734           0.717        0.078        0.482        17541381                    86183504                    0                           0                           
GPU 1           71.561            0.000        0.000        0.000        4755232                     4099194                     0                           0                           
GPU 2           70.446            0.000        0.000        0.000        4563038                     3909529                     0                           0                           
GPU 3           70.358            0.000        0.000        0.000        286134                      97998                       0                           0                           
GPU 4           70.872            0.000        0.000        0.000        1251494                     954698                      0                           0                           
GPU 5           72.207            0.000        0.000        0.000        1279488                     975574                      0                           0                           
GPU 6           72.428            0.000        0.000        0.000        2184106                     1778516                     0                           0                           
GPU 7           72.738            0.000        0.000        0.000        3085871                     2593222                     0                           0                           
#Entity         POWER             SMACT        TENSO        DRAMA        PCITX                       PCIRX                       NVLTX                       NVLRX                       
ID               W                                                                                                                                                                       
GPU 0           447.734           0.717        0.078        0.482        17541381                    86183504                    0                           0                           
GPU 1           71.561            0.000        0.000        0.000        733179                      4099194                     0                           0                           
GPU 2           70.446            0.000        0.000        0.000        4563038                     3909529                     0                           0                           
GPU 3           70.358            0.000        0.000        0.000        286134                      4015573                     0                           0                           
GPU 4           70.872            0.000        0.000        0.000        1251494                     954698                      0                           0                           
GPU 5           72.207            0.000        0.000        0.000        1279488                     975574                      0                           0                           
GPU 6           72.428            0.000        0.000        0.000        2184106                     1778516                     0                           0                           
GPU 7           72.738            0.000        0.000        0.000        3085871                     2593222                     0                           0                           
GPU 0           407.109           0.692        0.084        0.453        10184346                    85271864                    0                           0                           
GPU 1           71.610            0.000        0.000        0.000        4546330                     480687                      0                           0                           
GPU 2           70.318            0.000        0.000        0.000        3011164                     2521706                     0                           0                           
GPU 3           70.269            0.000        0.000        0.000        3175651                     2656108                     0                           0                           
GPU 4           70.978            0.000        0.000        0.000        3063178                     2552284                     0                           0                           
GPU 5           72.245            0.000        0.000        0.000        2796718                     3213536                     0                           0                           
GPU 6           72.409            0.000        0.000        0.000        4205088                     2111775                     0                           0                           
GPU 7           72.747            0.000        0.000        0.000        1615736                     1301813                     0                           0                           
GPU 0           458.992           0.659        0.144        0.329        10184346                    72951676                    0                           0                           
GPU 1           71.610            0.000        0.000        0.000        3596181                     3905838                     0                           0                           
GPU 2           70.316            0.000        0.000        0.000        586955                      407462                      0                           0                           
GPU 3           70.359            0.000        0.000        0.000        512550                      328598                      0                           0                           
GPU 4           70.887            0.000        0.000        0.000        1165184                     911496                      0                           0                           
GPU 5           72.243            0.000        0.000        0.000        1720467                     2319404                     0                           0                           
GPU 6           72.391            0.000        0.000        0.000        4205088                     3584596                     0                           0                           
GPU 7           72.713            0.000        0.000        0.000        4488750                     3863595                     0                           0                           
GPU 0           440.354           0.690        0.096        0.432        12680406                    86048870                    0                           0                           
GPU 1           71.580            0.000        0.000        0.000        564209                      3005770                     0                           0                           
GPU 2           70.242            0.000        0.000        0.000        3852406                     3252581                     0                           0                           
GPU 3           70.354            0.000        0.000        0.000        4264659                     3635885                     0                           0                           
GPU 4           70.897            0.000        0.000        0.000        4332867                     3688282                     0                           0                           
GPU 5           72.275            0.000        0.000        0.000        4168963                     1391361                     0                           0                           
GPU 6           72.333            0.000        0.000        0.000        4386729                     330699                      0                           0                           
GPU 7           72.748            0.000        0.000        0.000        207726                      20486                       0                           0                           
GPU 0           424.206           0.692        0.086        0.448        16311157                    82619166                    0                           0                           
GPU 1           71.597            0.000        0.000        0.000        3900318                     373228                      0                           0                           
GPU 2           70.284            0.000        0.000        0.000        502593                      316020                      0                           0                           
GPU 3           70.252            0.000        0.000        0.000        876963                      632392                      0                           0                           
GPU 4           70.895            0.000        0.000        0.000        302061                      117680                      0                           0                           
GPU 5           72.213            0.000        0.000        0.000        1755923                     3529156                     0                           0                           
GPU 6           72.317            0.000        0.000        0.000        677803                      438039                      0                           0                           
GPU 7           72.678            0.000        0.000        0.000        4807906                     827605                      0                           0                           
GPU 0           423.908           0.673        0.084        0.439        12908335                    89513794                    0                           0                           
GPU 1           71.446            0.000        0.000        0.000        516169                      3275276                     0                           0                           
GPU 2           70.324            0.000        0.000        0.000        4237510                     3595019                     0                           0                           
GPU 3           70.216            0.000        0.000        0.000        4367556                     3741041                     0                           0                           
GPU 4           70.876            0.000        0.000        0.000        4941106                     4254033                     0                           0                           
GPU 5           72.241            0.000        0.000        0.000        2197315                     1391374                     0                           0                           
GPU 6           72.419            0.000        0.000        0.000        4223080                     3607893                     0                           0                           
GPU 7           72.639            0.000        0.000        0.000        1121525                     3033148                     0                           0                           
GPU 0           448.260           0.690        0.075        0.460        17061686                    83245165                    0                           0                           
GPU 1           71.509            0.000        0.000        0.000        4503212                     314942                      0                           0                           
GPU 2           70.281            0.000        0.000        0.000        452808                      258897                      0                           0                           
GPU 3           70.200            0.000        0.000        0.000        1235307                     935651                      0                           0                           
GPU 4           70.847            0.000        0.000        0.000        704471                      461550                      0                           0                           
GPU 5           72.250            0.000        0.000        0.000        4451192                     1794850                     0                           0                           
GPU 6           72.382            0.000        0.000        0.000        2041696                     1649079                     0                           0                           
GPU 7           72.690            0.000        0.000        0.000        3580501                     1801380                     0                           0                           
GPU 0           417.051           0.720        0.080        0.481        17061686                    86212374                    0                           0                           
GPU 1           71.509            0.000        0.000        0.000        4503212                     3831896                     0                           0                           
GPU 2           70.283            0.000        0.000        0.000        4488061                     3840845                     0                           0                           
GPU 3           70.296            0.000        0.000        0.000        3403741                     935651                      0                           0                           
GPU 4           70.877            0.000        0.000        0.000        4327931                     3715895                     0                           0                           
GPU 5           72.245            0.000        0.000        0.000        215337                      3784614                     0                           0                           
GPU 6           72.268            0.000        0.000        0.000        2041696                     1991518                     0                           0                           
GPU 7           72.719            0.000        0.000        0.000        2211954                     1786789                     0                           0                           
GPU 0           456.092           0.623        0.081        0.404        14752412                    85858017                    0                           0                           
GPU 1           71.500            0.000        0.000        0.000        289791                      100090                      0                           0                           
GPU 2           70.341            0.000        0.000        0.000        1142114                     856585                      0                           0                           
GPU 3           70.218            0.000        0.000        0.000        3826173                     3218730                     0                           0                           
GPU 4           70.884            0.000        0.000        0.000        2035111                     1637260                     0                           0                           
GPU 5           72.259            0.000        0.000        0.000        4895826                     21438                       0                           0                           
GPU 6           72.335            0.000        0.000        0.000        2396810                     2939385                     0                           0                           
GPU 7           72.625            0.000        0.000        0.000        2158403                     3473639                     0                           0                           
GPU 0           452.728           0.752        0.129        0.444        12892123                    85977571                    0                           0                           
GPU 1           71.480            0.000        0.000        0.000        4592671                     3931934                     0                           0                           
GPU 2           70.151            0.000        0.000        0.000        3750195                     3195732                     0                           0                           
GPU 3           70.393            0.000        0.000        0.000        506258                      323355                      0                           0                           
GPU 4           70.958            0.000        0.000        0.000        2466052                     2048540                     0                           0                           
GPU 5           72.185            0.000        0.000        0.000        1629373                     4196589                     0                           0                           
GPU 6           72.382            0.000        0.000        0.000        3501165                     823844                      0                           0                           
GPU 7           72.662            0.000        0.000        0.000        4094493                     260995                      0                           0                           
GPU 0           477.852           0.684        0.101        0.440        15903090                    90383894                    0                           0                           
GPU 1           71.591            0.000        0.000        0.000        810162                      552335                      0                           0                           
GPU 2           70.204            0.000        0.000        0.000        3950515                     3344026                     0                           0                           
GPU 3           70.278            0.000        0.000        0.000        4563560                     3906906                     0                           0                           
GPU 4           70.907            0.000        0.000        0.000        4256501                     3608750                     0                           0                           
GPU 5           72.161            0.000        0.000        0.000        3137354                     1274326                     0                           0                           
GPU 6           72.322            0.000        0.000        0.000        1080641                     3876629                     0                           0                           
GPU 7           72.622            0.000        0.000        0.000        460148                      3852429                     0                           0                           
GPU 0           495.872           0.766        0.102        0.509        14275451                    90965468                    0                           0                           
GPU 1           71.488            0.000        0.000        0.000        4118968                     2789922                     0                           0                           
GPU 2           70.287            0.000        0.000        0.000        512029                      323883                      0                           0                           
GPU 3           70.264            0.000        0.000        0.000        288720                      104339                      0                           0                           
GPU 4           70.944            0.000        0.000        0.000        506253                      316015                      0                           0                           
GPU 5           72.240            0.000        0.000        0.000        2704147                     2218201                     0                           0                           
GPU 6           72.312            0.000        0.000        0.000        661202                      424060                      0                           0                           
GPU 7           72.715            0.000        0.000        0.000        1464973                     1134003                     0                           0                           
GPU 0           484.761           0.750        0.158        0.391        15608211                    84500026                    0                           0                           
GPU 1           71.418            0.000        0.000        0.000        3340973                     336691                      0                           0                           
GPU 2           70.256            0.000        0.000        0.000        4222424                     3581487                     0                           0                           
GPU 3           70.190            0.000        0.000        0.000        4940966                     4243350                     0                           0                           
GPU 4           70.898            0.000        0.000        0.000        4406288                     3763792                     0                           0                           
GPU 5           72.263            0.000        0.000        0.000        1673804                     1339986                     0                           0                           
GPU 6           72.334            0.000        0.000        0.000        4243825                     3633572                     0                           0                           
GPU 7           72.682            0.000        0.000        0.000        3348258                     2846445                     0                           0                           
GPU 0           485.792           0.745        0.134        0.430        12780423                    82163007                    0                           0                           
GPU 1           71.566            0.000        0.000        0.000        528862                      3887552                     0                           0                           
GPU 2           70.306            0.000        0.000        0.000        468010                      276718                      0                           0                           
GPU 3           70.145            0.000        0.000        0.000        1216539                     3226493                     0                           0                           
GPU 4           70.854            0.000        0.000        0.000        704875                      466423                      0                           0                           
GPU 5           72.211            0.000        0.000        0.000        4162130                     3524866                     0                           0                           
GPU 6           72.350            0.000        0.000        0.000        1312206                     1005640                     0                           0                           
GPU 7           72.647            0.000        0.000        0.000        2040554                     1647975                     0                           0                           
#Entity         POWER             SMACT        TENSO        DRAMA        PCITX                       PCIRX                       NVLTX                       NVLRX                       
ID               W                                                                                                                                                                       
GPU 0           465.428           0.692        0.111        0.427        17744083                    87290812                    0                           0                           
GPU 1           71.483            0.000        0.000        0.000        4542552                     67076                       0                           0                           
GPU 2           70.194            0.000        0.000        0.000        4514003                     3869445                     0                           0                           
GPU 3           70.255            0.000        0.000        0.000        3774531                     1004605                     0                           0                           
GPU 4           70.888            0.000        0.000        0.000        4314292                     3688399                     0                           0                           
GPU 5           72.202            0.000        0.000        0.000        443536                      243921                      0                           0                           
GPU 6           72.373            0.000        0.000        0.000        3280214                     2766616                     0                           0                           
GPU 7           72.660            0.000        0.000        0.000        2577324                     2143499                     0                           0                           
GPU 0           446.787           0.655        0.103        0.410        12367976                    90805312                    0                           0                           
GPU 1           71.423            0.000        0.000        0.000        265160                      3930257                     0                           0                           
GPU 2           70.191            0.000        0.000        0.000        713208                      470708                      0                           0                           
GPU 3           70.240            0.000        0.000        0.000        1322180                     2888560                     0                           0                           
GPU 4           70.939            0.000        0.000        0.000        1298657                     986832                      0                           0                           
GPU 5           72.233            0.000        0.000        0.000        4888138                     4184759                     0                           0                           
GPU 6           72.360            0.000        0.000        0.000        1847387                     1472669                     0                           0                           
GPU 7           72.687            0.000        0.000        0.000        2804881                     2322203                     0                           0                           
GPU 0           481.555           0.726        0.102        0.475        16378299                    91091644                    0                           0                           
GPU 1           71.471            0.000        0.000        0.000        4589492                     517224                      0                           0                           
GPU 2           70.191            0.000        0.000        0.000        3278653                     2742087                     0                           0                           
GPU 3           70.220            0.000        0.000        0.000        3864294                     2888560                     0                           0                           
GPU 4           70.939            0.000        0.000        0.000        3479399                     2907724                     0                           0                           
GPU 5           72.233            0.000        0.000        0.000        4888138                     1739131                     0                           0                           
GPU 6           72.360            0.000        0.000        0.000        2732604                     2285031                     0                           0                           
GPU 7           72.640            0.000        0.000        0.000        1753910                     2322203                     0                           0                           
GPU 0           471.456           0.658        0.110        0.400        11553005                    84542115                    0                           0                           
GPU 1           71.532            0.000        0.000        0.000        776623                      3421518                     0                           0                           
GPU 2           70.168            0.000        0.000        0.000        502593                      318640                      0                           0                           
GPU 3           70.244            0.000        0.000        0.000        514097                      323865                      0                           0                           
GPU 4           70.814            0.000        0.000        0.000        498912                      315488                      0                           0                           
GPU 5           72.161            0.000        0.000        0.000        1661772                     1328137                     0                           0                           
GPU 6           72.239            0.000        0.000        0.000        3496160                     2925433                     0                           0                           
GPU 7           72.697            0.000        0.000        0.000        4108575                     3501197                     0                           0                           
GPU 0           449.843           0.735        0.121        0.447        16177294                    90682451                    0                           0                           
GPU 1           71.399            0.000        0.000        0.000        4023127                     3621789                     0                           0                           
GPU 2           70.142            0.000        0.000        0.000        4216648                     3572569                     0                           0                           
GPU 3           70.249            0.000        0.000        0.000        4429977                     3773839                     0                           0                           
GPU 4           70.908            0.000        0.000        0.000        4418437                     3769114                     0                           0                           
GPU 5           72.177            0.000        0.000        0.000        4122309                     3475086                     0                           0                           
GPU 6           72.306            0.000        0.000        0.000        1080146                     825963                      0                           0                           
GPU 7           72.650            0.000        0.000        0.000        434506                      237739                      0                           0                           
GPU 0           482.833           0.724        0.088        0.498        13938955                    91375269                    0                           0                           
GPU 1           71.512            0.000        0.000        0.000        4280439                     3316638                     0                           0                           
GPU 2           70.142            0.000        0.000        0.000        443565                      254419                      0                           0                           
GPU 3           70.243            0.000        0.000        0.000        2748440                     3773839                     0                           0                           
GPU 4           70.908            0.000        0.000        0.000        1089261                     809084                      0                           0                           
GPU 5           72.177            0.000        0.000        0.000        4122309                     304990                      0                           0                           
GPU 6           72.306            0.000        0.000        0.000        4393348                     1006912                     0                           0                           
GPU 7           72.638            0.000        0.000        0.000        1121945                     237739                      0                           0                           
GPU 0           496.473           0.745        0.119        0.458        16983698                    92750308                    0                           0                           
GPU 1           71.479            0.000        0.000        0.000        517753                      316521                      0                           0                           
GPU 2           70.222            0.000        0.000        0.000        4963140                     4258612                     0                           0                           
GPU 3           70.274            0.000        0.000        0.000        507833                      317068                      0                           0                           
GPU 4           70.830            0.000        0.000        0.000        4152550                     3550627                     0                           0                           
GPU 5           72.221            0.000        0.000        0.000        4443380                     3791468                     0                           0                           
GPU 6           72.282            0.000        0.000        0.000        2983896                     2508708                     0                           0                           
GPU 7           72.635            0.000        0.000        0.000        3593168                     3052242                     0                           0                           
GPU 0           459.550           0.728        0.156        0.373        11467312                    78261446                    0                           0                           
GPU 1           71.529            0.000        0.000        0.000        4525849                     3870840                     0                           0                           
GPU 2           70.159            0.000        0.000        0.000        1126998                     835314                      0                           0                           
GPU 3           70.224            0.000        0.000        0.000        4233940                     3594054                     0                           0                           
GPU 4           70.963            0.000        0.000        0.000        1584894                     1238130                     0                           0                           
GPU 5           72.194            0.000        0.000        0.000        713664                      458784                      0                           0                           
GPU 6           72.337            0.000        0.000        0.000        2410929                     1969720                     0                           0                           
GPU 7           72.610            0.000        0.000        0.000        1702494                     1343322                     0                           0                           
GPU 0           459.550           0.728        0.114        0.373        16835400                    78261446                    0                           0                           
GPU 1           71.529            0.000        0.000        0.000        4525849                     3870840                     0                           0                           
GPU 2           70.159            0.000        0.000        0.000        3743616                     835314                      0                           0                           
GPU 3           70.224            0.000        0.000        0.000        4233940                     3594054                     0                           0                           
GPU 4           70.963            0.000        0.000        0.000        1584894                     2631628                     0                           0                           
GPU 5           72.194            0.000        0.000        0.000        713664                      3665034                     0                           0                           
GPU 6           72.337            0.000        0.000        0.000        2410929                     1969720                     0                           0                           
GPU 7           72.610            0.000        0.000        0.000        2701852                     1343322                     0                           0                           
GPU 0           479.763           0.716        0.107        0.460        15762877                    91873851                    0                           0                           
GPU 1           71.403            0.000        0.000        0.000        2336854                     1954977                     0                           0                           
GPU 2           70.225            0.000        0.000        0.000        3522209                     2950969                     0                           0                           
GPU 3           70.294            0.000        0.000        0.000        458263                      266288                      0                           0                           
GPU 4           70.891            0.000        0.000        0.000        3817893                     3223342                     0                           0                           
GPU 5           72.174            0.000        0.000        0.000        2467196                     2008644                     0                           0                           
GPU 6           72.287            0.000        0.000        0.000        2174234                     3515176                     0                           0                           
GPU 7           72.668            0.000        0.000        0.000        4057089                     2265782                     0                           0                           
GPU 0           479.763           0.716        0.140        0.381        11402295                    77531766                    0                           0                           
GPU 1           71.453            0.000        0.000        0.000        2348069                     1954977                     0                           0                           
GPU 2           70.274            0.000        0.000        0.000        532200                      351112                      0                           0                           
GPU 3           70.294            0.000        0.000        0.000        4997862                     4298441                     0                           0                           
GPU 4           70.833            0.000        0.000        0.000        3817893                     312347                      0                           0                           
GPU 5           72.201            0.000        0.000        0.000        1258231                     970530                      0                           0                           
GPU 6           72.295            0.000        0.000        0.000        4138769                     3515176                     0                           0                           
GPU 7           72.613            0.000        0.000        0.000        502583                      3430342                     0                           0                           
GPU 0           454.315           0.681        0.085        0.443        15778795                    86137218                    0                           0                           
GPU 1           71.456            0.000        0.000        0.000        3599699                     359843                      0                           0                           
GPU 2           70.222            0.000        0.000        0.000        4331618                     3698068                     0                           0                           
GPU 3           70.183            0.000        0.000        0.000        712642                      472078                      0                           0                           
GPU 4           70.871            0.000        0.000        0.000        4527884                     3875952                     0                           0                           
GPU 5           72.196            0.000        0.000        0.000        4536931                     3886103                     0                           0                           
GPU 6           72.312            0.000        0.000        0.000        421662                      4256437                     0                           0                           
GPU 7           72.643            0.000        0.000        0.000        4467739                     314441                      0                           0                           
GPU 0           454.315           0.713        0.085        0.471        15778795                    83826763                    0                           0                           
GPU 1           71.456            0.000        0.000        0.000        3599699                     359843                      0                           0                           
GPU 2           70.177            0.000        0.000        0.000        4331618                     326498                      0                           0                           
GPU 3           70.183            0.000        0.000        0.000        4463009                     2849715                     0                           0                           
GPU 4           70.816            0.000        0.000        0.000        4527884                     3875952                     0                           0                           
GPU 5           72.160            0.000        0.000        0.000        687805                      3886103                     0                           0                           
GPU 6           72.240            0.000        0.000        0.000        421662                      4256437                     0                           0                           
GPU 7           72.674            0.000        0.000        0.000        4467739                     1097939                     0                           0                           
GPU 0           421.605           0.714        0.087        0.462        16860700                    86449410                    0                           0                           
GPU 1           71.470            0.000        0.000        0.000        563046                      368571                      0                           0                           
GPU 2           70.258            0.000        0.000        0.000        4674948                     4042433                     0                           0                           
GPU 3           70.166            0.000        0.000        0.000        3396932                     330688                      0                           0                           
GPU 4           70.846            0.000        0.000        0.000        4560282                     3915700                     0                           0                           
GPU 5           72.178            0.000        0.000        0.000        4427336                     3804923                     0                           0                           
GPU 6           72.308            0.000        0.000        0.000        4161870                     3572932                     0                           0                           
GPU 7           72.608            0.000        0.000        0.000        3052388                     2587134                     0                           0                           
#Entity         POWER             SMACT        TENSO        DRAMA        PCITX                       PCIRX                       NVLTX                       NVLRX                       
ID               W                                                                                                                                                                       
GPU 0           447.776           0.660        0.077        0.438        12387246                    83059738                    0                           0                           
GPU 1           71.505            0.000        0.000        0.000        4326102                     3673649                     0                           0                           
GPU 2           70.209            0.000        0.000        0.000        1145885                     859850                      0                           0                           
GPU 3           70.219            0.000        0.000        0.000        516209                      3788947                     0                           0                           
GPU 4           70.895            0.000        0.000        0.000        1580077                     1234626                     0                           0                           
GPU 5           72.220            0.000        0.000        0.000        2323682                     1882726                     0                           0                           
GPU 6           72.292            0.000        0.000        0.000        2030945                     1633140                     0                           0                           
GPU 7           72.680            0.000        0.000        0.000        2405294                     1964061                     0                           0                           
GPU 0           447.776           0.693        0.077        0.503        12387246                    94734899                    0                           0                           
GPU 1           71.505            0.000        0.000        0.000        4326102                     3673649                     0                           0                           
GPU 2           70.317            0.000        0.000        0.000        1145885                     3566734                     0                           0                           
GPU 3           70.219            0.000        0.000        0.000        4438780                     3788947                     0                           0                           
GPU 4           70.857            0.000        0.000        0.000        1580077                     1234626                     0                           0                           
GPU 5           72.201            0.000        0.000        0.000        1850167                     1882726                     0                           0                           
GPU 6           72.268            0.000        0.000        0.000        2030945                     1633140                     0                           0                           
GPU 7           72.609            0.000        0.000        0.000        2405294                     1780805                     0                           0                           
GPU 0           445.288           0.684        0.100        0.426        12994551                    87245664                    0                           0                           
GPU 1           71.454            0.000        0.000        0.000        4609265                     268302                      0                           0                           
GPU 2           70.196            0.000        0.000        0.000        4162828                     1683590                     0                           0                           
GPU 3           70.172            0.000        0.000        0.000        282469                      3885005                     0                           0                           
GPU 4           70.830            0.000        0.000        0.000        3074461                     2587671                     0                           0                           
GPU 5           72.120            0.000        0.000        0.000        4172637                     1504243                     0                           0                           
GPU 6           72.316            0.000        0.000        0.000        4130924                     1813065                     0                           0                           
GPU 7           72.601            0.000        0.000        0.000        2160235                     3476208                     0                           0                           
GPU 0           498.102           0.685        0.124        0.472        16438924                    88694397                    0                           0                           
GPU 1           71.526            0.000        0.000        0.000        3441674                     2888620                     0                           0                           
GPU 2           70.276            0.000        0.000        0.000        3635771                     3065839                     0                           0                           
GPU 3           70.234            0.000        0.000        0.000        4536873                     2257891                     0                           0                           
GPU 4           70.816            0.000        0.000        0.000        1857187                     1517664                     0                           0                           
GPU 5           72.172            0.000        0.000        0.000        543887                      342156                      0                           0                           
GPU 6           72.219            0.000        0.000        0.000        481233                      289216                      0                           0                           
GPU 7           72.631            0.000        0.000        0.000        459002                      261164                      0                           0                           
GPU 0           470.053           0.768        0.126        0.413        12465369                    90091238                    0                           0                           
GPU 1           71.459            0.000        0.000        0.000        561301                      368572                      0                           0                           
GPU 2           70.176            0.000        0.000        0.000        547946                      365103                      0                           0                           
GPU 3           70.191            0.000        0.000        0.000        2730282                     877264                      0                           0                           
GPU 4           70.813            0.000        0.000        0.000        4295284                     3659663                     0                           0                           
GPU 5           72.145            0.000        0.000        0.000        4562627                     3918609                     0                           0                           
GPU 6           72.330            0.000        0.000        0.000        4998408                     4320618                     0                           0                           
GPU 7           72.644            0.000        0.000        0.000        4479298                     3864030                     0                           0                           
GPU 0           568.569           0.711        0.315        0.245        12715979                    83977613                    0                           0                           
GPU 1           71.418            0.000        0.000        0.000        3895525                     3277233                     0                           0                           
GPU 2           70.258            0.000        0.000        0.000        4281186                     3633950                     0                           0                           
GPU 3           70.205            0.000        0.000        0.000        1139815                     3665852                     0                           0                           
GPU 4           70.821            0.000        0.000        0.000        522489                      343784                      0                           0                           
GPU 5           72.117            0.000        0.000        0.000        600754                      362072                      0                           0                           
GPU 6           72.261            0.000        0.000        0.000        1134685                     826773                      0                           0                           
GPU 7           72.631            0.000        0.000        0.000        1591027                     1244696                     0                           0                           
GPU 0           568.569           0.880        0.315        0.245        12715979                    55681869                    0                           0                           
GPU 1           71.510            0.000        0.000        0.000        521417                      3277233                     0                           0                           
GPU 2           70.247            0.000        0.000        0.000        4281186                     3633950                     0                           0                           
GPU 3           70.205            0.000        0.000        0.000        4306786                     278202                      0                           0                           
GPU 4           70.864            0.000        0.000        0.000        522489                      343784                      0                           0                           
GPU 5           72.167            0.000        0.000        0.000        4549135                     362072                      0                           0                           
GPU 6           72.360            0.000        0.000        0.000        2746719                     826773                      0                           0                           
GPU 7           72.631            0.000        0.000        0.000        1591027                     2889540                     0                           0                           
GPU 0           461.321           0.723        0.086        0.489        13327589                    82034397                    0                           0                           
GPU 1           71.453            0.000        0.000        0.000        4533827                     3868321                     0                           0                           
GPU 2           70.231            0.000        0.000        0.000        4496641                     3842060                     0                           0                           
GPU 3           70.208            0.000        0.000        0.000        4980384                     4278052                     0                           0                           
GPU 4           70.851            0.000        0.000        0.000        4144107                     3540768                     0                           0                           
GPU 5           72.183            0.000        0.000        0.000        2432555                     2010439                     0                           0                           
GPU 6           72.276            0.000        0.000        0.000        1178082                     908456                      0                           0                           
GPU 7           72.605            0.000        0.000        0.000        2143128                     1782162                     0                           0                           
GPU 0           435.864           0.673        0.081        0.455        16777026                    86053207                    0                           0                           
GPU 1           71.480            0.000        0.000        0.000        747618                      500449                      0                           0                           
GPU 2           70.257            0.000        0.000        0.000        1068625                     788065                      0                           0                           
GPU 3           70.222            0.000        0.000        0.000        1948073                     1566619                     0                           0                           
GPU 4           70.798            0.000        0.000        0.000        3230267                     2691687                     0                           0                           
GPU 5           72.070            0.000        0.000        0.000        2973790                     2465060                     0                           0                           
GPU 6           72.303            0.000        0.000        0.000        4097796                     3480507                     0                           0                           
GPU 7           72.647            0.000        0.000        0.000        4077792                     1769430                     0                           0                           
GPU 0           435.864           0.673        0.081        0.455        16777026                    86053207                    0                           0                           
GPU 1           71.480            0.000        0.000        0.000        4970033                     500449                      0                           0                           
GPU 2           70.257            0.000        0.000        0.000        1068625                     788065                      0                           0                           
GPU 3           70.222            0.000        0.000        0.000        1948073                     1878317                     0                           0                           
GPU 4           70.798            0.000        0.000        0.000        3230267                     2691687                     0                           0                           
GPU 5           72.070            0.000        0.000        0.000        2973790                     2465060                     0                           0                           
GPU 6           72.303            0.000        0.000        0.000        4097796                     3480507                     0                           0                           
GPU 7           72.647            0.000        0.000        0.000        4077792                     3459913                     0                           0                           
GPU 0           439.488           0.680        0.095        0.435        12737442                    84140820                    0                           0                           
GPU 1           71.453            0.000        0.000        0.000        3577405                     2989177                     0                           0                           
GPU 2           70.123            0.000        0.000        0.000        4188029                     2991267                     0                           0                           
GPU 3           70.232            0.000        0.000        0.000        2265509                     3560583                     0                           0                           
GPU 4           70.860            0.000        0.000        0.000        533502                      345361                      0                           0                           
GPU 5           72.177            0.000        0.000        0.000        1695004                     1370050                     0                           0                           
GPU 6           72.200            0.000        0.000        0.000        4411754                     299261                      0                           0                           
GPU 7           72.581            0.000        0.000        0.000        455958                      259948                      0                           0                           
GPU 0           451.985           0.688        0.092        0.419        16000748                    81033635                    0                           0                           
GPU 1           71.486            0.000        0.000        0.000        576447                      376146                      0                           0                           
GPU 2           70.160            0.000        0.000        0.000        541553                      354047                      0                           0                           
GPU 3           70.109            0.000        0.000        0.000        4205722                     316534                      0                           0                           
GPU 4           70.762            0.000        0.000        0.000        4371090                     84329                       0                           0                           
GPU 5           72.156            0.000        0.000        0.000        4312486                     513571                      0                           0                           
GPU 6           72.183            0.000        0.000        0.000        675531                      3785022                     0                           0                           
GPU 7           72.622            0.000        0.000        0.000        703587                      3688383                     0                           0                           
GPU 0           454.581           0.688        0.107        0.448        12195528                    84236780                    0                           0                           
GPU 1           71.463            0.000        0.000        0.000        3913947                     345858                      0                           0                           
GPU 2           70.203            0.000        0.000        0.000        4217432                     3582826                     0                           0                           
GPU 3           70.195            0.000        0.000        0.000        506769                      3615835                     0                           0                           
GPU 4           70.874            0.000        0.000        0.000        4931462                     4232125                     0                           0                           
GPU 5           72.131            0.000        0.000        0.000        767736                      3278810                     0                           0                           
GPU 6           72.220            0.000        0.000        0.000        4222348                     3605012                     0                           0                           
GPU 7           72.601            0.000        0.000        0.000        3802397                     460166                      0                           0                           
GPU 0           486.329           0.682        0.101        0.420        17926320                    82653146                    0                           0                           
GPU 1           71.434            0.000        0.000        0.000        4276779                     3615427                     0                           0                           
GPU 2           70.176            0.000        0.000        0.000        501506                      315471                      0                           0                           
GPU 3           70.153            0.000        0.000        0.000        4255157                     271466                      0                           0                           
GPU 4           70.826            0.000        0.000        0.000        719891                      475480                      0                           0                           
GPU 5           72.081            0.000        0.000        0.000        3872003                     985744                      0                           0                           
GPU 6           72.156            0.000        0.000        0.000        2035605                     1639053                     0                           0                           
GPU 7           72.608            0.000        0.000        0.000        2235908                     3229548                     0                           0                           
#Entity         POWER             SMACT        TENSO        DRAMA        PCITX                       PCIRX                       NVLTX                       NVLRX                       
ID               W                                                                                                                                                                       
GPU 0           486.443           0.773        0.114        0.517        13242604                    95206425                    0                           0                           
GPU 1           71.410            0.000        0.000        0.000        524032                      329616                      0                           0                           
GPU 2           70.236            0.000        0.000        0.000        4223701                     3587001                     0                           0                           
GPU 3           70.204            0.000        0.000        0.000        469564                      3855976                     0                           0                           
GPU 4           70.761            0.000        0.000        0.000        4334558                     3727894                     0                           0                           
GPU 5           72.106            0.000        0.000        0.000        1308037                     2809606                     0                           0                           
GPU 6           72.274            0.000        0.000        0.000        2412931                     2016987                     0                           0                           
GPU 7           72.599            0.000        0.000        0.000        2126115                     1802353                     0                           0                           
GPU 0           500.664           0.755        0.152        0.481        16629999                    87244806                    0                           0                           
GPU 1           71.406            0.000        0.000        0.000        4323987                     3667344                     0                           0                           
GPU 2           70.176            0.000        0.000        0.000        443117                      250146                      0                           0                           
GPU 3           70.146            0.000        0.000        0.000        4494709                     173979                      0                           0                           
GPU 4           70.773            0.000        0.000        0.000        1713236                     1361155                     0                           0                           
GPU 5           72.122            0.000        0.000        0.000        3324683                     2269019                     0                           0                           
GPU 6           72.258            0.000        0.000        0.000        3154829                     2631819                     0                           0                           
GPU 7           72.654            0.000        0.000        0.000        4117199                     1751936                     0                           0                           
GPU 0           500.664           0.758        0.152        0.407        16629999                    89683884                    0                           0                           
GPU 1           71.406            0.000        0.000        0.000        3283291                     3667344                     0                           0                           
GPU 2           70.187            0.000        0.000        0.000        443117                      4264399                     0                           0                           
GPU 3           70.146            0.000        0.000        0.000        363679                      4151635                     0                           0                           
GPU 4           70.855            0.000        0.000        0.000        1713236                     1361155                     0                           0                           
GPU 5           72.074            0.000        0.000        0.000        2750167                     2269019                     0                           0                           
GPU 6           72.248            0.000        0.000        0.000        3154829                     2631819                     0                           0                           
GPU 7           72.603            0.000        0.000        0.000        4117199                     3500432                     0                           0                           
GPU 0           517.487           0.745        0.124        0.452        15010725                    87085946                    0                           0                           
GPU 1           71.481            0.000        0.000        0.000        629955                      2748053                     0                           0                           
GPU 2           70.218            0.000        0.000        0.000        2864767                     2369660                     0                           0                           
GPU 3           70.044            0.000        0.000        0.000        1919593                     1542689                     0                           0                           
GPU 4           70.792            0.000        0.000        0.000        3281595                     2738474                     0                           0                           
GPU 5           72.143            0.000        0.000        0.000        1837681                     1486565                     0                           0                           
GPU 6           72.279            0.000        0.000        0.000        1424971                     1122053                     0                           0                           
GPU 7           72.553            0.000        0.000        0.000        414026                      219241                      0                           0                           
GPU 0           479.168           0.720        0.123        0.429        12833701                    85580547                    0                           0                           
GPU 1           71.449            0.000        0.000        0.000        3920941                     426955                      0                           0                           
GPU 2           70.217            0.000        0.000        0.000        538655                      346486                      0                           0                           
GPU 3           70.158            0.000        0.000        0.000        2516078                     2076449                     0                           0                           
GPU 4           70.779            0.000        0.000        0.000        1075414                     810753                      0                           0                           
GPU 5           72.084            0.000        0.000        0.000        4114891                     3460869                     0                           0                           
GPU 6           72.223            0.000        0.000        0.000        4327612                     3684602                     0                           0                           
GPU 7           72.561            0.000        0.000        0.000        5408541                     4660411                     0                           0                           
GPU 0           432.992           0.637        0.107        0.391        15710979                    91510337                    0                           0                           
GPU 1           71.377            0.000        0.000        0.000        547901                      3310244                     0                           0                           
GPU 2           70.143            0.000        0.000        0.000        4183435                     3536685                     0                           0                           
GPU 3           70.178            0.000        0.000        0.000        4201778                     3555108                     0                           0                           
GPU 4           70.767            0.000        0.000        0.000        4217255                     3596300                     0                           0                           
GPU 5           72.098            0.000        0.000        0.000        508324                      305518                      0                           0                           
GPU 6           72.172            0.000        0.000        0.000        247273                      61461                       0                           0                           
GPU 7           72.567            0.000        0.000        0.000        701313                      459283                      0                           0                           
GPU 0           462.718           0.740        0.116        0.460        15012924                    87722728                    0                           0                           
GPU 1           71.398            0.000        0.000        0.000        3928224                     3317103                     0                           0                           
GPU 2           70.151            0.000        0.000        0.000        1238963                     969228                      0                           0                           
GPU 3           70.165            0.000        0.000        0.000        527729                      336970                      0                           0                           
GPU 4           70.845            0.000        0.000        0.000        1734719                     1387251                     0                           0                           
GPU 5           72.097            0.000        0.000        0.000        677341                      427541                      0                           0                           
GPU 6           72.181            0.000        0.000        0.000        4866826                     1963913                     0                           0                           
GPU 7           72.573            0.000        0.000        0.000        1909223                     1527056                     0                           0                           
GPU 0           498.186           0.739        0.102        0.486        15702069                    91749233                    0                           0                           
GPU 1           71.419            0.000        0.000        0.000        526141                      327004                      0                           0                           
GPU 2           70.200            0.000        0.000        0.000        3604726                     3056155                     0                           0                           
GPU 3           70.153            0.000        0.000        0.000        4202836                     3563821                     0                           0                           
GPU 4           70.712            0.000        0.000        0.000        2497230                     2092479                     0                           0                           
GPU 5           72.012            0.000        0.000        0.000        4342851                     3713959                     0                           0                           
GPU 6           72.173            0.000        0.000        0.000        2404414                     875313                      0                           0                           
GPU 7           72.594            0.000        0.000        0.000        2170220                     1790785                     0                           0                           
GPU 0           453.208           0.750        0.128        0.446        16338030                    91596825                    0                           0                           
GPU 1           71.402            0.000        0.000        0.000        4501026                     3825532                     0                           0                           
GPU 2           70.232            0.000        0.000        0.000        3843008                     3241258                     0                           0                           
GPU 3           70.228            0.000        0.000        0.000        517748                      320186                      0                           0                           
GPU 4           70.770            0.000        0.000        0.000        4179236                     3543129                     0                           0                           
GPU 5           72.148            0.000        0.000        0.000        2040289                     1631969                     0                           0                           
GPU 6           72.288            0.000        0.000        0.000        1125852                     3728603                     0                           0                           
GPU 7           72.586            0.000        0.000        0.000        4089289                     3463029                     0                           0                           
GPU 0           453.208           0.750        0.089        0.446        13181943                    91596825                    0                           0                           
GPU 1           71.402            0.000        0.000        0.000        4501026                     3825532                     0                           0                           
GPU 2           70.232            0.000        0.000        0.000        507326                      3241258                     0                           0                           
GPU 3           70.228            0.000        0.000        0.000        517748                      320186                      0                           0                           
GPU 4           70.770            0.000        0.000        0.000        4179236                     308682                      0                           0                           
GPU 5           72.148            0.000        0.000        0.000        2040289                     2273471                     0                           0                           
GPU 6           72.288            0.000        0.000        0.000        4372135                     3728603                     0                           0                           
GPU 7           72.586            0.000        0.000        0.000        444515                      3463029                     0                           0                           
GPU 0           480.596           0.676        0.091        0.451        15771096                    92002633                    0                           0                           
GPU 1           71.487            0.000        0.000        0.000        2800047                     363326                      0                           0                           
GPU 2           70.189            0.000        0.000        0.000        4362012                     317602                      0                           0                           
GPU 3           70.126            0.000        0.000        0.000        1520979                     1176310                     0                           0                           
GPU 4           70.716            0.000        0.000        0.000        4481158                     3839196                     0                           0                           
GPU 5           72.077            0.000        0.000        0.000        2748401                     2262072                     0                           0                           
GPU 6           72.227            0.000        0.000        0.000        662092                      3708125                     0                           0                           
GPU 7           72.532            0.000        0.000        0.000        4927367                     250605                      0                           0                           
GPU 0           497.584           0.741        0.145        0.407        12414351                    85073603                    0                           0                           
GPU 1           71.379            0.000        0.000        0.000        556634                      3631996                     0                           0                           
GPU 2           70.226            0.000        0.000        0.000        477980                      3733702                     0                           0                           
GPU 3           70.171            0.000        0.000        0.000        3182303                     2704229                     0                           0                           
GPU 4           70.740            0.000        0.000        0.000        706200                      465996                      0                           0                           
GPU 5           72.131            0.000        0.000        0.000        1727973                     1403028                     0                           0                           
GPU 6           72.176            0.000        0.000        0.000        4318286                     1001461                     0                           0                           
GPU 7           72.553            0.000        0.000        0.000        700362                      4247830                     0                           0                           
GPU 0           461.152           0.759        0.115        0.478        17675999                    93144563                    0                           0                           
GPU 1           71.525            0.000        0.000        0.000        4289120                     317536                      0                           0                           
GPU 2           70.171            0.000        0.000        0.000        4493536                     289827                      0                           0                           
GPU 3           70.153            0.000        0.000        0.000        3842220                     3223998                     0                           0                           
GPU 4           70.760            0.000        0.000        0.000        4821432                     4134902                     0                           0                           
GPU 5           72.064            0.000        0.000        0.000        4370318                     3719040                     0                           0                           
GPU 6           72.157            0.000        0.000        0.000        1315430                     2960877                     0                           0                           
GPU 7           72.582            0.000        0.000        0.000        4215852                     458809                      0                           0                           
GPU 0           457.556           0.696        0.094        0.465        13336619                    90164181                    0                           0                           
GPU 1           71.504            0.000        0.000        0.000        518223                      3976257                     0                           0                           
GPU 2           70.138            0.000        0.000        0.000        718984                      477416                      0                           0                           
GPU 3           70.127            0.000        0.000        0.000        570370                      349206                      0                           0                           
GPU 4           70.734            0.000        0.000        0.000        1639733                     1296503                     0                           0                           
GPU 5           72.054            0.000        0.000        0.000        2029707                     1637980                     0                           0                           
GPU 6           72.162            0.000        0.000        0.000        2815783                     2350852                     0                           0                           
GPU 7           72.552            0.000        0.000        0.000        2398251                     1973014                     0                           0                           
#Entity         POWER             SMACT        TENSO        DRAMA        PCITX                       PCIRX                       NVLTX                       NVLRX                       
ID               W                                                                                                                                                                       
GPU 0           485.747           0.679        0.106        0.428        15776118                    92219618                    0                           0                           
GPU 1           71.448            0.000        0.000        0.000        4640714                     536854                      0                           0                           
GPU 2           70.132            0.000        0.000        0.000        4501028                     3879153                     0                           0                           
GPU 3           70.171            0.000        0.000        0.000        4377523                     3723489                     0                           0                           
GPU 4           70.687            0.000        0.000        0.000        3153789                     2666978                     0                           0                           
GPU 5           72.073            0.000        0.000        0.000        1880670                     1527826                     0                           0                           
GPU 6           72.124            0.000        0.000        0.000        1672842                     1350013                     0                           0                           
GPU 7           72.552            0.000        0.000        0.000        1660283                     1343739                     0                           0                           
GPU 0           464.816           0.746        0.107        0.484        17488419                    94135321                    0                           0                           
GPU 1           71.387            0.000        0.000        0.000        787895                      3777157                     0                           0                           
GPU 2           70.262            0.000        0.000        0.000        1908482                     1538791                     0                           0                           
GPU 3           70.084            0.000        0.000        0.000        487358                      282982                      0                           0                           
GPU 4           70.739            0.000        0.000        0.000        2471686                     2023458                     0                           0                           
GPU 5           71.990            0.000        0.000        0.000        3853384                     3237618                     0                           0                           
GPU 6           72.170            0.000        0.000        0.000        4141744                     3528288                     0                           0                           
GPU 7           72.555            0.000        0.000        0.000        4343476                     3715195                     0                           0                           
GPU 0           464.816           0.718        0.107        0.436        17488419                    86292983                    0                           0                           
GPU 1           71.387            0.000        0.000        0.000        787895                      3777157                     0                           0                           
GPU 2           70.061            0.000        0.000        0.000        1908482                     2471414                     0                           0                           
GPU 3           70.084            0.000        0.000        0.000        4534028                     282982                      0                           0                           
GPU 4           70.767            0.000        0.000        0.000        2471686                     2023458                     0                           0                           
GPU 5           72.082            0.000        0.000        0.000        762498                      3237618                     0                           0                           
GPU 6           72.138            0.000        0.000        0.000        4141744                     3528288                     0                           0                           
GPU 7           72.555            0.000        0.000        0.000        4343476                     453768                      0                           0                           
GPU 0           465.931           0.716        0.129        0.417        15272866                    89515568                    0                           0                           
GPU 1           71.439            0.000        0.000        0.000        556636                      3177826                     0                           0                           
GPU 2           70.261            0.000        0.000        0.000        3975165                     3376317                     0                           0                           
GPU 3           70.030            0.000        0.000        0.000        2955626                     383725                      0                           0                           
GPU 4           70.843            0.000        0.000        0.000        2125744                     1758834                     0                           0                           
GPU 5           72.061            0.000        0.000        0.000        4562706                     535059                      0                           0                           
GPU 6           72.193            0.000        0.000        0.000        5005728                     230120                      0                           0                           
GPU 7           72.537            0.000        0.000        0.000        691353                      3725501                     0                           0                           
GPU 0           455.484           0.720        0.114        0.417        16422138                    89844984                    0                           0                           
GPU 1           71.365            0.000        0.000        0.000        4044710                     3431572                     0                           0                           
GPU 2           70.179            0.000        0.000        0.000        4389011                     3752276                     0                           0                           
GPU 3           70.212            0.000        0.000        0.000        577625                      3677314                     0                           0                           
GPU 4           70.694            0.000        0.000        0.000        506263                      317594                      0                           0                           
GPU 5           72.050            0.000        0.000        0.000        465454                      246304                      0                           0                           
GPU 6           72.202            0.000        0.000        0.000        720837                      478334                      0                           0                           
GPU 7           72.634            0.000        0.000        0.000        1237302                     936195                      0                           0                           
GPU 0           455.484           0.688        0.101        0.417        13724411                    89948245                    0                           0                           
GPU 1           71.435            0.000        0.000        0.000        565969                      3431572                     0                           0                           
GPU 2           70.081            0.000        0.000        0.000        891429                      3752276                     0                           0                           
GPU 3           70.119            0.000        0.000        0.000        4331338                     327526                      0                           0                           
GPU 4           70.767            0.000        0.000        0.000        1050816                     768261                      0                           0                           
GPU 5           72.081            0.000        0.000        0.000        4748771                     4080356                     0                           0                           
GPU 6           72.204            0.000        0.000        0.000        4365792                     1641210                     0                           0                           
GPU 7           72.634            0.000        0.000        0.000        3708742                     3172517                     0                           0                           
GPU 0           497.935           0.726        0.103        0.476        15826998                    92236051                    0                           0                           
GPU 1           71.488            0.000        0.000        0.000        4263795                     3599362                     0                           0                           
GPU 2           70.130            0.000        0.000        0.000        4368867                     3748154                     0                           0                           
GPU 3           70.157            0.000        0.000        0.000        4509053                     3862956                     0                           0                           
GPU 4           70.730            0.000        0.000        0.000        3715034                     3176328                     0                           0                           
GPU 5           72.033            0.000        0.000        0.000        2224083                     1795886                     0                           0                           
GPU 6           72.155            0.000        0.000        0.000        2038629                     1982745                     0                           0                           
GPU 7           72.548            0.000        0.000        0.000        2202051                     1784700                     0                           0                           
GPU 0           462.252           0.744        0.122        0.452        16394154                    91291381                    0                           0                           
GPU 1           71.446            0.000        0.000        0.000        535592                      341689                      0                           0                           
GPU 2           70.192            0.000        0.000        0.000        3660458                     3075641                     0                           0                           
GPU 3           70.171            0.000        0.000        0.000        734146                      485461                      0                           0                           
GPU 4           70.786            0.000        0.000        0.000        3588086                     3032646                     0                           0                           
GPU 5           72.150            0.000        0.000        0.000        4515405                     1296115                     0                           0                           
GPU 6           72.151            0.000        0.000        0.000        2385699                     2600953                     0                           0                           
GPU 7           72.583            0.000        0.000        0.000        2144210                     1772694                     0                           0                           
GPU 0           495.962           0.724        0.113        0.452        12862219                    87361173                    0                           0                           
GPU 1           71.327            0.000        0.000        0.000        4728106                     4066811                     0                           0                           
GPU 2           70.192            0.000        0.000        0.000        547405                      359890                      0                           0                           
GPU 3           70.156            0.000        0.000        0.000        4485962                     3842531                     0                           0                           
GPU 4           70.786            0.000        0.000        0.000        539799                      346938                      0                           0                           
GPU 5           72.150            0.000        0.000        0.000        4515405                     3866679                     0                           0                           
GPU 6           72.151            0.000        0.000        0.000        3106156                     1296033                     0                           0                           
GPU 7           72.567            0.000        0.000        0.000        4270624                     3659637                     0                           0                           
GPU 0           453.660           0.751        0.133        0.419        15108361                    83579070                    0                           0                           
GPU 1           71.432            0.000        0.000        0.000        1677797                     1317520                     0                           0                           
GPU 2           70.155            0.000        0.000        0.000        4216843                     3581722                     0                           0                           
GPU 3           70.055            0.000        0.000        0.000        2094079                     1682773                     0                           0                           
GPU 4           70.795            0.000        0.000        0.000        4363918                     3710405                     0                           0                           
GPU 5           72.092            0.000        0.000        0.000        1966535                     1575193                     0                           0                           
GPU 6           72.141            0.000        0.000        0.000        1615718                     3720357                     0                           0                           
GPU 7           72.557            0.000        0.000        0.000        435942                      242031                      0                           0                           
GPU 0           471.542           0.751        0.085        0.472        13077925                    83579070                    0                           0                           
GPU 1           71.379            0.000        0.000        0.000        3127364                     2620790                     0                           0                           
GPU 2           70.155            0.000        0.000        0.000        507336                      317085                      0                           0                           
GPU 3           70.225            0.000        0.000        0.000        2094079                     2106678                     0                           0                           
GPU 4           70.789            0.000        0.000        0.000        266799                      84327                       0                           0                           
GPU 5           72.092            0.000        0.000        0.000        1842481                     1491920                     0                           0                           
GPU 6           72.216            0.000        0.000        0.000        4366009                     424498                      0                           0                           
GPU 7           72.543            0.000        0.000        0.000        4826149                     4143104                     0                           0                           
GPU 0           440.462           0.724        0.120        0.405        15798320                    82884159                    0                           0                           
GPU 1           71.396            0.000        0.000        0.000        3337361                     2786307                     0                           0                           
GPU 2           70.166            0.000        0.000        0.000        4412900                     3764067                     0                           0                           
GPU 3           70.140            0.000        0.000        0.000        542695                      3247181                     0                           0                           
GPU 4           70.820            0.000        0.000        0.000        4921030                     4224597                     0                           0                           
GPU 5           72.058            0.000        0.000        0.000        4142223                     3489236                     0                           0                           
GPU 6           72.211            0.000        0.000        0.000        659894                      3603703                     0                           0                           
GPU 7           72.522            0.000        0.000        0.000        1645208                     1297075                     0                           0                           
GPU 0           442.012           0.708        0.084        0.467        12646091                    80577302                    0                           0                           
GPU 1           71.408            0.000        0.000        0.000        524577                      334346                      0                           0                           
GPU 2           70.166            0.000        0.000        0.000        1114737                     834944                      0                           0                           
GPU 3           70.118            0.000        0.000        0.000        4241362                     359273                      0                           0                           
GPU 4           70.768            0.000        0.000        0.000        1212026                     916642                      0                           0                           
GPU 5           72.103            0.000        0.000        0.000        510940                      316521                      0                           0                           
GPU 6           72.101            0.000        0.000        0.000        1574418                     1230710                     0                           0                           
GPU 7           72.509            0.000        0.000        0.000        2717823                     2424932                     0                           0                           
GPU 0           452.022           0.704        0.088        0.444        16427575                    83008053                    0                           0                           
GPU 1           71.485            0.000        0.000        0.000        4531764                     3872541                     0                           0                           
GPU 2           70.155            0.000        0.000        0.000        3724417                     3163164                     0                           0                           
GPU 3           70.088            0.000        0.000        0.000        466949                      3603559                     0                           0                           
GPU 4           70.810            0.000        0.000        0.000        3361711                     2843960                     0                           0                           
GPU 5           72.085            0.000        0.000        0.000        4438970                     3792778                     0                           0                           
GPU 6           72.162            0.000        0.000        0.000        3002923                     2521943                     0                           0                           
GPU 7           72.569            0.000        0.000        0.000        1607358                     2248099                     0                           0                           
#Entity         POWER             SMACT        TENSO        DRAMA        PCITX                       PCIRX                       NVLTX                       NVLRX                       
ID               W                                                                                                                                                                       
GPU 0           453.027           0.685        0.111        0.427        15245680                    87116563                    0                           0                           
GPU 1           71.424            0.000        0.000        0.000        789870                      538331                      0                           0                           
GPU 2           70.098            0.000        0.000        0.000        3278204                     2742452                     0                           0                           
GPU 3           70.087            0.000        0.000        0.000        4532562                     273566                      0                           0                           
GPU 4           70.653            0.000        0.000        0.000        3497255                     2926461                     0                           0                           
GPU 5           72.059            0.000        0.000        0.000        1062946                     773931                      0                           0                           
GPU 6           72.217            0.000        0.000        0.000        3211964                     2683624                     0                           0                           
GPU 7           72.571            0.000        0.000        0.000        4282186                     1287144                     0                           0                           
GPU 0           448.802           0.695        0.127        0.384        11452596                    76895841                    0                           0                           
GPU 1           71.397            0.000        0.000        0.000        4446825                     3798172                     0                           0                           
GPU 2           70.141            0.000        0.000        0.000        540996                      348823                      0                           0                           
GPU 3           70.048            0.000        0.000        0.000        710838                      3892240                     0                           0                           
GPU 4           70.825            0.000        0.000        0.000        495781                      305540                      0                           0                           
GPU 5           72.077            0.000        0.000        0.000        4120484                     3509289                     0                           0                           
GPU 6           72.205            0.000        0.000        0.000        1096339                     845837                      0                           0                           
GPU 7           72.548            0.000        0.000        0.000        282477                      3650156                     0                           0                           
GPU 0           451.306           0.683        0.082        0.451        16062526                    85982039                    0                           0                           
GPU 1           71.473            0.000        0.000        0.000        3597034                     3014557                     0                           0                           
GPU 2           70.176            0.000        0.000        0.000        4250483                     3619539                     0                           0                           
GPU 3           70.080            0.000        0.000        0.000        4379529                     468333                      0                           0                           
GPU 4           70.705            0.000        0.000        0.000        4468227                     3833127                     0                           0                           
GPU 5           72.053            0.000        0.000        0.000        2042951                     1635496                     0                           0                           
GPU 6           72.151            0.000        0.000        0.000        4375441                     3739222                     0                           0                           
GPU 7           72.540            0.000        0.000        0.000        4352403                     96954                       0                           0                           
GPU 0           451.306           0.683        0.083        0.451        12306256                    85982039                    0                           0                           
GPU 1           71.338            0.000        0.000        0.000        3585760                     3014557                     0                           0                           
GPU 2           70.176            0.000        0.000        0.000        474843                      3619539                     0                           0                           
GPU 3           70.080            0.000        0.000        0.000        4379529                     2745258                     0                           0                           
GPU 4           70.705            0.000        0.000        0.000        4468227                     22011                       0                           0                           
GPU 5           72.053            0.000        0.000        0.000        2447219                     2459769                     0                           0                           
GPU 6           72.151            0.000        0.000        0.000        660334                      3739222                     0                           0                           
GPU 7           72.540            0.000        0.000        0.000        1132304                     3723821                     0                           0                           
GPU 0           421.448           0.703        0.084        0.460        16897312                    87183908                    0                           0                           
GPU 1           71.430            0.000        0.000        0.000        518806                      318096                      0                           0                           
GPU 2           70.190            0.000        0.000        0.000        4507631                     3860389                     0                           0                           
GPU 3           70.097            0.000        0.000        0.000        542699                      352871                      0                           0                           
GPU 4           70.716            0.000        0.000        0.000        4478643                     3835094                     0                           0                           
GPU 5           72.065            0.000        0.000        0.000        2969644                     1334773                     0                           0                           
GPU 6           72.180            0.000        0.000        0.000        4218143                     3595087                     0                           0                           
GPU 7           72.518            0.000        0.000        0.000        3591111                     847153                      0                           0                           
GPU 0           442.996           0.661        0.078        0.437        12604690                    84185745                    0                           0                           
GPU 1           71.395            0.000        0.000        0.000        4526787                     3866478                     0                           0                           
GPU 2           70.138            0.000        0.000        0.000        1127263                     838568                      0                           0                           
GPU 3           70.111            0.000        0.000        0.000        4186855                     3539619                     0                           0                           
GPU 4           70.757            0.000        0.000        0.000        1578757                     1235055                     0                           0                           
GPU 5           72.042            0.000        0.000        0.000        1672790                     3529013                     0                           0                           
GPU 6           72.234            0.000        0.000        0.000        2312896                     1883208                     0                           0                           
GPU 7           72.514            0.000        0.000        0.000        2506101                     3044321                     0                           0                           
GPU 0           442.996           0.661        0.107        0.437        15126718                    84185745                    0                           0                           
GPU 1           71.333            0.000        0.000        0.000        770817                      3866478                     0                           0                           
GPU 2           70.138            0.000        0.000        0.000        3541752                     838568                      0                           0                           
GPU 3           70.131            0.000        0.000        0.000        4186855                     312354                      0                           0                           
GPU 4           70.757            0.000        0.000        0.000        2695614                     2220225                     0                           0                           
GPU 5           72.042            0.000        0.000        0.000        4166174                     890987                      0                           0                           
GPU 6           72.234            0.000        0.000        0.000        1829290                     1497327                     0                           0                           
GPU 7           72.514            0.000        0.000        0.000        1598610                     2054575                     0                           0                           
GPU 0           474.581           0.691        0.084        0.469        13196665                    88316635                    0                           0                           
GPU 1           71.413            0.000        0.000        0.000        4439210                     3798716                     0                           0                           
GPU 2           70.056            0.000        0.000        0.000        535159                      353473                      0                           0                           
GPU 3           70.089            0.000        0.000        0.000        4490065                     3848702                     0                           0                           
GPU 4           70.728            0.000        0.000        0.000        1686330                     1365523                     0                           0                           
GPU 5           71.995            0.000        0.000        0.000        3319335                     2792664                     0                           0                           
GPU 6           72.141            0.000        0.000        0.000        4113029                     3489446                     0                           0                           
GPU 7           72.581            0.000        0.000        0.000        4354294                     3727012                     0                           0                           
GPU 0           469.622           0.747        0.104        0.490        16598307                    93795069                    0                           0                           
GPU 1           71.340            0.000        0.000        0.000        3324959                     2770261                     0                           0                           
GPU 2           70.234            0.000        0.000        0.000        4222016                     3587351                     0                           0                           
GPU 3           70.169            0.000        0.000        0.000        668125                      427513                      0                           0                           
GPU 4           70.787            0.000        0.000        0.000        4181839                     3540693                     0                           0                           
GPU 5           72.067            0.000        0.000        0.000        3215738                     2676447                     0                           0                           
GPU 6           72.180            0.000        0.000        0.000        498391                      313394                      0                           0                           
GPU 7           72.554            0.000        0.000        0.000        203913                      20010                       0                           0                           
GPU 0           490.365           0.721        0.105        0.468        13167288                    90170451                    0                           0                           
GPU 1           71.432            0.000        0.000        0.000        3928194                     3317957                     0                           0                           
GPU 2           70.079            0.000        0.000        0.000        504704                      317077                      0                           0                           
GPU 3           70.155            0.000        0.000        0.000        3283970                     2744974                     0                           0                           
GPU 4           70.762            0.000        0.000        0.000        876340                      628641                      0                           0                           
GPU 5           72.041            0.000        0.000        0.000        1117265                     844237                      0                           0                           
GPU 6           72.166            0.000        0.000        0.000        4397490                     1058247                     0                           0                           
GPU 7           72.556            0.000        0.000        0.000        699865                      458319                      0                           0                           
GPU 0           455.692           0.765        0.127        0.461        17055625                    90416612                    0                           0                           
GPU 1           71.434            0.000        0.000        0.000        517755                      317046                      0                           0                           
GPU 2           70.141            0.000        0.000        0.000        4509926                     3860110                     0                           0                           
GPU 3           70.086            0.000        0.000        0.000        504167                      312877                      0                           0                           
GPU 4           70.681            0.000        0.000        0.000        4840550                     4167851                     0                           0                           
GPU 5           72.049            0.000        0.000        0.000        4373270                     3723961                     0                           0                           
GPU 6           72.197            0.000        0.000        0.000        1380550                     2550433                     0                           0                           
GPU 7           72.581            0.000        0.000        0.000        4206554                     3586984                     0                           0                           
GPU 0           464.623           0.714        0.093        0.479        13402164                    90766728                    0                           0                           
GPU 1           71.426            0.000        0.000        0.000        4418258                     3768961                     0                           0                           
GPU 2           70.081            0.000        0.000        0.000        1105459                     823248                      0                           0                           
GPU 3           70.118            0.000        0.000        0.000        4415548                     3789846                     0                           0                           
GPU 4           70.807            0.000        0.000        0.000        1529381                     1200447                     0                           0                           
GPU 5           72.118            0.000        0.000        0.000        260088                      63354                       0                           0                           
GPU 6           72.208            0.000        0.000        0.000        3024417                     2311153                     0                           0                           
GPU 7           72.580            0.000        0.000        0.000        2113991                     1722721                     0                           0                           
GPU 0           479.408           0.714        0.115        0.479        16784132                    90766728                    0                           0                           
GPU 1           71.420            0.000        0.000        0.000        4418258                     260979                      0                           0                           
GPU 2           70.081            0.000        0.000        0.000        3874803                     823248                      0                           0                           
GPU 3           70.073            0.000        0.000        0.000        4415548                     3789846                     0                           0                           
GPU 4           70.807            0.000        0.000        0.000        3189712                     2713992                     0                           0                           
GPU 5           72.118            0.000        0.000        0.000        260088                      4347837                     0                           0                           
GPU 6           72.208            0.000        0.000        0.000        2785675                     1355238                     0                           0                           
GPU 7           72.580            0.000        0.000        0.000        2436889                     1722721                     0                           0                           
GPU 0           516.041           0.734        0.117        0.301        16533590                    89990307                    0                           0                           
GPU 1           71.489            0.000        0.000        0.000        462429                      4366421                     0                           0                           
GPU 2           70.143            0.000        0.000        0.000        3282875                     3326915                     0                           0                           
GPU 3           70.146            0.000        0.000        0.000        469561                      266748                      0                           0                           
GPU 4           70.653            0.000        0.000        0.000        2734244                     2254953                     0                           0                           
GPU 5           72.099            0.000        0.000        0.000        1479059                     1136807                     0                           0                           
GPU 6           72.271            0.000        0.000        0.000        1671251                     3612378                     0                           0                           
GPU 7           72.615            0.000        0.000        0.000        2948993                     2045589                     0                           0                           
#Entity         POWER             SMACT        TENSO        DRAMA        PCITX                       PCIRX                       NVLTX                       NVLRX                       
ID               W                                                                                                                                                                       
GPU 0           572.797           0.898        0.250        0.196        9847599                     46618212                    0                           0                           
GPU 1           71.401            0.000        0.000        0.000        5072035                     2896350                     0                           0                           
GPU 2           70.192            0.000        0.000        0.000        536310                      346476                      0                           0                           
GPU 3           70.098            0.000        0.000        0.000        1118642                     3860747                     0                           0                           
GPU 4           70.782            0.000        0.000        0.000        1655548                     1329050                     0                           0                           
GPU 5           72.031            0.000        0.000        0.000        3403710                     2871144                     0                           0                           
GPU 6           72.159            0.000        0.000        0.000        4238020                     188144                      0                           0                           
GPU 7           72.528            0.000        0.000        0.000        1605736                     2445353                     0                           0                           
GPU 0           504.915           0.713        0.419        0.413        11062185                    78008289                    0                           0                           
GPU 1           71.406            0.000        0.000        0.000        3450224                     383127                      0                           0                           
GPU 2           70.206            0.000        0.000        0.000        4578034                     3929794                     0                           0                           
GPU 3           70.082            0.000        0.000        0.000        4016151                     829453                      0                           0                           
GPU 4           70.770            0.000        0.000        0.000        4318115                     3683575                     0                           0                           
GPU 5           72.080            0.000        0.000        0.000        2319678                     1885661                     0                           0                           
GPU 6           72.131            0.000        0.000        0.000        379432                      3905042                     0                           0                           
GPU 7           72.584            0.000        0.000        0.000        4484242                     1294965                     0                           0                           
GPU 0           443.415           0.682        0.124        0.447        12310540                    85262554                    0                           0                           
GPU 1           71.416            0.000        0.000        0.000        3913322                     3298337                     0                           0                           
GPU 2           70.187            0.000        0.000        0.000        281958                      102720                      0                           0                           
GPU 3           70.033            0.000        0.000        0.000        3289043                     2742414                     0                           0                           
GPU 4           70.764            0.000        0.000        0.000        436339                      242463                      0                           0                           
GPU 5           72.009            0.000        0.000        0.000        2217749                     1822097                     0                           0                           
GPU 6           72.181            0.000        0.000        0.000        704100                      461619                      0                           0                           
GPU 7           72.578            0.000        0.000        0.000        1302751                     3851721                     0                           0                           
GPU 0           441.134           0.668        0.089        0.434        16465649                    82912766                    0                           0                           
GPU 1           71.390            0.000        0.000        0.000        519858                      323863                      0                           0                           
GPU 2           70.103            0.000        0.000        0.000        4495596                     3853069                     0                           0                           
GPU 3           70.125            0.000        0.000        0.000        509400                      319161                      0                           0                           
GPU 4           70.816            0.000        0.000        0.000        4941834                     4257571                     0                           0                           
GPU 5           72.046            0.000        0.000        0.000        448777                      3575999                     0                           0                           
GPU 6           72.130            0.000        0.000        0.000        4233136                     3618751                     0                           0                           
GPU 7           72.525            0.000        0.000        0.000        2981235                     2517655                     0                           0                           
GPU 0           427.301           0.644        0.091        0.417        12221613                    86023864                    0                           0                           
GPU 1           71.387            0.000        0.000        0.000        4498747                     3827551                     0                           0                           
GPU 2           70.113            0.000        0.000        0.000        1215362                     915214                      0                           0                           
GPU 3           70.108            0.000        0.000        0.000        4448089                     3797749                     0                           0                           
GPU 4           70.697            0.000        0.000        0.000        1476689                     1145311                     0                           0                           
GPU 5           72.097            0.000        0.000        0.000        4918314                     244398                      0                           0                           
GPU 6           72.147            0.000        0.000        0.000        2765477                     2290185                     0                           0                           
GPU 7           72.621            0.000        0.000        0.000        2399749                     1963193                     0                           0                           
GPU 0           449.925           0.707        0.109        0.428        15134159                    82312370                    0                           0                           
GPU 1           71.383            0.000        0.000        0.000        740520                      496445                      0                           0                           
GPU 2           70.216            0.000        0.000        0.000        3275046                     2738074                     0                           0                           
GPU 3           70.046            0.000        0.000        0.000        753245                      509310                      0                           0                           
GPU 4           70.726            0.000        0.000        0.000        3819246                     3221849                     0                           0                           
GPU 5           72.069            0.000        0.000        0.000        1789083                     1410307                     0                           0                           
GPU 6           72.129            0.000        0.000        0.000        1222740                     960142                      0                           0                           
GPU 7           72.549            0.000        0.000        0.000        2176995                     1795995                     0                           0                           
GPU 0           450.943           0.713        0.086        0.475        13224598                    82794805                    0                           0                           
GPU 1           71.455            0.000        0.000        0.000        4471355                     3836083                     0                           0                           
GPU 2           70.102            0.000        0.000        0.000        500497                      310780                      0                           0                           
GPU 3           70.085            0.000        0.000        0.000        4376919                     3730600                     0                           0                           
GPU 4           70.708            0.000        0.000        0.000        497339                      309723                      0                           0                           
GPU 5           72.031            0.000        0.000        0.000        2460408                     2040537                     0                           0                           
GPU 6           72.190            0.000        0.000        0.000        4125402                     3498626                     0                           0                           
GPU 7           72.507            0.000        0.000        0.000        4099291                     3473025                     0                           0                           
GPU 0           468.314           0.723        0.093        0.480        17079250                    89743362                    0                           0                           
GPU 1           71.389            0.000        0.000        0.000        4029980                     3414050                     0                           0                           
GPU 2           70.174            0.000        0.000        0.000        4588639                     3951910                     0                           0                           
GPU 3           70.042            0.000        0.000        0.000        791326                      534014                      0                           0                           
GPU 4           70.787            0.000        0.000        0.000        4553828                     3918179                     0                           0                           
GPU 5           72.098            0.000        0.000        0.000        3043927                     2529357                     0                           0                           
GPU 6           72.210            0.000        0.000        0.000        461184                      267277                      0                           0                           
GPU 7           72.551            0.000        0.000        0.000        433545                      237735                      0                           0                           
GPU 0           468.314           0.723        0.093        0.480        13175882                    89743362                    0                           0                           
GPU 1           71.382            0.000        0.000        0.000        565398                      3414050                     0                           0                           
GPU 2           70.174            0.000        0.000        0.000        767069                      3951910                     0                           0                           
GPU 3           70.164            0.000        0.000        0.000        791326                      3479311                     0                           0                           
GPU 4           70.787            0.000        0.000        0.000        1135131                     856185                      0                           0                           
GPU 5           72.098            0.000        0.000        0.000        3043927                     1410944                     0                           0                           
GPU 6           72.210            0.000        0.000        0.000        4532780                     1699029                     0                           0                           
GPU 7           72.551            0.000        0.000        0.000        1526227                     237735                      0                           0                           
GPU 0           513.357           0.695        0.166        0.404        15867810                    90705731                    0                           0                           
GPU 1           71.391            0.000        0.000        0.000        3718786                     325959                      0                           0                           
GPU 2           70.110            0.000        0.000        0.000        4561277                     3944101                     0                           0                           
GPU 3           70.109            0.000        0.000        0.000        3409576                     2870607                     0                           0                           
GPU 4           70.853            0.000        0.000        0.000        3810599                     3257992                     0                           0                           
GPU 5           72.049            0.000        0.000        0.000        1736950                     3819441                     0                           0                           
GPU 6           72.148            0.000        0.000        0.000        2092430                     1498873                     0                           0                           
GPU 7           72.578            0.000        0.000        0.000        3071516                     1200906                     0                           0                           
GPU 0           494.167           0.796        0.147        0.451        13317157                    84852208                    0                           0                           
GPU 1           71.404            0.000        0.000        0.000        525623                      3859865                     0                           0                           
GPU 2           70.064            0.000        0.000        0.000        1231023                     936130                      0                           0                           
GPU 3           70.054            0.000        0.000        0.000        4498938                     331211                      0                           0                           
GPU 4           70.750            0.000        0.000        0.000        1843172                     1467410                     0                           0                           
GPU 5           72.078            0.000        0.000        0.000        4473394                     88136                       0                           0                           
GPU 6           72.141            0.000        0.000        0.000        1834868                     3471396                     0                           0                           
GPU 7           72.582            0.000        0.000        0.000        2172308                     2603947                     0                           0                           
GPU 0           494.167           0.796        0.134        0.451        17419206                    84852208                    0                           0                           
GPU 1           71.396            0.000        0.000        0.000        4528937                     3859865                     0                           0                           
GPU 2           70.064            0.000        0.000        0.000        3720356                     936130                      0                           0                           
GPU 3           70.054            0.000        0.000        0.000        4498938                     3850319                     0                           0                           
GPU 4           70.690            0.000        0.000        0.000        1843172                     2328423                     0                           0                           
GPU 5           72.078            0.000        0.000        0.000        281559                      4196011                     0                           0                           
GPU 6           72.243            0.000        0.000        0.000        4099749                     3471396                     0                           0                           
GPU 7           72.582            0.000        0.000        0.000        2379261                     1761954                     0                           0                           
GPU 0           463.286           0.681        0.096        0.449        15706219                    92224962                    0                           0                           
GPU 1           71.395            0.000        0.000        0.000        1118389                     3453412                     0                           0                           
GPU 2           70.122            0.000        0.000        0.000        3626959                     3061407                     0                           0                           
GPU 3           70.093            0.000        0.000        0.000        205451                      20964                       0                           0                           
GPU 4           70.721            0.000        0.000        0.000        3018107                     2512382                     0                           0                           
GPU 5           72.046            0.000        0.000        0.000        1830843                     1449402                     0                           0                           
GPU 6           72.226            0.000        0.000        0.000        502062                      3884713                     0                           0                           
GPU 7           72.569            0.000        0.000        0.000        4162236                     1966821                     0                           0                           
GPU 0           463.286           0.655        0.092        0.431        12635086                    88118346                    0                           0                           
GPU 1           71.386            0.000        0.000        0.000        4042082                     3453412                     0                           0                           
GPU 2           70.186            0.000        0.000        0.000        547372                      365691                      0                           0                           
GPU 3           70.093            0.000        0.000        0.000        4651679                     4014929                     0                           0                           
GPU 4           70.781            0.000        0.000        0.000        3018107                     1417620                     0                           0                           
GPU 5           72.011            0.000        0.000        0.000        2253405                     1862465                     0                           0                           
GPU 6           72.205            0.000        0.000        0.000        4506749                     3884713                     0                           0                           
GPU 7           72.528            0.000        0.000        0.000        508355                      3542774                     0                           0                           
#Entity         POWER             SMACT        TENSO        DRAMA        PCITX                       PCIRX                       NVLTX                       NVLRX                       
ID               W                                                                                                                                                                       
GPU 0           481.170           0.738        0.128        0.433        16071889                    90393463                    0                           0                           
GPU 1           71.428            0.000        0.000        0.000        3688479                     368584                      0                           0                           
GPU 2           70.116            0.000        0.000        0.000        4312627                     3672205                     0                           0                           
GPU 3           70.132            0.000        0.000        0.000        1256848                     949068                      0                           0                           
GPU 4           70.808            0.000        0.000        0.000        4326543                     3691920                     0                           0                           
GPU 5           72.071            0.000        0.000        0.000        4299867                     3658948                     0                           0                           
GPU 6           72.165            0.000        0.000        0.000        720354                      3741431                     0                           0                           
GPU 7           72.543            0.000        0.000        0.000        4496205                     313398                      0                           0                           
GPU 0           481.170           0.718        0.128        0.436        16071889                    87579371                    0                           0                           
GPU 1           71.428            0.000        0.000        0.000        4401428                     368584                      0                           0                           
GPU 2           70.123            0.000        0.000        0.000        4312627                     325444                      0                           0                           
GPU 3           70.132            0.000        0.000        0.000        3845245                     3068552                     0                           0                           
GPU 4           70.661            0.000        0.000        0.000        4326543                     3691920                     0                           0                           
GPU 5           72.098            0.000        0.000        0.000        842923                      3658948                     0                           0                           
GPU 6           72.169            0.000        0.000        0.000        720354                      3741431                     0                           0                           
GPU 7           72.548            0.000        0.000        0.000        4496205                     1111350                     0                           0                           
GPU 0           453.362           0.704        0.105        0.450        16912818                    92211436                    0                           0                           
GPU 1           71.374            0.000        0.000        0.000        529294                      330153                      0                           0                           
GPU 2           70.154            0.000        0.000        0.000        4631722                     3984496                     0                           0                           
GPU 3           70.124            0.000        0.000        0.000        3638500                     321801                      0                           0                           
GPU 4           70.724            0.000        0.000        0.000        5072314                     4376982                     0                           0                           
GPU 5           72.081            0.000        0.000        0.000        4403480                     3771502                     0                           0                           
GPU 6           72.113            0.000        0.000        0.000        3747729                     3204520                     0                           0                           
GPU 7           72.595            0.000        0.000        0.000        2804574                     2365360                     0                           0                           
GPU 0           482.233           0.685        0.102        0.439        12580485                    89753404                    0                           0                           
GPU 1           71.417            0.000        0.000        0.000        4666696                     4005415                     0                           0                           
GPU 2           70.084            0.000        0.000        0.000        1182128                     897404                      0                           0                           
GPU 3           70.091            0.000        0.000        0.000        510480                      3985210                     0                           0                           
GPU 4           70.776            0.000        0.000        0.000        1149472                     858173                      0                           0                           
GPU 5           72.085            0.000        0.000        0.000        2676488                     2214149                     0                           0                           
GPU 6           72.168            0.000        0.000        0.000        3052176                     2553014                     0                           0                           
GPU 7           72.566            0.000        0.000        0.000        4186027                     3560324                     0                           0                           
GPU 0           465.799           0.717        0.115        0.444        15561572                    90367569                    0                           0                           
GPU 1           71.329            0.000        0.000        0.000        792254                      542143                      0                           0                           
GPU 2           70.182            0.000        0.000        0.000        3278656                     2736850                     0                           0                           
GPU 3           70.108            0.000        0.000        0.000        725886                      486981                      0                           0                           
GPU 4           70.720            0.000        0.000        0.000        3474891                     2914157                     0                           0                           
GPU 5           72.085            0.000        0.000        0.000        1666302                     1349285                     0                           0                           
GPU 6           72.163            0.000        0.000        0.000        1210593                     949142                      0                           0                           
GPU 7           72.526            0.000        0.000        0.000        503632                      321255                      0                           0                           
GPU 0           452.162           0.699        0.099        0.457        12982409                    89460836                    0                           0                           
GPU 1           71.336            0.000        0.000        0.000        4497387                     3862140                     0                           0                           
GPU 2           70.137            0.000        0.000        0.000        502070                      313925                      0                           0                           
GPU 3           70.069            0.000        0.000        0.000        4361620                     3727467                     0                           0                           
GPU 4           70.710            0.000        0.000        0.000        530892                      337506                      0                           0                           
GPU 5           72.048            0.000        0.000        0.000        2980775                     2472974                     0                           0                           
GPU 6           72.142            0.000        0.000        0.000        4104520                     3478859                     0                           0                           
GPU 7           72.557            0.000        0.000        0.000        4356198                     3724751                     0                           0                           
GPU 0           476.755           0.706        0.114        0.434        16272614                    89053978                    0                           0                           
GPU 1           71.320            0.000        0.000        0.000        3446593                     2895138                     0                           0                           
GPU 2           70.121            0.000        0.000        0.000        4338249                     3697389                     0                           0                           
GPU 3           70.064            0.000        0.000        0.000        3173735                     2668423                     0                           0                           
GPU 4           70.796            0.000        0.000        0.000        4526635                     3885288                     0                           0                           
GPU 5           72.062            0.000        0.000        0.000        1670598                     1332600                     0                           0                           
GPU 6           72.123            0.000        0.000        0.000        459288                      265853                      0                           0                           
GPU 7           72.544            0.000        0.000        0.000        204845                      20960                       0                           0                           
GPU 0           476.755           0.706        0.107        0.434        12453202                    89053978                    0                           0                           
GPU 1           71.387            0.000        0.000        0.000        598729                      2895138                     0                           0                           
GPU 2           70.121            0.000        0.000        0.000        530875                      3697389                     0                           0                           
GPU 3           69.957            0.000        0.000        0.000        3173735                     398317                      0                           0                           
GPU 4           70.796            0.000        0.000        0.000        738955                      503118                      0                           0                           
GPU 5           72.062            0.000        0.000        0.000        4404464                     3753096                     0                           0                           
GPU 6           72.198            0.000        0.000        0.000        4995406                     451584                      0                           0                           
GPU 7           72.544            0.000        0.000        0.000        4992232                     4319652                     0                           0                           
GPU 0           461.480           0.679        0.106        0.421        16994997                    88330986                    0                           0                           
GPU 1           71.420            0.000        0.000        0.000        3986003                     3364783                     0                           0                           
GPU 2           70.097            0.000        0.000        0.000        4508026                     343260                      0                           0                           
GPU 3           70.003            0.000        0.000        0.000        590270                      3599419                     0                           0                           
GPU 4           70.793            0.000        0.000        0.000        4825292                     4144667                     0                           0                           
GPU 5           72.157            0.000        0.000        0.000        1979914                     1585962                     0                           0                           
GPU 6           72.221            0.000        0.000        0.000        692226                      3619098                     0                           0                           
GPU 7           72.597            0.000        0.000        0.000        1151230                     856435                      0                           0                           
GPU 0           461.480           0.697        0.101        0.443        12786056                    93542698                    0                           0                           
GPU 1           71.402            0.000        0.000        0.000        553735                      3364783                     0                           0                           
GPU 2           70.060            0.000        0.000        0.000        1444823                     3861327                     0                           0                           
GPU 3           70.003            0.000        0.000        0.000        4246141                     324421                      0                           0                           
GPU 4           70.795            0.000        0.000        0.000        4825292                     1161350                     0                           0                           
GPU 5           72.055            0.000        0.000        0.000        1751451                     1420237                     0                           0                           
GPU 6           72.140            0.000        0.000        0.000        4224028                     3619098                     0                           0                           
GPU 7           72.597            0.000        0.000        0.000        2238494                     3034209                     0                           0                           
GPU 0           448.010           0.713        0.101        0.466        16518576                    87186422                    0                           0                           
GPU 1           71.401            0.000        0.000        0.000        4258488                     3593459                     0                           0                           
GPU 2           70.077            0.000        0.000        0.000        3551284                     1121915                     0                           0                           
GPU 3           70.086            0.000        0.000        0.000        507333                      3791665                     0                           0                           
GPU 4           70.726            0.000        0.000        0.000        3072743                     2580708                     0                           0                           
GPU 5           72.082            0.000        0.000        0.000        4172513                     3532804                     0                           0                           
GPU 6           72.159            0.000        0.000        0.000        2033431                     1792877                     0                           0                           
GPU 7           72.553            0.000        0.000        0.000        2123411                     1829763                     0                           0                           
GPU 0           457.982           0.662        0.107        0.420        15775442                    92216141                    0                           0                           
GPU 1           71.400            0.000        0.000        0.000        516704                      315996                      0                           0                           
GPU 2           70.227            0.000        0.000        0.000        3280956                     3008208                     0                           0                           
GPU 3           70.058            0.000        0.000        0.000        4443087                     468633                      0                           0                           
GPU 4           70.773            0.000        0.000        0.000        3783806                     3179217                     0                           0                           
GPU 5           72.092            0.000        0.000        0.000        458274                      252003                      0                           0                           
GPU 6           72.227            0.000        0.000        0.000        2180172                     3510979                     0                           0                           
GPU 7           72.579            0.000        0.000        0.000        4101952                     1743482                     0                           0                           
GPU 0           457.982           0.695        0.097        0.438        13584144                    90262483                    0                           0                           
GPU 1           71.388            0.000        0.000        0.000        4404010                     315996                      0                           0                           
GPU 2           70.119            0.000        0.000        0.000        543883                      2746022                     0                           0                           
GPU 3           70.080            0.000        0.000        0.000        708845                      3711676                     0                           0                           
GPU 4           70.748            0.000        0.000        0.000        495256                      303443                      0                           0                           
GPU 5           72.052            0.000        0.000        0.000        4905071                     4203515                     0                           0                           
GPU 6           72.178            0.000        0.000        0.000        4136142                     223171                      0                           0                           
GPU 7           72.579            0.000        0.000        0.000        457525                      3478300                     0                           0                           
GPU 0           464.768           0.714        0.117        0.486        16034318                    91586638                    0                           0                           
GPU 1           71.390            0.000        0.000        0.000        1963511                     2314342                     0                           0                           
GPU 2           70.170            0.000        0.000        0.000        4195735                     350554                      0                           0                           
GPU 3           70.090            0.000        0.000        0.000        2085861                     1678906                     0                           0                           
GPU 4           70.728            0.000        0.000        0.000        4408471                     3777567                     0                           0                           
GPU 5           72.017            0.000        0.000        0.000        2042624                     1633890                     0                           0                           
GPU 6           72.195            0.000        0.000        0.000        412713                      4148199                     0                           0                           
GPU 7           72.578            0.000        0.000        0.000        4345686                     258897                      0                           0                           
#Entity         POWER             SMACT        TENSO        DRAMA        PCITX                       PCIRX                       NVLTX                       NVLRX                       
ID               W                                                                                                                                                                       
GPU 0           464.768           0.754        0.139        0.435        12082834                    83801619                    0                           0                           
GPU 1           71.406            0.000        0.000        0.000        2757526                     2314342                     0                           0                           
GPU 2           70.076            0.000        0.000        0.000        501542                      3566846                     0                           0                           
GPU 3           70.018            0.000        0.000        0.000        2504362                     2100169                     0                           0                           
GPU 4           70.676            0.000        0.000        0.000        273570                      91190                       0                           0                           
GPU 5           72.041            0.000        0.000        0.000        1678703                     1346105                     0                           0                           
GPU 6           72.184            0.000        0.000        0.000        4830637                     848128                      0                           0                           
GPU 7           72.573            0.000        0.000        0.000        712244                      3718436                     0                           0                           
GPU 0           576.809           0.897        0.351        0.429        12349555                    51764892                    0                           0                           
GPU 1           71.394            0.000        0.000        0.000        3613075                     352852                      0                           0                           
GPU 2           70.136            0.000        0.000        0.000        4487343                     308681                      0                           0                           
GPU 3           70.023            0.000        0.000        0.000        3854149                     3260067                     0                           0                           
GPU 4           70.768            0.000        0.000        0.000        4464451                     3826148                     0                           0                           
GPU 5           72.014            0.000        0.000        0.000        4158716                     3517544                     0                           0                           
GPU 6           72.133            0.000        0.000        0.000        1137679                     3041847                     0                           0                           
GPU 7           72.526            0.000        0.000        0.000        4205894                     474988                      0                           0                           
GPU 0           447.754           0.837        0.363        0.227        8757639                     51607240                    0                           0                           
GPU 1           71.357            0.000        0.000        0.000        553152                      3591339                     0                           0                           
GPU 2           70.087            0.000        0.000        0.000        1141986                     3835962                     0                           0                           
GPU 3           69.982            0.000        0.000        0.000        507844                      316551                      0                           0                           
GPU 4           70.813            0.000        0.000        0.000        1784679                     1420245                     0                           0                           
GPU 5           71.992            0.000        0.000        0.000        439237                      233434                      0                           0                           
GPU 6           72.166            0.000        0.000        0.000        2701552                     2226125                     0                           0                           
GPU 7           72.566            0.000        0.000        0.000        2319257                     3595652                     0                           0                           
GPU 0           456.982           0.696        0.082        0.228        17177410                    86504387                    0                           0                           
GPU 1           71.408            0.000        0.000        0.000        4257411                     323332                      0                           0                           
GPU 2           70.082            0.000        0.000        0.000        3723812                     856817                      0                           0                           
GPU 3           70.038            0.000        0.000        0.000        4489355                     3839339                     0                           0                           
GPU 4           70.704            0.000        0.000        0.000        2621575                     2176687                     0                           0                           
GPU 5           72.057            0.000        0.000        0.000        4880306                     4172306                     0                           0                           
GPU 6           72.169            0.000        0.000        0.000        1797188                     1464074                     0                           0                           
GPU 7           72.546            0.000        0.000        0.000        1594772                     1888705                     0                           0                           
GPU 0           458.984           0.686        0.107        0.473        15505130                    83603854                    0                           0                           
GPU 1           71.355            0.000        0.000        0.000        525612                      3981043                     0                           0                           
GPU 2           70.155            0.000        0.000        0.000        3927219                     3167132                     0                           0                           
GPU 3           70.095            0.000        0.000        0.000        205958                      20962                       0                           0                           
GPU 4           70.820            0.000        0.000        0.000        3016990                     2512324                     0                           0                           
GPU 5           71.940            0.000        0.000        0.000        1144972                     844537                      0                           0                           
GPU 6           72.107            0.000        0.000        0.000        4150553                     3523254                     0                           0                           
GPU 7           72.514            0.000        0.000        0.000        4471467                     1273512                     0                           0                           
GPU 0           458.984           0.704        0.107        0.420        15505130                    82407272                    0                           0                           
GPU 1           71.355            0.000        0.000        0.000        2930089                     3981043                     0                           0                           
GPU 2           70.107            0.000        0.000        0.000        3927219                     3321199                     0                           0                           
GPU 3           70.095            0.000        0.000        0.000        4608538                     3964475                     0                           0                           
GPU 4           70.728            0.000        0.000        0.000        3016990                     2512324                     0                           0                           
GPU 5           72.082            0.000        0.000        0.000        3817955                     844537                      0                           0                           
GPU 6           72.126            0.000        0.000        0.000        4150553                     3523254                     0                           0                           
GPU 7           72.566            0.000        0.000        0.000        4471467                     3847883                     0                           0                           
GPU 0           450.663           0.671        0.090        0.438        15200375                    84742394                    0                           0                           
GPU 1           71.442            0.000        0.000        0.000        1341539                     2433880                     0                           0                           
GPU 2           70.187            0.000        0.000        0.000        513585                      331734                      0                           0                           
GPU 3           70.066            0.000        0.000        0.000        3153631                     2629974                     0                           0                           
GPU 4           70.752            0.000        0.000        0.000        1739950                     1415543                     0                           0                           
GPU 5           72.000            0.000        0.000        0.000        2308083                     1872281                     0                           0                           
GPU 6           72.169            0.000        0.000        0.000        541897                      355325                      0                           0                           
GPU 7           72.565            0.000        0.000        0.000        203916                      20010                       0                           0                           
GPU 0           454.309           0.677        0.098        0.430        12169970                    83051227                    0                           0                           
GPU 1           71.366            0.000        0.000        0.000        3329390                     1052663                     0                           0                           
GPU 2           70.122            0.000        0.000        0.000        4201515                     3552185                     0                           0                           
GPU 3           69.988            0.000        0.000        0.000        759903                      3221027                     0                           0                           
GPU 4           70.761            0.000        0.000        0.000        4195649                     3554196                     0                           0                           
GPU 5           72.042            0.000        0.000        0.000        2129898                     1742596                     0                           0                           
GPU 6           72.175            0.000        0.000        0.000        4382192                     3745983                     0                           0                           
GPU 7           72.536            0.000        0.000        0.000        4827864                     4147817                     0                           0                           
GPU 0           430.001           0.672        0.085        0.446        16370201                    86457909                    0                           0                           
GPU 1           71.397            0.000        0.000        0.000        520900                      2772275                     0                           0                           
GPU 2           70.119            0.000        0.000        0.000        504678                      315489                      0                           0                           
GPU 3           70.031            0.000        0.000        0.000        3826072                     323356                      0                           0                           
GPU 4           70.675            0.000        0.000        0.000        426821                      233417                      0                           0                           
GPU 5           72.101            0.000        0.000        0.000        4138244                     3489498                     0                           0                           
GPU 6           72.153            0.000        0.000        0.000        1051789                     769188                      0                           0                           
GPU 7           72.533            0.000        0.000        0.000        1475587                     1148708                     0                           0                           
GPU 0           464.357           0.736        0.113        0.458        14673876                    86185716                    0                           0                           
GPU 1           71.391            0.000        0.000        0.000        4451158                     318619                      0                           0                           
GPU 2           70.047            0.000        0.000        0.000        2707736                     2247338                     0                           0                           
GPU 3           70.091            0.000        0.000        0.000        514121                      3897973                     0                           0                           
GPU 4           70.750            0.000        0.000        0.000        1820397                     1453173                     0                           0                           
GPU 5           72.047            0.000        0.000        0.000        858062                      603746                      0                           0                           
GPU 6           72.157            0.000        0.000        0.000        4076678                     2202535                     0                           0                           
GPU 7           72.538            0.000        0.000        0.000        2466042                     2026388                     0                           0                           
GPU 0           474.946           0.710        0.101        0.465        16451749                    91785131                    0                           0                           
GPU 1           71.391            0.000        0.000        0.000        905633                      3802402                     0                           0                           
GPU 2           70.093            0.000        0.000        0.000        1226949                     969564                      0                           0                           
GPU 3           70.063            0.000        0.000        0.000        4544666                     104336                      0                           0                           
GPU 4           70.766            0.000        0.000        0.000        2545852                     2134160                     0                           0                           
GPU 5           72.033            0.000        0.000        0.000        4399471                     3781041                     0                           0                           
GPU 6           72.088            0.000        0.000        0.000        2657231                     1081401                     0                           0                           
GPU 7           72.537            0.000        0.000        0.000        2199260                     1826077                     0                           0                           
GPU 0           492.641           0.716        0.111        0.451        13302748                    92340819                    0                           0                           
GPU 1           71.397            0.000        0.000        0.000        4598551                     650187                      0                           0                           
GPU 2           70.187            0.000        0.000        0.000        3951055                     3346939                     0                           0                           
GPU 3           70.108            0.000        0.000        0.000        287759                      4401138                     0                           0                           
GPU 4           70.779            0.000        0.000        0.000        4252164                     3613867                     0                           0                           
GPU 5           72.022            0.000        0.000        0.000        2107448                     1695653                     0                           0                           
GPU 6           72.096            0.000        0.000        0.000        4513523                     3873675                     0                           0                           
GPU 7           72.573            0.000        0.000        0.000        4226029                     3606065                     0                           0                           
GPU 0           492.641           0.716        0.126        0.451        13302748                    92340819                    0                           0                           
GPU 1           71.397            0.000        0.000        0.000        4598551                     650187                      0                           0                           
GPU 2           70.187            0.000        0.000        0.000        513067                      3346939                     0                           0                           
GPU 3           70.108            0.000        0.000        0.000        287759                      4401138                     0                           0                           
GPU 4           70.779            0.000        0.000        0.000        4252164                     350608                      0                           0                           
GPU 5           72.022            0.000        0.000        0.000        2107448                     2083882                     0                           0                           
GPU 6           72.096            0.000        0.000        0.000        4513523                     3873675                     0                           0                           
GPU 7           72.573            0.000        0.000        0.000        433559                      3606065                     0                           0                           
GPU 0           477.517           0.733        0.104        0.435        17358819                    86236168                    0                           0                           
GPU 1           71.369            0.000        0.000        0.000        3453948                     324385                      0                           0                           
GPU 2           70.169            0.000        0.000        0.000        4601511                     3955382                     0                           0                           
GPU 3           70.082            0.000        0.000        0.000        589584                      2644984                     0                           0                           
GPU 4           70.839            0.000        0.000        0.000        4520269                     3882527                     0                           0                           
GPU 5           72.028            0.000        0.000        0.000        2507762                     2546541                     0                           0                           
GPU 6           72.123            0.000        0.000        0.000        1071960                     3567000                     0                           0                           
GPU 7           72.487            0.000        0.000        0.000        4938383                     240125                      0                           0                           
#Entity         POWER             SMACT        TENSO        DRAMA        PCITX                       PCIRX                       NVLTX                       NVLRX                       
ID               W                                                                                                                                                                       
GPU 0           465.303           0.723        0.127        0.462        16987948                    91940020                    0                           0                           
GPU 1           71.457            0.000        0.000        0.000        4331477                     3686943                     0                           0                           
GPU 2           70.104            0.000        0.000        0.000        753245                      508833                      0                           0                           
GPU 3           70.074            0.000        0.000        0.000        3853169                     3255830                     0                           0                           
GPU 4           70.725            0.000        0.000        0.000        1116279                     837310                      0                           0                           
GPU 5           72.062            0.000        0.000        0.000        1711479                     1372956                     0                           0                           
GPU 6           72.197            0.000        0.000        0.000        2320435                     1891904                     0                           0                           
GPU 7           72.524            0.000        0.000        0.000        1413159                     1094215                     0                           0                           
GPU 0           435.178           0.723        0.108        0.462        16987948                    91940020                    0                           0                           
GPU 1           71.457            0.000        0.000        0.000        4331477                     255827                      0                           0                           
GPU 2           70.104            0.000        0.000        0.000        4367762                     508833                      0                           0                           
GPU 3           70.094            0.000        0.000        0.000        3853169                     3255830                     0                           0                           
GPU 4           70.725            0.000        0.000        0.000        3708758                     3162051                     0                           0                           
GPU 5           72.062            0.000        0.000        0.000        1711479                     3525136                     0                           0                           
GPU 6           72.197            0.000        0.000        0.000        2320435                     1445300                     0                           0                           
GPU 7           72.524            0.000        0.000        0.000        3287676                     1094215                     0                           0                           
GPU 0           495.407           0.666        0.090        0.366        14848976                    91423929                    0                           0                           
GPU 1           71.406            0.000        0.000        0.000        456392                      4481273                     0                           0                           
GPU 2           70.118            0.000        0.000        0.000        2150446                     1753105                     0                           0                           
GPU 3           70.105            0.000        0.000        0.000        507814                      323345                      0                           0                           
GPU 4           70.710            0.000        0.000        0.000        1897117                     1522648                     0                           0                           
GPU 5           71.996            0.000        0.000        0.000        1950667                     1573372                     0                           0                           
GPU 6           72.228            0.000        0.000        0.000        1776054                     3599255                     0                           0                           
GPU 7           72.573            0.000        0.000        0.000        2773731                     2299691                     0                           0                           
GPU 0           495.407           0.752        0.172        0.366        12887404                    82623095                    0                           0                           
GPU 1           71.305            0.000        0.000        0.000        5199231                     4481273                     0                           0                           
GPU 2           70.116            0.000        0.000        0.000        2549339                     2139395                     0                           0                           
GPU 3           70.105            0.000        0.000        0.000        4614779                     3967578                     0                           0                           
GPU 4           70.722            0.000        0.000        0.000        1897117                     2512694                     0                           0                           
GPU 5           72.105            0.000        0.000        0.000        1996548                     1620296                     0                           0                           
GPU 6           72.185            0.000        0.000        0.000        4234942                     3599255                     0                           0                           
GPU 7           72.573            0.000        0.000        0.000        1634617                     1316498                     0                           0                           
GPU 0           458.712           0.714        0.092        0.454        15810234                    86012691                    0                           0                           
GPU 1           71.364            0.000        0.000        0.000        3194027                     873598                      0                           0                           
GPU 2           70.030            0.000        0.000        0.000        3994529                     3401353                     0                           0                           
GPU 3           70.016            0.000        0.000        0.000        1009696                     736309                      0                           0                           
GPU 4           70.788            0.000        0.000        0.000        3039098                     2533368                     0                           0                           
GPU 5           72.060            0.000        0.000        0.000        4292089                     3651236                     0                           0                           
GPU 6           72.198            0.000        0.000        0.000        452018                      4818034                     0                           0                           
GPU 7           72.460            0.000        0.000        0.000        4463423                     3826165                     0                           0                           
GPU 0           458.712           0.714        0.093        0.454        12853768                    83165485                    0                           0                           
GPU 1           71.332            0.000        0.000        0.000        4013301                     873598                      0                           0                           
GPU 2           70.122            0.000        0.000        0.000        516730                      327542                      0                           0                           
GPU 3           70.016            0.000        0.000        0.000        4031827                     1421416                     0                           0                           
GPU 4           70.758            0.000        0.000        0.000        3039098                     1408738                     0                           0                           
GPU 5           71.998            0.000        0.000        0.000        443473                      239599                      0                           0                           
GPU 6           72.189            0.000        0.000        0.000        2047607                     4818034                     0                           0                           
GPU 7           72.526            0.000        0.000        0.000        710515                      478189                      0                           0                           
GPU 0           443.093           0.703        0.093        0.447        16349169                    85670821                    0                           0                           
GPU 1           71.380            0.000        0.000        0.000        530852                      337481                      0                           0                           
GPU 2           70.168            0.000        0.000        0.000        4600056                     3962892                     0                           0                           
GPU 3           70.070            0.000        0.000        0.000        1788679                     2736552                     0                           0                           
GPU 4           70.743            0.000        0.000        0.000        4317282                     3687875                     0                           0                           
GPU 5           72.048            0.000        0.000        0.000        5045306                     4350004                     0                           0                           
GPU 6           72.146            0.000        0.000        0.000        1917483                     1572767                     0                           0                           
GPU 7           72.521            0.000        0.000        0.000        4310226                     3706957                     0                           0                           
GPU 0           443.686           0.676        0.090        0.433        12327718                    83680823                    0                           0                           
GPU 1           71.393            0.000        0.000        0.000        4655674                     3990129                     0                           0                           
GPU 2           70.106            0.000        0.000        0.000        744565                      510933                      0                           0                           
GPU 3           70.028            0.000        0.000        0.000        3214094                     3356907                     0                           0                           
GPU 4           70.709            0.000        0.000        0.000        1275517                     984454                      0                           0                           
GPU 5           71.976            0.000        0.000        0.000        1532103                     1194726                     0                           0                           
GPU 6           72.156            0.000        0.000        0.000        4182639                     3549033                     0                           0                           
GPU 7           72.565            0.000        0.000        0.000        2379674                     1947922                     0                           0                           
GPU 0           443.686           0.700        0.090        0.469        12327718                    86761000                    0                           0                           
GPU 1           71.393            0.000        0.000        0.000        268832                      3990129                     0                           0                           
GPU 2           70.173            0.000        0.000        0.000        744565                      4398827                     0                           0                           
GPU 3           70.028            0.000        0.000        0.000        3955777                     323345                      0                           0                           
GPU 4           70.695            0.000        0.000        0.000        1275517                     984454                      0                           0                           
GPU 5           71.999            0.000        0.000        0.000        3138856                     1194726                     0                           0                           
GPU 6           72.164            0.000        0.000        0.000        4182639                     3549033                     0                           0                           
GPU 7           72.521            0.000        0.000        0.000        2379674                     1459284                     0                           0                           
GPU 0           477.191           0.694        0.097        0.434        14399339                    83566404                    0                           0                           
GPU 1           71.313            0.000        0.000        0.000        4557750                     70745                       0                           0                           
GPU 2           70.117            0.000        0.000        0.000        1864852                     1498433                     0                           0                           
GPU 3           70.010            0.000        0.000        0.000        514104                      3847127                     0                           0                           
GPU 4           70.785            0.000        0.000        0.000        1728459                     1368760                     0                           0                           
GPU 5           72.049            0.000        0.000        0.000        2419112                     2641623                     0                           0                           
GPU 6           72.192            0.000        0.000        0.000        4381661                     337507                      0                           0                           
GPU 7           72.561            0.000        0.000        0.000        1791787                     3437281                     0                           0                           
GPU 0           485.096           0.757        0.143        0.426        14399339                    87168957                    0                           0                           
GPU 1           71.313            0.000        0.000        0.000        3583961                     3887477                     0                           0                           
GPU 2           70.107            0.000        0.000        0.000        2760660                     2302976                     0                           0                           
GPU 3           70.008            0.000        0.000        0.000        4502727                     465468                      0                           0                           
GPU 4           70.796            0.000        0.000        0.000        3064727                     2574417                     0                           0                           
GPU 5           72.042            0.000        0.000        0.000        2207451                     1966937                     0                           0                           
GPU 6           72.143            0.000        0.000        0.000        4381661                     3746053                     0                           0                           
GPU 7           72.548            0.000        0.000        0.000        4057239                     303450                      0                           0                           
GPU 0           449.811           0.698        0.098        0.459        13399714                    91959517                    0                           0                           
GPU 1           71.349            0.000        0.000        0.000        550244                      3002719                     0                           0                           
GPU 2           70.028            0.000        0.000        0.000        3542288                     2981095                     0                           0                           
GPU 3           70.082            0.000        0.000        0.000        707493                      3773934                     0                           0                           
GPU 4           70.784            0.000        0.000        0.000        2397229                     1962846                     0                           0                           
GPU 5           71.999            0.000        0.000        0.000        4131452                     1812290                     0                           0                           
GPU 6           72.182            0.000        0.000        0.000        4245605                     425776                      0                           0                           
GPU 7           72.522            0.000        0.000        0.000        498937                      3703354                     0                           0                           
GPU 0           462.759           0.735        0.116        0.459        15489061                    88165391                    0                           0                           
GPU 1           71.327            0.000        0.000        0.000        3906208                     358095                      0                           0                           
GPU 2           70.047            0.000        0.000        0.000        507297                      323874                      0                           0                           
GPU 3           69.980            0.000        0.000        0.000        4385357                     1264312                     0                           0                           
GPU 4           70.744            0.000        0.000        0.000        2263225                     1879032                     0                           0                           
GPU 5           72.068            0.000        0.000        0.000        490197                      3504267                     0                           0                           
GPU 6           72.098            0.000        0.000        0.000        1590577                     3640505                     0                           0                           
GPU 7           72.556            0.000        0.000        0.000        4336733                     423074                      0                           0                           
GPU 0           441.377           0.629        0.097        0.402        13404652                    90736987                    0                           0                           
GPU 1           71.372            0.000        0.000        0.000        528235                      3293049                     0                           0                           
GPU 2           70.141            0.000        0.000        0.000        4455118                     3805347                     0                           0                           
GPU 3           70.114            0.000        0.000        0.000        1610633                     2619117                     0                           0                           
GPU 4           70.751            0.000        0.000        0.000        4167941                     3535022                     0                           0                           
GPU 5           72.061            0.000        0.000        0.000        4876369                     287258                      0                           0                           
GPU 6           72.146            0.000        0.000        0.000        2984906                     1245996                     0                           0                           
GPU 7           72.561            0.000        0.000        0.000        659279                      3554335                     0                           0                           
#Entity         POWER             SMACT        TENSO        DRAMA        PCITX                       PCIRX                       NVLTX                       NVLRX                       
ID               W                                                                                                                                                                       
GPU 0           464.020           0.709        0.092        0.480        16166337                    89244393                    0                           0                           
GPU 1           71.341            0.000        0.000        0.000        4258514                     326479                      0                           0                           
GPU 2           70.130            0.000        0.000        0.000        275148                      93288                       0                           0                           
GPU 3           69.953            0.000        0.000        0.000        3101831                     2955292                     0                           0                           
GPU 4           70.715            0.000        0.000        0.000        855040                      616387                      0                           0                           
GPU 5           72.003            0.000        0.000        0.000        686455                      4168932                     0                           0                           
GPU 6           72.142            0.000        0.000        0.000        2423910                     2507414                     0                           0                           
GPU 7           72.599            0.000        0.000        0.000        4168075                     904730                      0                           0                           
GPU 0           438.277           0.678        0.104        0.432        11820040                    92725469                    0                           0                           
GPU 1           71.335            0.000        0.000        0.000        519858                      3598722                     0                           0                           
GPU 2           70.047            0.000        0.000        0.000        4528245                     3886818                     0                           0                           
GPU 3           70.004            0.000        0.000        0.000        3525213                     355742                      0                           0                           
GPU 4           70.657            0.000        0.000        0.000        4286328                     3652783                     0                           0                           
GPU 5           72.033            0.000        0.000        0.000        4259879                     441043                      0                           0                           
GPU 6           72.164            0.000        0.000        0.000        2176233                     1982723                     0                           0                           
GPU 7           72.494            0.000        0.000        0.000        1204401                     2741994                     0                           0                           
GPU 0           488.919           0.746        0.151        0.399        17326327                    80581221                    0                           0                           
GPU 1           71.315            0.000        0.000        0.000        4565808                     314954                      0                           0                           
GPU 2           70.118            0.000        0.000        0.000        761871                      514551                      0                           0                           
GPU 3           70.030            0.000        0.000        0.000        544385                      3564604                     0                           0                           
GPU 4           70.726            0.000        0.000        0.000        1199635                     898535                      0                           0                           
GPU 5           72.097            0.000        0.000        0.000        1728790                     3622876                     0                           0                           
GPU 6           72.181            0.000        0.000        0.000        4151881                     1794658                     0                           0                           
GPU 7           72.552            0.000        0.000        0.000        3254546                     1980963                     0                           0                           
GPU 0           503.219           0.726        0.124        0.434        17326327                    91300627                    0                           0                           
GPU 1           71.315            0.000        0.000        0.000        2128385                     3914448                     0                           0                           
GPU 2           70.075            0.000        0.000        0.000        3953069                     3375619                     0                           0                           
GPU 3           70.102            0.000        0.000        0.000        4195563                     314932                      0                           0                           
GPU 4           70.727            0.000        0.000        0.000        3677168                     3123409                     0                           0                           
GPU 5           72.040            0.000        0.000        0.000        2779425                     1358641                     0                           0                           
GPU 6           72.097            0.000        0.000        0.000        4151881                     3541464                     0                           0                           
GPU 7           72.469            0.000        0.000        0.000        2421701                     1760900                     0                           0                           
GPU 0           475.248           0.759        0.133        0.448        12665924                    87838884                    0                           0                           
GPU 1           71.417            0.000        0.000        0.000        2491854                     1711440                     0                           0                           
GPU 2           70.096            0.000        0.000        0.000        3307613                     2776299                     0                           0                           
GPU 3           69.955            0.000        0.000        0.000        509341                      3966086                     0                           0                           
GPU 4           70.700            0.000        0.000        0.000        3516931                     2949628                     0                           0                           
GPU 5           72.070            0.000        0.000        0.000        3011631                     2319855                     0                           0                           
GPU 6           72.185            0.000        0.000        0.000        5530322                     229720                      0                           0                           
GPU 7           72.537            0.000        0.000        0.000        2137188                     3560938                     0                           0                           
GPU 0           465.356           0.700        0.110        0.440        16165021                    88290604                    0                           0                           
GPU 1           71.338            0.000        0.000        0.000        3698534                     2066160                     0                           0                           
GPU 2           70.072            0.000        0.000        0.000        512026                      322309                      0                           0                           
GPU 3           70.091            0.000        0.000        0.000        4606927                     893396                      0                           0                           
GPU 4           70.700            0.000        0.000        0.000        540329                      345370                      0                           0                           
GPU 5           71.961            0.000        0.000        0.000        1714946                     2499125                     0                           0                           
GPU 6           72.137            0.000        0.000        0.000        1145092                     4782202                     0                           0                           
GPU 7           72.535            0.000        0.000        0.000        4180892                     244406                      0                           0                           
GPU 0           450.260           0.675        0.111        0.413        13262327                    89048057                    0                           0                           
GPU 1           71.383            0.000        0.000        0.000        558980                      3113337                     0                           0                           
GPU 2           70.015            0.000        0.000        0.000        4596522                     3954549                     0                           0                           
GPU 3           70.022            0.000        0.000        0.000        1179842                     3273047                     0                           0                           
GPU 4           70.686            0.000        0.000        0.000        4498635                     3846689                     0                           0                           
GPU 5           72.032            0.000        0.000        0.000        4485571                     1377511                     0                           0                           
GPU 6           72.168            0.000        0.000        0.000        3761082                     853797                      0                           0                           
GPU 7           72.520            0.000        0.000        0.000        439265                      4311428                     0                           0                           
GPU 0           456.391           0.729        0.108        0.467        16360143                    88933941                    0                           0                           
GPU 1           71.483            0.000        0.000        0.000        4271185                     359261                      0                           0                           
GPU 2           70.100            0.000        0.000        0.000        752290                      507879                      0                           0                           
GPU 3           70.057            0.000        0.000        0.000        3536402                     2969564                     0                           0                           
GPU 4           70.799            0.000        0.000        0.000        714050                      476033                      0                           0                           
GPU 5           72.012            0.000        0.000        0.000        1970570                     3839460                     0                           0                           
GPU 6           72.163            0.000        0.000        0.000        2489310                     2037740                     0                           0                           
GPU 7           72.564            0.000        0.000        0.000        1110585                     819291                      0                           0                           
GPU 0           478.567           0.671        0.096        0.437        13026007                    91548991                    0                           0                           
GPU 1           71.338            0.000        0.000        0.000        525099                      3616700                     0                           0                           
GPU 2           70.129            0.000        0.000        0.000        4351334                     3732377                     0                           0                           
GPU 3           69.996            0.000        0.000        0.000        509903                      326485                      0                           0                           
GPU 4           70.749            0.000        0.000        0.000        4325173                     1243789                     0                           0                           
GPU 5           72.069            0.000        0.000        0.000        1672693                     1341508                     0                           0                           
GPU 6           72.131            0.000        0.000        0.000        1795852                     1464516                     0                           0                           
GPU 7           72.508            0.000        0.000        0.000        2413332                     3039066                     0                           0                           
GPU 0           464.129           0.745        0.121        0.456        17431970                    89054407                    0                           0                           
GPU 1           71.354            0.000        0.000        0.000        4496311                     330152                      0                           0                           
GPU 2           70.211            0.000        0.000        0.000        1623333                     1277004                     0                           0                           
GPU 3           69.903            0.000        0.000        0.000        4218463                     3572935                     0                           0                           
GPU 4           70.766            0.000        0.000        0.000        1589674                     2551686                     0                           0                           
GPU 5           72.016            0.000        0.000        0.000        4162394                     3517834                     0                           0                           
GPU 6           72.187            0.000        0.000        0.000        3976152                     3362542                     0                           0                           
GPU 7           72.507            0.000        0.000        0.000        1846514                     1974425                     0                           0                           
GPU 0           486.531           0.750        0.105        0.473        16371205                    91530633                    0                           0                           
GPU 1           71.363            0.000        0.000        0.000        745036                      498292                      0                           0                           
GPU 2           70.146            0.000        0.000        0.000        3432021                     2944377                     0                           0                           
GPU 3           70.005            0.000        0.000        0.000        453599                      269205                      0                           0                           
GPU 4           70.639            0.000        0.000        0.000        3043157                     1956374                     0                           0                           
GPU 5           71.985            0.000        0.000        0.000        1737117                     1376200                     0                           0                           
GPU 6           72.181            0.000        0.000        0.000        604791                      396206                      0                           0                           
GPU 7           72.531            0.000        0.000        0.000        4043805                     1495379                     0                           0                           
GPU 0           494.894           0.750        0.115        0.399        11996533                    77865383                    0                           0                           
GPU 1           71.452            0.000        0.000        0.000        4407242                     3755676                     0                           0                           
GPU 2           70.140            0.000        0.000        0.000        3511242                     348805                      0                           0                           
GPU 3           69.975            0.000        0.000        0.000        4955259                     4249528                     0                           0                           
GPU 4           70.749            0.000        0.000        0.000        2395025                     1847867                     0                           0                           
GPU 5           71.992            0.000        0.000        0.000        2223960                     1818365                     0                           0                           
GPU 6           72.219            0.000        0.000        0.000        4397852                     3763748                     0                           0                           
GPU 7           72.506            0.000        0.000        0.000        509921                      3421278                     0                           0                           
GPU 0           443.816           0.683        0.143        0.427        15266908                    85804141                    0                           0                           
GPU 1           71.353            0.000        0.000        0.000        3578459                     2994132                     0                           0                           
GPU 2           70.096            0.000        0.000        0.000        540385                      3564953                     0                           0                           
GPU 3           69.954            0.000        0.000        0.000        1148136                     861211                      0                           0                           
GPU 4           70.757            0.000        0.000        0.000        2247207                     3499638                     0                           0                           
GPU 5           72.072            0.000        0.000        0.000        4113779                     3470248                     0                           0                           
GPU 6           72.137            0.000        0.000        0.000        204865                      20486                       0                           0                           
GPU 7           72.550            0.000        0.000        0.000        4364150                     316014                      0                           0                           
GPU 0           439.693           0.715        0.092        0.456        12930312                    83317229                    0                           0                           
GPU 1           71.441            0.000        0.000        0.000        4281465                     3624834                     0                           0                           
GPU 2           70.136            0.000        0.000        0.000        511506                      329125                      0                           0                           
GPU 3           70.039            0.000        0.000        0.000        3749695                     2982689                     0                           0                           
GPU 4           70.711            0.000        0.000        0.000        474525                      280618                      0                           0                           
GPU 5           72.042            0.000        0.000        0.000        463755                      268995                      0                           0                           
GPU 6           72.158            0.000        0.000        0.000        1201548                     899493                      0                           0                           
GPU 7           72.558            0.000        0.000        0.000        1152578                     860597                      0                           0                           
#Entity         POWER             SMACT        TENSO        DRAMA        PCITX                       PCIRX                       NVLTX                       NVLRX                       
ID               W                                                                                                                                                                       
GPU 0           458.044           0.650        0.087        0.415        15659926                    86515801                    0                           0                           
GPU 1           71.316            0.000        0.000        0.000        526674                      328057                      0                           0                           
GPU 2           70.002            0.000        0.000        0.000        4438199                     3787326                     0                           0                           
GPU 3           69.997            0.000        0.000        0.000        3550841                     318107                      0                           0                           
GPU 4           70.745            0.000        0.000        0.000        4944221                     4253788                     0                           0                           
GPU 5           71.917            0.000        0.000        0.000        4393575                     3740094                     0                           0                           
GPU 6           72.209            0.000        0.000        0.000        3618427                     3065240                     0                           0                           
GPU 7           72.511            0.000        0.000        0.000        3318849                     2804899                     0                           0                           
GPU 0           446.805           0.707        0.093        0.455        12680219                    83297059                    0                           0                           
GPU 1           71.336            0.000        0.000        0.000        4261365                     3607383                     0                           0                           
GPU 2           70.119            0.000        0.000        0.000        369236                      178186                      0                           0                           
GPU 3           69.918            0.000        0.000        0.000        508343                      3594486                     0                           0                           
GPU 4           70.761            0.000        0.000        0.000        700841                      458334                      0                           0                           
GPU 5           72.043            0.000        0.000        0.000        1216656                     907490                      0                           0                           
GPU 6           72.144            0.000        0.000        0.000        1700394                     1342592                     0                           0                           
GPU 7           72.518            0.000        0.000        0.000        2706050                     2236779                     0                           0                           
GPU 0           446.805           0.690        0.093        0.442        12680219                    85641723                    0                           0                           
GPU 1           71.336            0.000        0.000        0.000        490705                      3607383                     0                           0                           
GPU 2           70.172            0.000        0.000        0.000        369236                      4169685                     0                           0                           
GPU 3           69.918            0.000        0.000        0.000        4232260                     277760                      0                           0                           
GPU 4           70.727            0.000        0.000        0.000        700841                      458334                      0                           0                           
GPU 5           72.052            0.000        0.000        0.000        3658375                     907490                      0                           0                           
GPU 6           72.227            0.000        0.000        0.000        1700394                     1342592                     0                           0                           
GPU 7           72.498            0.000        0.000        0.000        2706050                     1277673                     0                           0                           
GPU 0           481.163           0.702        0.090        0.459        13114491                    88311372                    0                           0                           
GPU 1           71.398            0.000        0.000        0.000        5035681                     285847                      0                           0                           
GPU 2           70.067            0.000        0.000        0.000        3002093                     2500199                     0                           0                           
GPU 3           70.054            0.000        0.000        0.000        472192                      3846514                     0                           0                           
GPU 4           70.692            0.000        0.000        0.000        1890712                     1506522                     0                           0                           
GPU 5           72.024            0.000        0.000        0.000        2199042                     3087755                     0                           0                           
GPU 6           72.145            0.000        0.000        0.000        3538855                     2274443                     0                           0                           
GPU 7           72.462            0.000        0.000        0.000        1595782                     3489321                     0                           0                           
GPU 0           470.706           0.748        0.127        0.451        15965942                    88465903                    0                           0                           
GPU 1           71.322            0.000        0.000        0.000        1818925                     4323535                     0                           0                           
GPU 2           70.077            0.000        0.000        0.000        1025241                     787437                      0                           0                           
GPU 3           70.032            0.000        0.000        0.000        4492142                     465886                      0                           0                           
GPU 4           70.756            0.000        0.000        0.000        2243012                     1852581                     0                           0                           
GPU 5           72.042            0.000        0.000        0.000        2223424                     1827264                     0                           0                           
GPU 6           72.154            0.000        0.000        0.000        1090067                     2981798                     0                           0                           
GPU 7           72.560            0.000        0.000        0.000        4096114                     255221                      0                           0                           
GPU 0           501.845           0.736        0.114        0.463        11948980                    90189899                    0                           0                           
GPU 1           71.357            0.000        0.000        0.000        2633361                     1441602                     0                           0                           
GPU 2           70.116            0.000        0.000        0.000        3533995                     2968870                     0                           0                           
GPU 3           70.053            0.000        0.000        0.000        709309                      3776131                     0                           0                           
GPU 4           70.710            0.000        0.000        0.000        4157274                     3516082                     0                           0                           
GPU 5           72.101            0.000        0.000        0.000        4112311                     3464047                     0                           0                           
GPU 6           72.218            0.000        0.000        0.000        4388590                     838513                      0                           0                           
GPU 7           72.562            0.000        0.000        0.000        454890                      3735340                     0                           0                           
GPU 0           487.998           0.784        0.184        0.372        16611910                    78081390                    0                           0                           
GPU 1           71.306            0.000        0.000        0.000        3910323                     2183725                     0                           0                           
GPU 2           70.143            0.000        0.000        0.000        507307                      317591                      0                           0                           
GPU 3           70.015            0.000        0.000        0.000        4394424                     1261444                     0                           0                           
GPU 4           70.710            0.000        0.000        0.000        501536                      308153                      0                           0                           
GPU 5           71.993            0.000        0.000        0.000        485431                      288209                      0                           0                           
GPU 6           72.097            0.000        0.000        0.000        661221                      3751393                     0                           0                           
GPU 7           72.507            0.000        0.000        0.000        4368902                     826722                      0                           0                           
GPU 0           483.899           0.725        0.107        0.446        13691578                    92301841                    0                           0                           
GPU 1           71.358            0.000        0.000        0.000        519781                      3293931                     0                           0                           
GPU 2           70.032            0.000        0.000        0.000        330164                      3780769                     0                           0                           
GPU 3           70.033            0.000        0.000        0.000        1609007                     2354887                     0                           0                           
GPU 4           70.751            0.000        0.000        0.000        4439656                     553778                      0                           0                           
GPU 5           72.019            0.000        0.000        0.000        4881961                     4177384                     0                           0                           
GPU 6           72.118            0.000        0.000        0.000        4220994                     424072                      0                           0                           
GPU 7           72.539            0.000        0.000        0.000        3585195                     3045000                     0                           0                           
GPU 0           482.525           0.746        0.113        0.488        16768381                    91112983                    0                           0                           
GPU 1           71.458            0.000        0.000        0.000        4253655                     3592313                     0                           0                           
GPU 2           70.046            0.000        0.000        0.000        4916348                     146739                      0                           0                           
GPU 3           70.016            0.000        0.000        0.000        2811398                     3560471                     0                           0                           
GPU 4           70.717            0.000        0.000        0.000        4098771                     3490273                     0                           0                           
GPU 5           71.962            0.000        0.000        0.000        1699621                     1335940                     0                           0                           
GPU 6           72.142            0.000        0.000        0.000        1572682                     2839852                     0                           0                           
GPU 7           72.512            0.000        0.000        0.000        2268314                     1853432                     0                           0                           
GPU 0           485.369           0.728        0.119        0.459        14359847                    93191036                    0                           0                           
GPU 1           71.429            0.000        0.000        0.000        491185                      296807                      0                           0                           
GPU 2           70.058            0.000        0.000        0.000        1174792                     4238211                     0                           0                           
GPU 3           69.978            0.000        0.000        0.000        4200350                     325447                      0                           0                           
GPU 4           70.639            0.000        0.000        0.000        1743744                     1385466                     0                           0                           
GPU 5           72.065            0.000        0.000        0.000        2196759                     1802160                     0                           0                           
GPU 6           72.143            0.000        0.000        0.000        3350174                     1849506                     0                           0                           
GPU 7           72.571            0.000        0.000        0.000        2059011                     1692163                     0                           0                           
GPU 0           453.807           0.724        0.121        0.441        15549061                    89343466                    0                           0                           
GPU 1           71.284            0.000        0.000        0.000        5205460                     4490437                     0                           0                           
GPU 2           70.021            0.000        0.000        0.000        3835078                     882623                      0                           0                           
GPU 3           69.993            0.000        0.000        0.000        509920                      3920394                     0                           0                           
GPU 4           70.677            0.000        0.000        0.000        3156667                     2666950                     0                           0                           
GPU 5           72.017            0.000        0.000        0.000        4292992                     3651636                     0                           0                           
GPU 6           72.121            0.000        0.000        0.000        2264954                     1859446                     0                           0                           
GPU 7           72.516            0.000        0.000        0.000        4187488                     3564945                     0                           0                           
GPU 0           438.965           0.735        0.089        0.448        15436080                    89778142                    0                           0                           
GPU 1           71.377            0.000        0.000        0.000        3320476                     2765383                     0                           0                           
GPU 2           70.106            0.000        0.000        0.000        3543154                     3274898                     0                           0                           
GPU 3           70.120            0.000        0.000        0.000        4571260                     469918                      0                           0                           
GPU 4           70.667            0.000        0.000        0.000        2401318                     1960569                     0                           0                           
GPU 5           72.008            0.000        0.000        0.000        454939                      252955                      0                           0                           
GPU 6           72.149            0.000        0.000        0.000        2243075                     3537129                     0                           0                           
GPU 7           72.542            0.000        0.000        0.000        506774                      315489                      0                           0                           
GPU 0           438.965           0.663        0.109        0.445        12494580                    91172311                    0                           0                           
GPU 1           71.342            0.000        0.000        0.000        538614                      2765383                     0                           0                           
GPU 2           70.076            0.000        0.000        0.000        506792                      2975411                     0                           0                           
GPU 3           70.033            0.000        0.000        0.000        708370                      3706899                     0                           0                           
GPU 4           70.679            0.000        0.000        0.000        2247793                     1849489                     0                           0                           
GPU 5           72.027            0.000        0.000        0.000        4878330                     4165039                     0                           0                           
GPU 6           72.225            0.000        0.000        0.000        4156336                     249177                      0                           0                           
GPU 7           72.542            0.000        0.000        0.000        4345715                     3711572                     0                           0                           
GPU 0           486.320           0.693        0.096        0.430        18012045                    87293840                    0                           0                           
GPU 1           71.283            0.000        0.000        0.000        3878454                     3259597                     0                           0                           
GPU 2           70.154            0.000        0.000        0.000        4440295                     314976                      0                           0                           
GPU 3           69.946            0.000        0.000        0.000        1742675                     1372988                     0                           0                           
GPU 4           70.727            0.000        0.000        0.000        4144260                     3498619                     0                           0                           
GPU 5           72.019            0.000        0.000        0.000        1466522                     1134889                     0                           0                           
GPU 6           72.138            0.000        0.000        0.000        440229                      4157602                     0                           0                           
GPU 7           72.534            0.000        0.000        0.000        204867                      20963                       0                           0                           
#Entity         POWER             SMACT        TENSO        DRAMA        PCITX                       PCIRX                       NVLTX                       NVLRX                       
ID               W                                                                                                                                                                       
GPU 0           486.320           0.746        0.118        0.500        12201438                    95454831                    0                           0                           
GPU 1           71.410            0.000        0.000        0.000        525628                      3259597                     0                           0                           
GPU 2           70.053            0.000        0.000        0.000        275141                      3802523                     0                           0                           
GPU 3           69.946            0.000        0.000        0.000        3094828                     2606876                     0                           0                           
GPU 4           70.776            0.000        0.000        0.000        4144260                     632927                      0                           0                           
GPU 5           72.007            0.000        0.000        0.000        2947415                     2463555                     0                           0                           
GPU 6           72.154            0.000        0.000        0.000        4835883                     4157602                     0                           0                           
GPU 7           72.534            0.000        0.000        0.000        4793481                     4119261                     0                           0                           
GPU 0           481.947           0.695        0.120        0.416        16781082                    88619869                    0                           0                           
GPU 1           71.392            0.000        0.000        0.000        4449463                     3798705                     0                           0                           
GPU 2           70.102            0.000        0.000        0.000        4626545                     92761                       0                           0                           
GPU 3           69.951            0.000        0.000        0.000        3950726                     3342372                     0                           0                           
GPU 4           70.672            0.000        0.000        0.000        4456876                     3839644                     0                           0                           
GPU 5           72.053            0.000        0.000        0.000        3057624                     2548806                     0                           0                           
GPU 6           72.163            0.000        0.000        0.000        1075167                     3576094                     0                           0                           
GPU 7           72.516            0.000        0.000        0.000        1537964                     1204167                     0                           0                           
GPU 0           493.774           0.718        0.130        0.434        15593670                    90673176                    0                           0                           
GPU 1           71.391            0.000        0.000        0.000        463535                      262971                      0                           0                           
GPU 2           70.119            0.000        0.000        0.000        3382920                     3982980                     0                           0                           
GPU 3           69.962            0.000        0.000        0.000        545016                      342207                      0                           0                           
GPU 4           70.741            0.000        0.000        0.000        2385171                     1961105                     0                           0                           
GPU 5           72.047            0.000        0.000        0.000        1714632                     1378728                     0                           0                           
GPU 6           72.140            0.000        0.000        0.000        4164358                     2049527                     0                           0                           
GPU 7           72.567            0.000        0.000        0.000        3004646                     2532987                     0                           0                           
GPU 0           486.437           0.769        0.142        0.462        14219201                    91292710                    0                           0                           
GPU 1           71.361            0.000        0.000        0.000        5198122                     4478409                     0                           0                           
GPU 2           70.143            0.000        0.000        0.000        588285                      2845571                     0                           0                           
GPU 3           70.051            0.000        0.000        0.000        4386349                     3736519                     0                           0                           
GPU 4           70.804            0.000        0.000        0.000        1908211                     1559993                     0                           0                           
GPU 5           72.012            0.000        0.000        0.000        4295820                     3653910                     0                           0                           
GPU 6           72.143            0.000        0.000        0.000        2491925                     1417628                     0                           0                           
GPU 7           72.516            0.000        0.000        0.000        3035441                     2531281                     0                           0                           
GPU 0           481.402           0.768        0.111        0.438        15365293                    83168615                    0                           0                           
GPU 1           71.365            0.000        0.000        0.000        3195794                     2678737                     0                           0                           
GPU 2           70.053            0.000        0.000        0.000        3956858                     398304                      0                           0                           
GPU 3           70.068            0.000        0.000        0.000        466392                      262971                      0                           0                           
GPU 4           70.665            0.000        0.000        0.000        4293128                     3660059                     0                           0                           
GPU 5           71.954            0.000        0.000        0.000        900887                      643241                      0                           0                           
GPU 6           72.156            0.000        0.000        0.000        1751990                     3793110                     0                           0                           
GPU 7           72.532            0.000        0.000        0.000        1649796                     1331681                     0                           0                           
GPU 0           481.402           0.687        0.145        0.425        13310879                    90070130                    0                           0                           
GPU 1           71.432            0.000        0.000        0.000        1219310                     2678737                     0                           0                           
GPU 2           70.043            0.000        0.000        0.000        508875                      3358445                     0                           0                           
GPU 3           70.068            0.000        0.000        0.000        5143871                     4445716                     0                           0                           
GPU 4           70.684            0.000        0.000        0.000        4293128                     323358                      0                           0                           
GPU 5           72.038            0.000        0.000        0.000        4427270                     3808942                     0                           0                           
GPU 6           72.160            0.000        0.000        0.000        4428789                     3793110                     0                           0                           
GPU 7           72.532            0.000        0.000        0.000        4455281                     3826972                     0                           0                           
GPU 0           455.949           0.786        0.122        0.447        16843918                    85855752                    0                           0                           
GPU 1           71.356            0.000        0.000        0.000        3723788                     3151771                     0                           0                           
GPU 2           70.215            0.000        0.000        0.000        4390980                     328594                      0                           0                           
GPU 3           69.998            0.000        0.000        0.000        1573348                     1234014                     0                           0                           
GPU 4           70.687            0.000        0.000        0.000        4588630                     3952499                     0                           0                           
GPU 5           72.013            0.000        0.000        0.000        1965871                     1573341                     0                           0                           
GPU 6           72.134            0.000        0.000        0.000        277241                      3849245                     0                           0                           
GPU 7           72.507            0.000        0.000        0.000        690915                      459882                      0                           0                           
GPU 0           475.420           0.728        0.104        0.425        12337328                    91835669                    0                           0                           
GPU 1           71.285            0.000        0.000        0.000        593493                      401558                      0                           0                           
GPU 2           70.099            0.000        0.000        0.000        460137                      266754                      0                           0                           
GPU 3           69.976            0.000        0.000        0.000        3514652                     3063572                     0                           0                           
GPU 4           70.709            0.000        0.000        0.000        704653                      461669                      0                           0                           
GPU 5           72.015            0.000        0.000        0.000        2276907                     1884319                     0                           0                           
GPU 6           72.122            0.000        0.000        0.000        4489650                     1132813                     0                           0                           
GPU 7           72.558            0.000        0.000        0.000        1197281                     3720270                     0                           0                           
GPU 0           467.436           0.671        0.143        0.421        16676904                    87737529                    0                           0                           
GPU 1           71.369            0.000        0.000        0.000        4249096                     3583537                     0                           0                           
GPU 2           70.132            0.000        0.000        0.000        4485010                     3829920                     0                           0                           
GPU 3           69.945            0.000        0.000        0.000        517774                      2937320                     0                           0                           
GPU 4           70.741            0.000        0.000        0.000        4286810                     3652698                     0                           0                           
GPU 5           71.974            0.000        0.000        0.000        4183570                     3533212                     0                           0                           
GPU 6           72.152            0.000        0.000        0.000        1464191                     2591100                     0                           0                           
GPU 7           72.520            0.000        0.000        0.000        3614429                     896174                      0                           0                           
GPU 0           457.068           0.752        0.094        0.451        16203380                    87051724                    0                           0                           
GPU 1           71.319            0.000        0.000        0.000        520897                      321237                      0                           0                           
GPU 2           70.076            0.000        0.000        0.000        3357900                     2824586                     0                           0                           
GPU 3           69.979            0.000        0.000        0.000        4573035                     322298                      0                           0                           
GPU 4           70.667            0.000        0.000        0.000        1939081                     1558925                     0                           0                           
GPU 5           71.992            0.000        0.000        0.000        458664                      256242                      0                           0                           
GPU 6           72.100            0.000        0.000        0.000        3065650                     2025174                     0                           0                           
GPU 7           72.560            0.000        0.000        0.000        2273019                     3068218                     0                           0                           
GPU 0           457.068           0.681        0.097        0.451        13139257                    93278603                    0                           0                           
GPU 1           71.304            0.000        0.000        0.000        4634832                     321237                      0                           0                           
GPU 2           70.097            0.000        0.000        0.000        571833                      2824586                     0                           0                           
GPU 3           69.979            0.000        0.000        0.000        4573035                     3932621                     0                           0                           
GPU 4           70.798            0.000        0.000        0.000        1939081                     2140578                     0                           0                           
GPU 5           72.022            0.000        0.000        0.000        5030617                     4338747                     0                           0                           
GPU 6           72.127            0.000        0.000        0.000        2463744                     2025174                     0                           0                           
GPU 7           72.560            0.000        0.000        0.000        2189561                     1855671                     0                           0                           
GPU 0           466.705           0.707        0.125        0.469        16184107                    89834417                    0                           0                           
GPU 1           71.377            0.000        0.000        0.000        741439                      3793427                     0                           0                           
GPU 2           70.164            0.000        0.000        0.000        3822439                     388404                      0                           0                           
GPU 3           69.956            0.000        0.000        0.000        265167                      69698                       0                           0                           
GPU 4           70.657            0.000        0.000        0.000        4136404                     3494955                     0                           0                           
GPU 5           72.014            0.000        0.000        0.000        1134101                     832344                      0                           0                           
GPU 6           72.128            0.000        0.000        0.000        2244368                     3499190                     0                           0                           
GPU 7           72.547            0.000        0.000        0.000        4083568                     1814852                     0                           0                           
GPU 0           466.705           0.752        0.102        0.454        12826955                    91495820                    0                           0                           
GPU 1           71.358            0.000        0.000        0.000        4438088                     3793427                     0                           0                           
GPU 2           70.118            0.000        0.000        0.000        546775                      3216890                     0                           0                           
GPU 3           69.956            0.000        0.000        0.000        4485358                     3821908                     0                           0                           
GPU 4           70.712            0.000        0.000        0.000        4136404                     310783                      0                           0                           
GPU 5           72.022            0.000        0.000        0.000        3672020                     3109602                     0                           0                           
GPU 6           72.215            0.000        0.000        0.000        831613                      3499190                     0                           0                           
GPU 7           72.526            0.000        0.000        0.000        433084                      3466290                     0                           0                           
GPU 0           467.382           0.703        0.103        0.453        17655835                    87126524                    0                           0                           
GPU 1           71.407            0.000        0.000        0.000        3454289                     354019                      0                           0                           
GPU 2           70.115            0.000        0.000        0.000        4351421                     353453                      0                           0                           
GPU 3           69.999            0.000        0.000        0.000        1671757                     1325876                     0                           0                           
GPU 4           70.710            0.000        0.000        0.000        4535598                     3900531                     0                           0                           
GPU 5           72.021            0.000        0.000        0.000        2286681                     1864122                     0                           0                           
GPU 6           72.179            0.000        0.000        0.000        4366500                     3751533                     0                           0                           
GPU 7           72.510            0.000        0.000        0.000        4958605                     234885                      0                           0                           
#Entity         POWER             SMACT        TENSO        DRAMA        PCITX                       PCIRX                       NVLTX                       NVLRX                       
ID               W                                                                                                                                                                       
GPU 0           488.619           0.724        0.114        0.473        12638082                    94621928                    0                           0                           
GPU 1           71.354            0.000        0.000        0.000        554902                      3778497                     0                           0                           
GPU 2           69.925            0.000        0.000        0.000        449270                      3703136                     0                           0                           
GPU 3           69.982            0.000        0.000        0.000        3182850                     3383850                     0                           0                           
GPU 4           70.687            0.000        0.000        0.000        713191                      479537                      0                           0                           
GPU 5           72.101            0.000        0.000        0.000        2302295                     1901987                     0                           0                           
GPU 6           72.179            0.000        0.000        0.000        2392541                     1965632                     0                           0                           
GPU 7           72.554            0.000        0.000        0.000        1161176                     4279097                     0                           0                           
GPU 0           472.930           0.710        0.119        0.438        17321321                    87163308                    0                           0                           
GPU 1           71.383            0.000        0.000        0.000        4429384                     282971                      0                           0                           
GPU 2           70.097            0.000        0.000        0.000        5165515                     260605                      0                           0                           
GPU 3           69.950            0.000        0.000        0.000        3977917                     366256                      0                           0                           
GPU 4           70.706            0.000        0.000        0.000        4417931                     3796614                     0                           0                           
GPU 5           72.069            0.000        0.000        0.000        4250579                     3605551                     0                           0                           
GPU 6           72.129            0.000        0.000        0.000        1671792                     1356824                     0                           0                           
GPU 7           72.560            0.000        0.000        0.000        3684879                     876887                      0                           0                           
GPU 0           449.369           0.741        0.114        0.454        15746195                    93299566                    0                           0                           
GPU 1           71.355            0.000        0.000        0.000        484720                      4028324                     0                           0                           
GPU 2           70.086            0.000        0.000        0.000        2427154                     4480739                     0                           0                           
GPU 3           70.023            0.000        0.000        0.000        553170                      3701707                     0                           0                           
GPU 4           70.764            0.000        0.000        0.000        2080986                     1680511                     0                           0                           
GPU 5           72.024            0.000        0.000        0.000        486384                      297261                      0                           0                           
GPU 6           72.160            0.000        0.000        0.000        4657899                     3984924                     0                           0                           
GPU 7           72.536            0.000        0.000        0.000        2261095                     3147986                     0                           0                           
GPU 0           449.369           0.731        0.103        0.457        15786161                    90412131                    0                           0                           
GPU 1           71.396            0.000        0.000        0.000        4699101                     4028324                     0                           0                           
GPU 2           70.080            0.000        0.000        0.000        3814326                     1998643                     0                           0                           
GPU 3           70.014            0.000        0.000        0.000        4343113                     324396                      0                           0                           
GPU 4           70.750            0.000        0.000        0.000        2537137                     2117871                     0                           0                           
GPU 5           72.028            0.000        0.000        0.000        4996573                     1662116                     0                           0                           
GPU 6           72.146            0.000        0.000        0.000        489776                      300154                      0                           0                           
GPU 7           72.564            0.000        0.000        0.000        2206378                     1845656                     0                           0                           
GPU 0           482.946           0.724        0.112        0.451        13085230                    87677265                    0                           0                           
GPU 1           71.359            0.000        0.000        0.000        3277793                     755838                      0                           0                           
GPU 2           70.055            0.000        0.000        0.000        510972                      320209                      0                           0                           
GPU 3           70.024            0.000        0.000        0.000        4489165                     3833032                     0                           0                           
GPU 4           70.688            0.000        0.000        0.000        3098957                     2587530                     0                           0                           
GPU 5           72.023            0.000        0.000        0.000        1841119                     1490596                     0                           0                           
GPU 6           72.181            0.000        0.000        0.000        4844302                     4157250                     0                           0                           
GPU 7           72.568            0.000        0.000        0.000        4054157                     3430521                     0                           0                           
GPU 0           494.119           0.783        0.140        0.450        16884741                    90257451                    0                           0                           
GPU 1           71.390            0.000        0.000        0.000        995167                      3040780                     0                           0                           
GPU 2           70.033            0.000        0.000        0.000        4236324                     3607478                     0                           0                           
GPU 3           70.012            0.000        0.000        0.000        696543                      462033                      0                           0                           
GPU 4           70.755            0.000        0.000        0.000        1578531                     1247312                     0                           0                           
GPU 5           72.094            0.000        0.000        0.000        3511596                     2930959                     0                           0                           
GPU 6           72.155            0.000        0.000        0.000        1050984                     767980                      0                           0                           
GPU 7           72.564            0.000        0.000        0.000        481198                      285860                      0                           0                           
GPU 0           494.119           0.783        0.195        0.450        10997863                    90257451                    0                           0                           
GPU 1           71.323            0.000        0.000        0.000        3618896                     3040780                     0                           0                           
GPU 2           70.033            0.000        0.000        0.000        447848                      3607478                     0                           0                           
GPU 3           70.012            0.000        0.000        0.000        696543                      3727830                     0                           0                           
GPU 4           70.755            0.000        0.000        0.000        1578531                     427123                      0                           0                           
GPU 5           72.094            0.000        0.000        0.000        3511596                     858371                      0                           0                           
GPU 6           72.155            0.000        0.000        0.000        3603370                     767980                      0                           0                           
GPU 7           72.564            0.000        0.000        0.000        660323                      285860                      0                           0                           
GPU 0           525.017           0.894        0.391        0.207        11206217                    46384737                    0                           0                           
GPU 1           71.429            0.000        0.000        0.000        556038                      3591257                     0                           0                           
GPU 2           69.979            0.000        0.000        0.000        4989053                     4290306                     0                           0                           
GPU 3           69.987            0.000        0.000        0.000        1775383                     2131210                     0                           0                           
GPU 4           70.784            0.000        0.000        0.000        4291601                     3656886                     0                           0                           
GPU 5           72.083            0.000        0.000        0.000        1125629                     3758000                     0                           0                           
GPU 6           72.170            0.000        0.000        0.000        2202314                     1801997                     0                           0                           
GPU 7           72.561            0.000        0.000        0.000        4189754                     422746                      0                           0                           
GPU 0           442.721           0.789        0.221        0.366        11480570                    68135521                    0                           0                           
GPU 1           71.351            0.000        0.000        0.000        517746                      314944                      0                           0                           
GPU 2           70.023            0.000        0.000        0.000        2902178                     2403095                     0                           0                           
GPU 3           69.989            0.000        0.000        0.000        4191464                     3542149                     0                           0                           
GPU 4           70.683            0.000        0.000        0.000        3238740                     2696531                     0                           0                           
GPU 5           72.061            0.000        0.000        0.000        215799                      20960                       0                           0                           
GPU 6           72.135            0.000        0.000        0.000        4105523                     3472453                     0                           0                           
GPU 7           72.552            0.000        0.000        0.000        2040910                     1641810                     0                           0                           
GPU 0           442.721           0.789        0.103        0.366        16051241                    68135521                    0                           0                           
GPU 1           71.351            0.000        0.000        0.000        517746                      314944                      0                           0                           
GPU 2           70.023            0.000        0.000        0.000        1066183                     2403095                     0                           0                           
GPU 3           70.027            0.000        0.000        0.000        4191464                     3542149                     0                           0                           
GPU 4           70.683            0.000        0.000        0.000        533981                      342982                      0                           0                           
GPU 5           72.061            0.000        0.000        0.000        215799                      4178941                     0                           0                           
GPU 6           72.135            0.000        0.000        0.000        4105523                     249656                      0                           0                           
GPU 7           72.552            0.000        0.000        0.000        2158959                     1641810                     0                           0                           
GPU 0           456.760           0.690        0.099        0.437        15195138                    84300939                    0                           0                           
GPU 1           71.430            0.000        0.000        0.000        3434447                     368563                      0                           0                           
GPU 2           70.052            0.000        0.000        0.000        3938058                     3336344                     0                           0                           
GPU 3           69.939            0.000        0.000        0.000        507301                      316015                      0                           0                           
GPU 4           70.759            0.000        0.000        0.000        4278945                     3649550                     0                           0                           
GPU 5           72.079            0.000        0.000        0.000        2388799                     1947399                     0                           0                           
GPU 6           72.191            0.000        0.000        0.000        443569                      4332527                     0                           0                           
GPU 7           72.551            0.000        0.000        0.000        4240088                     1780001                     0                           0                           
GPU 0           456.760           0.677        0.090        0.444        12465448                    82580324                    0                           0                           
GPU 1           71.336            0.000        0.000        0.000        559541                      368563                      0                           0                           
GPU 2           70.060            0.000        0.000        0.000        547374                      365692                      0                           0                           
GPU 3           69.987            0.000        0.000        0.000        4555517                     3905178                     0                           0                           
GPU 4           70.699            0.000        0.000        0.000        504168                      310781                      0                           0                           
GPU 5           71.989            0.000        0.000        0.000        1718176                     1391728                     0                           0                           
GPU 6           72.097            0.000        0.000        0.000        5004445                     1171001                     0                           0                           
GPU 7           72.570            0.000        0.000        0.000        433086                      3633762                     0                           0                           
GPU 0           463.090           0.675        0.101        0.420        16085023                    83751012                    0                           0                           
GPU 1           71.356            0.000        0.000        0.000        3694930                     359828                      0                           0                           
GPU 2           70.039            0.000        0.000        0.000        4376845                     3736983                     0                           0                           
GPU 3           69.996            0.000        0.000        0.000        741131                      506607                      0                           0                           
GPU 4           70.707            0.000        0.000        0.000        4592117                     3950699                     0                           0                           
GPU 5           72.085            0.000        0.000        0.000        4496945                     3840299                     0                           0                           
GPU 6           72.102            0.000        0.000        0.000        1501139                     2957530                     0                           0                           
GPU 7           72.508            0.000        0.000        0.000        4966958                     238697                      0                           0                           
GPU 0           443.838           0.711        0.099        0.454        12721000                    81246303                    0                           0                           
GPU 1           71.422            0.000        0.000        0.000        557793                      3659025                     0                           0                           
GPU 2           70.041            0.000        0.000        0.000        452143                      261566                      0                           0                           
GPU 3           69.944            0.000        0.000        0.000        4485916                     2759918                     0                           0                           
GPU 4           70.682            0.000        0.000        0.000        702731                      460706                      0                           0                           
GPU 5           72.001            0.000        0.000        0.000        1044691                     755351                      0                           0                           
GPU 6           72.144            0.000        0.000        0.000        2510609                     2066482                     0                           0                           
GPU 7           72.497            0.000        0.000        0.000        1323434                     1015856                     0                           0                           
#Entity         POWER             SMACT        TENSO        DRAMA        PCITX                       PCIRX                       NVLTX                       NVLRX                       
ID               W                                                                                                                                                                       
GPU 0           475.503           0.687        0.095        0.444        16285535                    86653220                    0                           0                           
GPU 1           71.397            0.000        0.000        0.000        4308773                     286598                      0                           0                           
GPU 2           70.094            0.000        0.000        0.000        4962932                     4264755                     0                           0                           
GPU 3           69.967            0.000        0.000        0.000        3292392                     340109                      0                           0                           
GPU 4           70.783            0.000        0.000        0.000        4295677                     3661545                     0                           0                           
GPU 5           72.038            0.000        0.000        0.000        3685228                     3133404                     0                           0                           
GPU 6           72.150            0.000        0.000        0.000        1635644                     1313861                     0                           0                           
GPU 7           72.588            0.000        0.000        0.000        3204471                     2697858                     0                           0                           
GPU 0           471.952           0.704        0.104        0.454        12930993                    88404263                    0                           0                           
GPU 1           71.403            0.000        0.000        0.000        486222                      3945184                     0                           0                           
GPU 2           70.202            0.000        0.000        0.000        708467                      465958                      0                           0                           
GPU 3           69.941            0.000        0.000        0.000        530864                      3596221                     0                           0                           
GPU 4           70.703            0.000        0.000        0.000        1604114                     1263556                     0                           0                           
GPU 5           72.035            0.000        0.000        0.000        2215742                     1785644                     0                           0                           
GPU 6           72.174            0.000        0.000        0.000        4114375                     3490747                     0                           0                           
GPU 7           72.527            0.000        0.000        0.000        1855195                     1480487                     0                           0                           
GPU 0           471.952           0.756        0.104        0.481        12930993                    93425620                    0                           0                           
GPU 1           71.403            0.000        0.000        0.000        2676639                     3945184                     0                           0                           
GPU 2           70.008            0.000        0.000        0.000        708467                      3745803                     0                           0                           
GPU 3           69.941            0.000        0.000        0.000        4228166                     275139                      0                           0                           
GPU 4           70.739            0.000        0.000        0.000        1604114                     1263556                     0                           0                           
GPU 5           72.062            0.000        0.000        0.000        2437114                     1785644                     0                           0                           
GPU 6           72.164            0.000        0.000        0.000        4114375                     3490747                     0                           0                           
GPU 7           72.513            0.000        0.000        0.000        1855195                     2268087                     0                           0                           
GPU 0           478.326           0.703        0.109        0.443        13115489                    91910335                    0                           0                           
GPU 1           71.460            0.000        0.000        0.000        1916993                     2208347                     0                           0                           
GPU 2           70.143            0.000        0.000        0.000        3380830                     2845105                     0                           0                           
GPU 3           70.062            0.000        0.000        0.000        467475                      3997465                     0                           0                           
GPU 4           70.725            0.000        0.000        0.000        3886231                     3289265                     0                           0                           
GPU 5           71.987            0.000        0.000        0.000        3603341                     2028307                     0                           0                           
GPU 6           72.155            0.000        0.000        0.000        4958904                     236313                      0                           0                           
GPU 7           72.545            0.000        0.000        0.000        2700428                     3587731                     0                           0                           
GPU 0           477.936           0.719        0.107        0.459        16935696                    89838046                    0                           0                           
GPU 1           71.368            0.000        0.000        0.000        3423190                     1572843                     0                           0                           
GPU 2           69.985            0.000        0.000        0.000        547835                      359207                      0                           0                           
GPU 3           69.974            0.000        0.000        0.000        4642572                     483575                      0                           0                           
GPU 4           70.757            0.000        0.000        0.000        514638                      324400                      0                           0                           
GPU 5           71.982            0.000        0.000        0.000        1148171                     3024523                     0                           0                           
GPU 6           72.178            0.000        0.000        0.000        1144652                     4264214                     0                           0                           
GPU 7           72.604            0.000        0.000        0.000        4206648                     266403                      0                           0                           
GPU 0           467.280           0.719        0.114        0.445        12486151                    91710786                    0                           0                           
GPU 1           71.334            0.000        0.000        0.000        559147                      2868514                     0                           0                           
GPU 2           70.113            0.000        0.000        0.000        4310733                     3663258                     0                           0                           
GPU 3           69.989            0.000        0.000        0.000        725601                      3846599                     0                           0                           
GPU 4           70.717            0.000        0.000        0.000        4554700                     3901707                     0                           0                           
GPU 5           72.048            0.000        0.000        0.000        4542457                     880910                      0                           0                           
GPU 6           72.123            0.000        0.000        0.000        3733072                     855104                      0                           0                           
GPU 7           72.487            0.000        0.000        0.000        455942                      4774334                     0                           0                           
GPU 0           479.290           0.768        0.155        0.410        16169906                    81272130                    0                           0                           
GPU 1           71.364            0.000        0.000        0.000        4485919                     357249                      0                           0                           
GPU 2           70.082            0.000        0.000        0.000        513599                      324406                      0                           0                           
GPU 3           69.965            0.000        0.000        0.000        4482458                     2096723                     0                           0                           
GPU 4           70.699            0.000        0.000        0.000        699874                      458324                      0                           0                           
GPU 5           72.016            0.000        0.000        0.000        683856                      3885823                     0                           0                           
GPU 6           72.152            0.000        0.000        0.000        2191733                     3188629                     0                           0                           
GPU 7           72.558            0.000        0.000        0.000        5525074                     761916                      0                           0                           
GPU 0           348.865           0.579        0.087        0.357        9938166                     68667898                    0                           0                           
GPU 1           71.419            0.000        0.000        0.000        289268                      98518                       0                           0                           
GPU 2           70.058            0.000        0.000        0.000        1103633                     813203                      0                           0                           
GPU 3           70.058            0.000        0.000        0.000        1838140                     1507740                     0                           0                           
GPU 4           70.750            0.000        0.000        0.000        1828593                     1447233                     0                           0                           
GPU 5           72.049            0.000        0.000        0.000        4260594                     3629395                     0                           0                           
GPU 6           72.174            0.000        0.000        0.000        2185149                     1810911                     0                           0                           
GPU 7           72.483            0.000        0.000        0.000        1967895                     3403136                     0                           0                           
GPU 0           351.524           0.539        0.061        0.365        13603971                    65540745                    0                           0                           
GPU 1           71.481            0.000        0.000        0.000        4462568                     3797138                     0                           0                           
GPU 2           70.105            0.000        0.000        0.000        3633070                     3068223                     0                           0                           
GPU 3           70.038            0.000        0.000        0.000        3720401                     3113436                     0                           0                           
GPU 4           70.796            0.000        0.000        0.000        2679300                     2227402                     0                           0                           
GPU 5           72.053            0.000        0.000        0.000        1648807                     1798064                     0                           0                           
GPU 6           72.134            0.000        0.000        0.000        3932154                     3300641                     0                           0                           
GPU 7           72.590            0.000        0.000        0.000        2309722                     1570998                     0                           0                           
GPU 0           351.116           0.480        0.059        0.323        11310338                    60685207                    0                           0                           
GPU 1           71.407            0.000        0.000        0.000        1291519                     974237                      0                           0                           
GPU 2           70.106            0.000        0.000        0.000        3357803                     2822893                     0                           0                           
GPU 3           70.068            0.000        0.000        0.000        546208                      349969                      0                           0                           
GPU 4           70.757            0.000        0.000        0.000        3541891                     2972393                     0                           0                           
GPU 5           72.016            0.000        0.000        0.000        4245921                     1311813                     0                           0                           
GPU 6           72.182            0.000        0.000        0.000        476438                      277287                      0                           0                           
GPU 7           72.557            0.000        0.000        0.000        3034679                     1907879                     0                           0                           
GPU 0           392.106           0.516        0.063        0.344        9337378                     63464597                    0                           0                           
GPU 1           71.319            0.000        0.000        0.000        3498858                     3276344                     0                           0                           
GPU 2           70.050            0.000        0.000        0.000        547962                      358126                      0                           0                           
GPU 3           70.062            0.000        0.000        0.000        4355909                     626710                      0                           0                           
GPU 4           70.838            0.000        0.000        0.000        508870                      317061                      0                           0                           
GPU 5           72.057            0.000        0.000        0.000        445423                      3600805                     0                           0                           
GPU 6           72.089            0.000        0.000        0.000        4962883                     4278588                     0                           0                           
GPU 7           72.533            0.000        0.000        0.000        1625150                     1305465                     0                           0                           
GPU 0           392.600           0.547        0.069        0.391        8330692                     69586401                    0                           0                           
GPU 1           71.336            0.000        0.000        0.000        560142                      2911056                     0                           0                           
GPU 2           70.149            0.000        0.000        0.000        4080962                     3440020                     0                           0                           
GPU 3           70.028            0.000        0.000        0.000        871716                      3616088                     0                           0                           
GPU 4           70.783            0.000        0.000        0.000        4293719                     3644394                     0                           0                           
GPU 5           72.072            0.000        0.000        0.000        4703073                     239623                      0                           0                           
GPU 6           72.140            0.000        0.000        0.000        4087142                     417069                      0                           0                           
GPU 7           72.581            0.000        0.000        0.000        4158044                     3538660                     0                           0                           
GPU 0           449.918           0.591        0.106        0.332        17787531                    56250514                    0                           0                           
GPU 1           71.373            0.000        0.000        0.000        3826879                     3205661                     0                           0                           
GPU 2           70.056            0.000        0.000        0.000        510978                      325453                      0                           0                           
GPU 3           69.989            0.000        0.000        0.000        1594864                     1247338                     0                           0                           
GPU 4           70.774            0.000        0.000        0.000        715597                      472618                      0                           0                           
GPU 5           72.076            0.000        0.000        0.000        2089774                     4001426                     0                           0                           
GPU 6           72.143            0.000        0.000        0.000        2064077                     1663662                     0                           0                           
GPU 7           72.525            0.000        0.000        0.000        662076                      428427                      0                           0                           
GPU 0           460.661           0.746        0.087        0.526        14777618                    90720130                    0                           0                           
GPU 1           71.376            0.000        0.000        0.000        512508                      311278                      0                           0                           
GPU 2           70.085            0.000        0.000        0.000        4449347                     3807362                     0                           0                           
GPU 3           70.097            0.000        0.000        0.000        3091654                     2615388                     0                           0                           
GPU 4           70.702            0.000        0.000        0.000        4360505                     3730505                     0                           0                           
GPU 5           71.978            0.000        0.000        0.000        1677938                     1688378                     0                           0                           
GPU 6           72.207            0.000        0.000        0.000        2442088                     2039924                     0                           0                           
GPU 7           72.570            0.000        0.000        0.000        4333572                     3705839                     0                           0                           
#Entity         POWER             SMACT        TENSO        DRAMA        PCITX                       PCIRX                       NVLTX                       NVLRX                       
ID               W                                                                                                                                                                       
GPU 0           215.978           0.738        0.076        0.542        8261585                     88489115                    0                           0                           
GPU 1           71.373            0.000        0.000        0.000        4508915                     3846517                     0                           0                           
GPU 2           70.058            0.000        0.000        0.000        717978                      471188                      0                           0                           
GPU 3           70.072            0.000        0.000        0.000        3764135                     3158138                     0                           0                           
GPU 4           70.796            0.000        0.000        0.000        1214838                     918513                      0                           0                           
GPU 5           72.089            0.000        0.000        0.000        4081300                     1335748                     0                           0                           
GPU 6           72.080            0.000        0.000        0.000        2898378                     2408069                     0                           0                           
GPU 7           72.597            0.000        0.000        0.000        1562747                     1224785                     0                           0                           
