#Entity         POWER             SMACT        TENSO        DRAMA        PCITX                       PCIRX                       NVLTX                       NVLRX                       
ID               W                                                                                                                                                                       
GPU 0           257.919           0.766        0.075        0.560        18380329                    90724500                    0                           0                           
GPU 1           71.879            0.000        0.000        0.000        4585901                     3924110                     0                           0                           
GPU 2           70.635            0.000        0.000        0.000        4607238                     3963661                     0                           0                           
GPU 3           70.552            0.000        0.000        0.000        4296162                     3651580                     0                           0                           
GPU 4           71.146            0.000        0.000        0.000        5052588                     4368468                     0                           0                           
GPU 5           72.668            0.000        0.000        0.000        4225766                     3583831                     0                           0                           
GPU 6           72.620            0.000        0.000        0.000        3716232                     3174779                     0                           0                           
GPU 7           72.197            0.000        0.000        0.000        4301417                     3683601                     0                           0                           
GPU 0           113.789           0.061        0.004        0.046        3946282                     11060773                    0                           0                           
GPU 1           71.870            0.000        0.000        0.000        2743260                     2258539                     0                           0                           
GPU 2           70.613            0.000        0.000        0.000        2641351                     2165095                     0                           0                           
GPU 3           70.500            0.000        0.000        0.000        2564934                     2113087                     0                           0                           
GPU 4           71.146            0.000        0.000        0.000        2412940                     1971229                     0                           0                           
GPU 5           72.668            0.000        0.000        0.000        4225766                     1844328                     0                           0                           
GPU 6           72.620            0.000        0.000        0.000        2663273                     2182550                     0                           0                           
GPU 7           72.167            0.000        0.000        0.000        2297475                     3683601                     0                           0                           
GPU 0           112.704           0.000        0.000        0.000        510524                      296670                      0                           0                           
GPU 1           71.867            0.000        0.000        0.000        529283                      330671                      0                           0                           
GPU 2           70.578            0.000        0.000        0.000        521975                      341170                      0                           0                           
GPU 3           70.505            0.000        0.000        0.000        551393                      354591                      0                           0                           
GPU 4           71.055            0.000        0.000        0.000        1271401                     989974                      0                           0                           
GPU 5           72.633            0.000        0.000        0.000        1282057                     995020                      0                           0                           
GPU 6           72.591            0.000        0.000        0.000        1581153                     1259891                     0                           0                           
GPU 7           72.180            0.000        0.000        0.000        1559662                     1242069                     0                           0                           
GPU 0           111.834           0.000        0.000        0.000        4210898                     3534764                     0                           0                           
GPU 1           71.916            0.000        0.000        0.000        4563597                     3903345                     0                           0                           
GPU 2           70.581            0.000        0.000        0.000        4606342                     3960196                     0                           0                           
GPU 3           70.507            0.000        0.000        0.000        4331845                     3690478                     0                           0                           
GPU 4           71.084            0.000        0.000        0.000        4246105                     3619382                     0                           0                           
GPU 5           72.604            0.000        0.000        0.000        4120878                     3475370                     0                           0                           
GPU 6           72.616            0.000        0.000        0.000        4372283                     3739811                     0                           0                           
GPU 7           72.177            0.000        0.000        0.000        4384869                     3749176                     0                           0                           
GPU 0           111.834           0.000        0.000        0.000        4210898                     3534764                     0                           0                           
GPU 1           71.916            0.000        0.000        0.000        5879713                     3903345                     0                           0                           
GPU 2           70.581            0.000        0.000        0.000        4606342                     3960196                     0                           0                           
GPU 3           70.507            0.000        0.000        0.000        4331845                     3481728                     0                           0                           
GPU 4           71.084            0.000        0.000        0.000        4246105                     3619382                     0                           0                           
GPU 5           72.604            0.000        0.000        0.000        4120878                     3475370                     0                           0                           
GPU 6           72.616            0.000        0.000        0.000        4372283                     3739811                     0                           0                           
GPU 7           72.177            0.000        0.000        0.000        4384869                     3749176                     0                           0                           
GPU 0           110.130           0.000        0.000        0.000        6462168                     5339116                     0                           0                           
GPU 1           71.853            0.000        0.000        0.000        4505191                     3794304                     0                           0                           
GPU 2           70.605            0.000        0.000        0.000        5224530                     4442332                     0                           0                           
GPU 3           70.512            0.000        0.000        0.000        6162409                     5256301                     0                           0                           
GPU 4           71.115            0.000        0.000        0.000        4877555                     4161688                     0                           0                           
GPU 5           72.599            0.000        0.000        0.000        4576743                     3877703                     0                           0                           
GPU 6           72.593            0.000        0.000        0.000        5794644                     3670067                     0                           0                           
GPU 7           72.183            0.000        0.000        0.000        4068005                     3443115                     0                           0                           
GPU 0           110.130           0.000        0.000        0.000        4467977                     5339116                     0                           0                           
GPU 1           71.853            0.000        0.000        0.000        4505191                     3794304                     0                           0                           
GPU 2           70.605            0.000        0.000        0.000        4800354                     4442332                     0                           0                           
GPU 3           70.515            0.000        0.000        0.000        6162409                     5256301                     0                           0                           
GPU 4           71.115            0.000        0.000        0.000        5235900                     4497443                     0                           0                           
GPU 5           72.599            0.000        0.000        0.000        4576743                     4731660                     0                           0                           
GPU 6           72.593            0.000        0.000        0.000        5794644                     3935226                     0                           0                           
GPU 7           72.183            0.000        0.000        0.000        5539221                     3443115                     0                           0                           
GPU 0           108.598           0.000        0.000        0.000        4327870                     3548036                     0                           0                           
GPU 1           71.879            0.000        0.000        0.000        5291976                     3798650                     0                           0                           
GPU 2           70.577            0.000        0.000        0.000        4044138                     4084726                     0                           0                           
GPU 3           70.493            0.000        0.000        0.000        4714091                     4006615                     0                           0                           
GPU 4           71.018            0.000        0.000        0.000        4312046                     3655544                     0                           0                           
GPU 5           72.588            0.000        0.000        0.000        5513545                     5104185                     0                           0                           
GPU 6           72.600            0.000        0.000        0.000        4627781                     4052778                     0                           0                           
GPU 7           72.178            0.000        0.000        0.000        5007623                     4281893                     0                           0                           
GPU 0           108.152           0.000        0.000        0.000        4014987                     3341454                     0                           0                           
GPU 1           71.826            0.000        0.000        0.000        4452108                     324906                      0                           0                           
GPU 2           70.576            0.000        0.000        0.000        5050096                     3435836                     0                           0                           
GPU 3           70.503            0.000        0.000        0.000        5466089                     4681545                     0                           0                           
GPU 4           71.063            0.000        0.000        0.000        4407249                     3779056                     0                           0                           
GPU 5           72.595            0.000        0.000        0.000        5944984                     3685424                     0                           0                           
GPU 6           72.582            0.000        0.000        0.000        4745533                     1854808                     0                           0                           
GPU 7           72.167            0.000        0.000        0.000        5027927                     4313694                     0                           0                           
GPU 0           108.627           0.000        0.000        0.000        479069                      269410                      0                           0                           
GPU 1           71.845            0.000        0.000        0.000        524567                      3739565                     0                           0                           
GPU 2           70.565            0.000        0.000        0.000        1191094                     4376007                     0                           0                           
GPU 3           70.508            0.000        0.000        0.000        1255464                     988183                      0                           0                           
GPU 4           70.981            0.000        0.000        0.000        1643696                     1285894                     0                           0                           
GPU 5           72.576            0.000        0.000        0.000        4328919                     258342                      0                           0                           
GPU 6           72.603            0.000        0.000        0.000        2241074                     3382936                     0                           0                           
GPU 7           72.172            0.000        0.000        0.000        1310210                     1024060                     0                           0                           
GPU 0           108.627           0.000        0.000        0.000        4108289                     3414838                     0                           0                           
GPU 1           71.881            0.000        0.000        0.000        4400382                     3739565                     0                           0                           
GPU 2           70.550            0.000        0.000        0.000        3642700                     890462                      0                           0                           
GPU 3           70.503            0.000        0.000        0.000        4082931                     3432575                     0                           0                           
GPU 4           71.010            0.000        0.000        0.000        2751876                     2288077                     0                           0                           
GPU 5           72.603            0.000        0.000        0.000        464806                      3643496                     0                           0                           
GPU 6           72.579            0.000        0.000        0.000        4016548                     1554679                     0                           0                           
GPU 7           72.172            0.000        0.000        0.000        4240840                     3608356                     0                           0                           
GPU 0           107.781           0.000        0.000        0.000        3863417                     3567377                     0                           0                           
GPU 1           71.889            0.000        0.000        0.000        3495956                     3778495                     0                           0                           
GPU 2           70.575            0.000        0.000        0.000        4624196                     3905268                     0                           0                           
GPU 3           70.508            0.000        0.000        0.000        6463139                     1420192                     0                           0                           
GPU 4           71.046            0.000        0.000        0.000        5665814                     4840390                     0                           0                           
GPU 5           72.603            0.000        0.000        0.000        3728486                     3123506                     0                           0                           
GPU 6           72.595            0.000        0.000        0.000        1918692                     5834818                     0                           0                           
GPU 7           72.195            0.000        0.000        0.000        2193911                     1791813                     0                           0                           
GPU 0           107.350           0.000        0.000        0.000        4330018                     3567377                     0                           0                           
GPU 1           71.815            0.000        0.000        0.000        4445628                     502547                      0                           0                           
GPU 2           70.591            0.000        0.000        0.000        3669180                     3905268                     0                           0                           
GPU 3           70.508            0.000        0.000        0.000        6463139                     5525161                     0                           0                           
GPU 4           71.088            0.000        0.000        0.000        3082467                     2576486                     0                           0                           
GPU 5           72.571            0.000        0.000        0.000        4748160                     4059455                     0                           0                           
GPU 6           72.616            0.000        0.000        0.000        6797388                     328086                      0                           0                           
GPU 7           72.195            0.000        0.000        0.000        5851359                     5032295                     0                           0                           
GPU 0           107.031           0.000        0.000        0.000        2613381                     2098322                     0                           0                           
GPU 1           71.876            0.000        0.000        0.000        759847                      3278333                     0                           0                           
GPU 2           70.601            0.000        0.000        0.000        3191536                     2654574                     0                           0                           
GPU 3           70.501            0.000        0.000        0.000        581676                      380215                      0                           0                           
GPU 4           71.061            0.000        0.000        0.000        3658186                     3053649                     0                           0                           
GPU 5           72.550            0.000        0.000        0.000        1972648                     1570573                     0                           0                           
GPU 6           72.639            0.000        0.000        0.000        527768                      3606513                     0                           0                           
GPU 7           72.204            0.000        0.000        0.000        1020744                     738547                      0                           0                           
GPU 0           106.784           0.000        0.000        0.000        535210                      319146                      0                           0                           
GPU 1           71.849            0.000        0.000        0.000        3886732                     2929680                     0                           0                           
GPU 2           70.546            0.000        0.000        0.000        506780                      314444                      0                           0                           
GPU 3           70.493            0.000        0.000        0.000        4100642                     3449780                     0                           0                           
GPU 4           71.013            0.000        0.000        0.000        500500                      305541                      0                           0                           
GPU 5           72.555            0.000        0.000        0.000        1623927                     1279124                     0                           0                           
GPU 6           72.591            0.000        0.000        0.000        4245855                     410933                      0                           0                           
GPU 7           72.204            0.000        0.000        0.000        3890973                     3298812                     0                           0                           
#Entity         POWER             SMACT        TENSO        DRAMA        PCITX                       PCIRX                       NVLTX                       NVLRX                       
ID               W                                                                                                                                                                       
GPU 0           106.400           0.000        0.000        0.000        3858761                     3183137                     0                           0                           
GPU 1           71.840            0.000        0.000        0.000        3507148                     391090                      0                           0                           
GPU 2           70.588            0.000        0.000        0.000        4301284                     3650432                     0                           0                           
GPU 3           70.515            0.000        0.000        0.000        470064                      266736                      0                           0                           
GPU 4           71.035            0.000        0.000        0.000        4244772                     3594148                     0                           0                           
GPU 5           72.594            0.000        0.000        0.000        3999908                     3355877                     0                           0                           
GPU 6           72.615            0.000        0.000        0.000        647187                      3893350                     0                           0                           
GPU 7           72.204            0.000        0.000        0.000        1982417                     1596414                     0                           0                           
GPU 0           106.240           0.000        0.000        0.000        474877                      262598                      0                           0                           
GPU 1           71.848            0.000        0.000        0.000        3813792                     3203566                     0                           0                           
GPU 2           70.572            0.000        0.000        0.000        288239                      104814                      0                           0                           
GPU 3           70.512            0.000        0.000        0.000        698403                      449245                      0                           0                           
GPU 4           71.040            0.000        0.000        0.000        1396531                     1078661                     0                           0                           
GPU 5           72.611            0.000        0.000        0.000        1743086                     1380584                     0                           0                           
GPU 6           72.587            0.000        0.000        0.000        1881103                     1511011                     0                           0                           
GPU 7           72.196            0.000        0.000        0.000        2077555                     1691289                     0                           0                           
GPU 0           469.705           0.862        0.012        0.296        6237566                     60211927                    0                           0                           
GPU 1           71.896            0.000        0.000        0.000        518807                      323861                      0                           0                           
GPU 2           70.692            0.000        0.000        0.000        4910484                     2721899                     0                           0                           
GPU 3           70.535            0.000        0.000        0.000        3291823                     3748286                     0                           0                           
GPU 4           71.185            0.000        0.000        0.000        3075086                     2588289                     0                           0                           
GPU 5           72.582            0.000        0.000        0.000        2423580                     2015962                     0                           0                           
GPU 6           72.711            0.000        0.000        0.000        2169217                     1786630                     0                           0                           
GPU 7           72.231            0.000        0.000        0.000        4070504                     3455762                     0                           0                           
GPU 0           576.527           0.882        0.347        0.222        12861380                    44828485                    0                           0                           
GPU 1           71.930            0.000        0.000        0.000        4506761                     3839209                     0                           0                           
GPU 2           70.603            0.000        0.000        0.000        3254830                     370937                      0                           0                           
GPU 3           70.607            0.000        0.000        0.000        567114                      2749702                     0                           0                           
GPU 4           71.170            0.000        0.000        0.000        3488169                     2916925                     0                           0                           
GPU 5           72.625            0.000        0.000        0.000        3508869                     2928773                     0                           0                           
GPU 6           72.714            0.000        0.000        0.000        4095873                     3468601                     0                           0                           
GPU 7           72.247            0.000        0.000        0.000        440249                      247640                      0                           0                           
GPU 0           445.405           0.734        0.131        0.440        15766495                    82020449                    0                           0                           
GPU 1           71.843            0.000        0.000        0.000        3152923                     2624753                     0                           0                           
GPU 2           70.704            0.000        0.000        0.000        3809572                     3208787                     0                           0                           
GPU 3           70.510            0.000        0.000        0.000        4202236                     365072                      0                           0                           
GPU 4           71.126            0.000        0.000        0.000        533965                      342972                      0                           0                           
GPU 5           72.605            0.000        0.000        0.000        1137657                     863592                      0                           0                           
GPU 6           72.763            0.000        0.000        0.000        477413                      281588                      0                           0                           
GPU 7           72.238            0.000        0.000        0.000        713201                      475467                      0                           0                           
GPU 0           453.756           0.726        0.083        0.489        13265088                    81860667                    0                           0                           
GPU 1           71.836            0.000        0.000        0.000        554917                      356358                      0                           0                           
GPU 2           70.617            0.000        0.000        0.000        504691                      317070                      0                           0                           
GPU 3           70.587            0.000        0.000        0.000        515112                      3551384                     0                           0                           
GPU 4           71.162            0.000        0.000        0.000        4295763                     3642778                     0                           0                           
GPU 5           72.576            0.000        0.000        0.000        216277                      3743622                     0                           0                           
GPU 6           72.692            0.000        0.000        0.000        4857538                     4181570                     0                           0                           
GPU 7           72.232            0.000        0.000        0.000        4202737                     1231603                     0                           0                           
GPU 0           444.824           0.728        0.084        0.492        17035885                    84677492                    0                           0                           
GPU 1           71.900            0.000        0.000        0.000        3887885                     3271425                     0                           0                           
GPU 2           70.762            0.000        0.000        0.000        4436861                     3793815                     0                           0                           
GPU 3           70.526            0.000        0.000        0.000        4537879                     315460                      0                           0                           
GPU 4           71.210            0.000        0.000        0.000        329697                      143408                      0                           0                           
GPU 5           72.640            0.000        0.000        0.000        4867080                     23342                       0                           0                           
GPU 6           72.687            0.000        0.000        0.000        674776                      437622                      0                           0                           
GPU 7           72.268            0.000        0.000        0.000        1573570                     2520088                     0                           0                           
GPU 0           452.298           0.721        0.096        0.476        12970933                    80767416                    0                           0                           
GPU 1           71.864            0.000        0.000        0.000        531913                      336441                      0                           0                           
GPU 2           70.612            0.000        0.000        0.000        754666                      513115                      0                           0                           
GPU 3           70.534            0.000        0.000        0.000        2546607                     3887590                     0                           0                           
GPU 4           71.240            0.000        0.000        0.000        1117603                     824554                      0                           0                           
GPU 5           72.666            0.000        0.000        0.000        2170243                     4163714                     0                           0                           
GPU 6           72.655            0.000        0.000        0.000        4227173                     1639462                     0                           0                           
GPU 7           72.235            0.000        0.000        0.000        2983579                     2000166                     0                           0                           
GPU 0           401.934           0.720        0.083        0.487        17116818                    84130966                    0                           0                           
GPU 1           72.034            0.000        0.000        0.000        4310330                     3656837                     0                           0                           
GPU 2           70.645            0.000        0.000        0.000        4364200                     3736501                     0                           0                           
GPU 3           70.535            0.000        0.000        0.000        1215103                     2087589                     0                           0                           
GPU 4           71.111            0.000        0.000        0.000        3692914                     3125176                     0                           0                           
GPU 5           72.577            0.000        0.000        0.000        1674227                     1748397                     0                           0                           
GPU 6           72.682            0.000        0.000        0.000        2038628                     1788758                     0                           0                           
GPU 7           72.223            0.000        0.000        0.000        2428286                     1758326                     0                           0                           
GPU 0           463.620           0.573        0.163        0.286        8676581                     51476887                    0                           0                           
GPU 1           71.933            0.000        0.000        0.000        481068                      275644                      0                           0                           
GPU 2           70.696            0.000        0.000        0.000        2119511                     1717790                     0                           0                           
GPU 3           70.539            0.000        0.000        0.000        3956416                     936055                      0                           0                           
GPU 4           71.198            0.000        0.000        0.000        2242059                     1824710                     0                           0                           
GPU 5           72.610            0.000        0.000        0.000        4267209                     1330998                     0                           0                           
GPU 6           72.654            0.000        0.000        0.000        2179213                     3623824                     0                           0                           
GPU 7           72.278            0.000        0.000        0.000        2145630                     3649634                     0                           0                           
GPU 0           419.844           0.666        0.164        0.348        14033579                    66242894                    0                           0                           
GPU 1           71.908            0.000        0.000        0.000        3021110                     4038279                     0                           0                           
GPU 2           70.682            0.000        0.000        0.000        2855338                     2422909                     0                           0                           
GPU 3           70.503            0.000        0.000        0.000        554900                      360423                      0                           0                           
GPU 4           71.192            0.000        0.000        0.000        2538279                     2901442                     0                           0                           
GPU 5           72.598            0.000        0.000        0.000        872493                      622710                      0                           0                           
GPU 6           72.674            0.000        0.000        0.000        466455                      273584                      0                           0                           
GPU 7           72.205            0.000        0.000        0.000        4264282                     242039                      0                           0                           
GPU 0           420.500           0.659        0.071        0.444        11553872                    73338392                    0                           0                           
GPU 1           71.919            0.000        0.000        0.000        559575                      2487709                     0                           0                           
GPU 2           70.609            0.000        0.000        0.000        3431133                     2869976                     0                           0                           
GPU 3           70.592            0.000        0.000        0.000        3930020                     3328992                     0                           0                           
GPU 4           71.163            0.000        0.000        0.000        3473137                     851710                      0                           0                           
GPU 5           72.652            0.000        0.000        0.000        4174101                     3554012                     0                           0                           
GPU 6           72.649            0.000        0.000        0.000        4287706                     3664097                     0                           0                           
GPU 7           72.246            0.000        0.000        0.000        431669                      4025560                     0                           0                           
GPU 0           418.081           0.665        0.072        0.454        14088911                    72344213                    0                           0                           
GPU 1           71.899            0.000        0.000        0.000        4174519                     365092                      0                           0                           
GPU 2           70.655            0.000        0.000        0.000        513071                      329120                      0                           0                           
GPU 3           70.545            0.000        0.000        0.000        290610                      100170                      0                           0                           
GPU 4           71.135            0.000        0.000        0.000        1098051                     3416915                     0                           0                           
GPU 5           72.615            0.000        0.000        0.000        1836110                     1443896                     0                           0                           
GPU 6           72.649            0.000        0.000        0.000        686108                      443588                      0                           0                           
GPU 7           72.233            0.000        0.000        0.000        4708619                     750201                      0                           0                           
GPU 0           401.838           0.602        0.069        0.410        10157530                    65212038                    0                           0                           
GPU 1           71.930            0.000        0.000        0.000        526673                      3508985                     0                           0                           
GPU 2           70.589            0.000        0.000        0.000        4100655                     3454726                     0                           0                           
GPU 3           70.596            0.000        0.000        0.000        4370414                     510055                      0                           0                           
GPU 4           71.130            0.000        0.000        0.000        4059946                     1147733                     0                           0                           
GPU 5           72.575            0.000        0.000        0.000        2148469                     1740260                     0                           0                           
GPU 6           72.615            0.000        0.000        0.000        1576244                     3475675                     0                           0                           
GPU 7           72.204            0.000        0.000        0.000        2220048                     2928550                     0                           0                           
#Entity         POWER             SMACT        TENSO        DRAMA        PCITX                       PCIRX                       NVLTX                       NVLRX                       
ID               W                                                                                                                                                                       
GPU 0           489.459           0.706        0.076        0.480        16125924                    79908058                    0                           0                           
GPU 1           71.812            0.000        0.000        0.000        4317692                     3669514                     0                           0                           
GPU 2           70.627            0.000        0.000        0.000        4978714                     260414                      0                           0                           
GPU 3           70.480            0.000        0.000        0.000        762899                      3623997                     0                           0                           
GPU 4           71.126            0.000        0.000        0.000        3073940                     2584812                     0                           0                           
GPU 5           72.632            0.000        0.000        0.000        4104309                     3456067                     0                           0                           
GPU 6           72.646            0.000        0.000        0.000        3028400                     2553847                     0                           0                           
GPU 7           72.211            0.000        0.000        0.000        2137780                     1813674                     0                           0                           
GPU 0           489.459           0.704        0.186        0.361        10868398                    79643065                    0                           0                           
GPU 1           71.832            0.000        0.000        0.000        902668                      3669514                     0                           0                           
GPU 2           70.606            0.000        0.000        0.000        1528612                     4287597                     0                           0                           
GPU 3           70.589            0.000        0.000        0.000        4247600                     2744315                     0                           0                           
GPU 4           71.080            0.000        0.000        0.000        3254937                     2713242                     0                           0                           
GPU 5           72.516            0.000        0.000        0.000        483037                      285344                      0                           0                           
GPU 6           72.675            0.000        0.000        0.000        2413272                     1977782                     0                           0                           
GPU 7           72.211            0.000        0.000        0.000        4036011                     1758335                     0                           0                           
GPU 0           490.009           0.789        0.101        0.538        18919525                    93638761                    0                           0                           
GPU 1           71.803            0.000        0.000        0.000        4007423                     3407907                     0                           0                           
GPU 2           70.543            0.000        0.000        0.000        3073490                     1200073                     0                           0                           
GPU 3           70.527            0.000        0.000        0.000        3284874                     372658                      0                           0                           
GPU 4           71.123            0.000        0.000        0.000        1080643                     827515                      0                           0                           
GPU 5           72.557            0.000        0.000        0.000        4892624                     4205572                     0                           0                           
GPU 6           72.693            0.000        0.000        0.000        2190786                     1808709                     0                           0                           
GPU 7           72.217            0.000        0.000        0.000        505228                      3418634                     0                           0                           
GPU 0           437.657           0.796        0.090        0.568        17271020                    92096972                    0                           0                           
GPU 1           71.816            0.000        0.000        0.000        3581507                     2994561                     0                           0                           
GPU 2           70.596            0.000        0.000        0.000        3525793                     2592493                     0                           0                           
GPU 3           70.536            0.000        0.000        0.000        560733                      3542602                     0                           0                           
GPU 4           71.078            0.000        0.000        0.000        4187405                     3547743                     0                           0                           
GPU 5           72.604            0.000        0.000        0.000        1066120                     770266                      0                           0                           
GPU 6           72.633            0.000        0.000        0.000        4088905                     3461133                     0                           0                           
GPU 7           72.264            0.000        0.000        0.000        4359678                     307120                      0                           0                           
GPU 0           437.657           0.615        0.090        0.350        17271020                    85360031                    0                           0                           
GPU 1           71.816            0.000        0.000        0.000        565390                      2994561                     0                           0                           
GPU 2           70.671            0.000        0.000        0.000        3525793                     2951918                     0                           0                           
GPU 3           70.536            0.000        0.000        0.000        4195573                     312313                      0                           0                           
GPU 4           71.164            0.000        0.000        0.000        4187405                     3547743                     0                           0                           
GPU 5           72.720            0.000        0.000        0.000        3664491                     770266                      0                           0                           
GPU 6           72.723            0.000        0.000        0.000        4088905                     3461133                     0                           0                           
GPU 7           72.264            0.000        0.000        0.000        4359678                     3731402                     0                           0                           
GPU 0           475.971           0.738        0.109        0.494        13697800                    91020787                    0                           0                           
GPU 1           71.784            0.000        0.000        0.000        3915847                     3305678                     0                           0                           
GPU 2           70.714            0.000        0.000        0.000        535135                      344722                      0                           0                           
GPU 3           70.546            0.000        0.000        0.000        515107                      3840281                     0                           0                           
GPU 4           71.160            0.000        0.000        0.000        429803                      234914                      0                           0                           
GPU 5           72.573            0.000        0.000        0.000        2506636                     2049415                     0                           0                           
GPU 6           72.616            0.000        0.000        0.000        4844356                     257652                      0                           0                           
GPU 7           72.203            0.000        0.000        0.000        661685                      423653                      0                           0                           
GPU 0           483.725           0.730        0.107        0.493        13697800                    88822318                    0                           0                           
GPU 1           71.815            0.000        0.000        0.000        520381                      321242                      0                           0                           
GPU 2           70.664            0.000        0.000        0.000        4181790                     3536180                     0                           0                           
GPU 3           70.536            0.000        0.000        0.000        4490634                     466411                      0                           0                           
GPU 4           71.144            0.000        0.000        0.000        4922102                     4228012                     0                           0                           
GPU 5           72.543            0.000        0.000        0.000        1838680                     1488178                     0                           0                           
GPU 6           72.630            0.000        0.000        0.000        1479188                     4163537                     0                           0                           
GPU 7           72.177            0.000        0.000        0.000        4214927                     3615871                     0                           0                           
GPU 0           455.096           0.705        0.179        0.382        13570792                    86835222                    0                           0                           
GPU 1           71.905            0.000        0.000        0.000        4510008                     3847604                     0                           0                           
GPU 2           70.688            0.000        0.000        0.000        507299                      319682                      0                           0                           
GPU 3           70.543            0.000        0.000        0.000        709860                      3708133                     0                           0                           
GPU 4           71.125            0.000        0.000        0.000        1114973                     823237                      0                           0                           
GPU 5           72.625            0.000        0.000        0.000        4087448                     3445592                     0                           0                           
GPU 6           72.608            0.000        0.000        0.000        3029614                     1144566                     0                           0                           
GPU 7           72.209            0.000        0.000        0.000        2043070                     1651314                     0                           0                           
GPU 0           496.878           0.751        0.127        0.481        17958780                    88740973                    0                           0                           
GPU 1           72.028            0.000        0.000        0.000        265688                      68649                       0                           0                           
GPU 2           70.534            0.000        0.000        0.000        4488757                     857745                      0                           0                           
GPU 3           70.520            0.000        0.000        0.000        2101928                     1697183                     0                           0                           
GPU 4           71.147            0.000        0.000        0.000        3688244                     3133318                     0                           0                           
GPU 5           72.589            0.000        0.000        0.000        542343                      343222                      0                           0                           
GPU 6           72.597            0.000        0.000        0.000        2411597                     2560877                     0                           0                           
GPU 7           72.166            0.000        0.000        0.000        2153498                     1774579                     0                           0                           
GPU 0           456.846           0.743        0.103        0.505        11995552                    92105434                    0                           0                           
GPU 1           71.783            0.000        0.000        0.000        4567480                     3903529                     0                           0                           
GPU 2           70.636            0.000        0.000        0.000        1149484                     3561095                     0                           0                           
GPU 3           70.557            0.000        0.000        0.000        2223711                     1824852                     0                           0                           
GPU 4           71.137            0.000        0.000        0.000        2965991                     2455577                     0                           0                           
GPU 5           72.549            0.000        0.000        0.000        4426311                     3772347                     0                           0                           
GPU 6           72.641            0.000        0.000        0.000        2173473                     1976315                     0                           0                           
GPU 7           72.230            0.000        0.000        0.000        4032266                     3403010                     0                           0                           
GPU 0           456.677           0.660        0.132        0.403        17045163                    89641014                    0                           0                           
GPU 1           71.873            0.000        0.000        0.000        3577034                     2992289                     0                           0                           
GPU 2           70.617            0.000        0.000        0.000        4172954                     2722831                     0                           0                           
GPU 3           70.452            0.000        0.000        0.000        4207695                     3557858                     0                           0                           
GPU 4           71.098            0.000        0.000        0.000        1132713                     872729                      0                           0                           
GPU 5           72.542            0.000        0.000        0.000        216277                      21437                       0                           0                           
GPU 6           72.674            0.000        0.000        0.000        4091186                     1783013                     0                           0                           
GPU 7           72.217            0.000        0.000        0.000        505855                      317666                      0                           0                           
GPU 0           474.072           0.693        0.120        0.490        16779520                    92725176                    0                           0                           
GPU 1           71.781            0.000        0.000        0.000        549089                      3259605                     0                           0                           
GPU 2           70.644            0.000        0.000        0.000        4226196                     3588388                     0                           0                           
GPU 3           70.513            0.000        0.000        0.000        519314                      322802                      0                           0                           
GPU 4           71.063            0.000        0.000        0.000        455421                      257844                      0                           0                           
GPU 5           72.600            0.000        0.000        0.000        4867602                     1279874                     0                           0                           
GPU 6           72.645            0.000        0.000        0.000        471691                      283491                      0                           0                           
GPU 7           72.234            0.000        0.000        0.000        204921                      3736287                     0                           0                           
GPU 0           429.099           0.752        0.154        0.381        11362737                    91618348                    0                           0                           
GPU 1           71.905            0.000        0.000        0.000        3878940                     322809                      0                           0                           
GPU 2           70.536            0.000        0.000        0.000        507307                      322832                      0                           0                           
GPU 3           70.542            0.000        0.000        0.000        4238511                     3605694                     0                           0                           
GPU 4           71.139            0.000        0.000        0.000        4428793                     3783156                     0                           0                           
GPU 5           72.583            0.000        0.000        0.000        1637029                     2627278                     0                           0                           
GPU 6           72.585            0.000        0.000        0.000        4830170                     4143057                     0                           0                           
GPU 7           72.164            0.000        0.000        0.000        4372632                     20439                       0                           0                           
GPU 0           483.473           0.665        0.087        0.494        16806165                    84635653                    0                           0                           
GPU 1           71.834            0.000        0.000        0.000        518277                      3621164                     0                           0                           
GPU 2           70.593            0.000        0.000        0.000        4439580                     3788735                     0                           0                           
GPU 3           70.517            0.000        0.000        0.000        451151                      249634                      0                           0                           
GPU 4           71.122            0.000        0.000        0.000        1118043                     824120                      0                           0                           
GPU 5           72.579            0.000        0.000        0.000        3132297                     2164266                     0                           0                           
GPU 6           72.617            0.000        0.000        0.000        1051819                     768404                      0                           0                           
GPU 7           72.226            0.000        0.000        0.000        1914956                     1532771                     0                           0                           
#Entity         POWER             SMACT        TENSO        DRAMA        PCITX                       PCIRX                       NVLTX                       NVLRX                       
ID               W                                                                                                                                                                       
GPU 0           483.473           0.705        0.109        0.494        12697031                    92092404                    0                           0                           
GPU 1           71.888            0.000        0.000        0.000        4285132                     3621164                     0                           0                           
GPU 2           70.579            0.000        0.000        0.000        614127                      3788735                     0                           0                           
GPU 3           70.517            0.000        0.000        0.000        5050956                     4349936                     0                           0                           
GPU 4           71.100            0.000        0.000        0.000        1118043                     3599752                     0                           0                           
GPU 5           72.534            0.000        0.000        0.000        2628276                     1482983                     0                           0                           
GPU 6           72.641            0.000        0.000        0.000        3715852                     768404                      0                           0                           
GPU 7           72.226            0.000        0.000        0.000        2422424                     2016551                     0                           0                           
GPU 0           453.510           0.685        0.202        0.453        15469443                    88319544                    0                           0                           
GPU 1           71.914            0.000        0.000        0.000        1292372                     3231641                     0                           0                           
GPU 2           70.667            0.000        0.000        0.000        4536388                     398301                      0                           0                           
GPU 3           70.528            0.000        0.000        0.000        1507239                     1165802                     0                           0                           
GPU 4           71.069            0.000        0.000        0.000        3218575                     2682011                     0                           0                           
GPU 5           72.535            0.000        0.000        0.000        1841939                     3510640                     0                           0                           
GPU 6           72.636            0.000        0.000        0.000        2198955                     1782602                     0                           0                           
GPU 7           72.217            0.000        0.000        0.000        3044707                     2532190                     0                           0                           
GPU 0           453.510           0.752        0.202        0.396        15469443                    85509581                    0                           0                           
GPU 1           71.914            0.000        0.000        0.000        3897926                     3231641                     0                           0                           
GPU 2           70.508            0.000        0.000        0.000        4536388                     3878434                     0                           0                           
GPU 3           70.528            0.000        0.000        0.000        3086336                     2601623                     0                           0                           
GPU 4           71.046            0.000        0.000        0.000        3218575                     2682011                     0                           0                           
GPU 5           72.483            0.000        0.000        0.000        4153559                     3510640                     0                           0                           
GPU 6           72.615            0.000        0.000        0.000        2198955                     1782602                     0                           0                           
GPU 7           72.238            0.000        0.000        0.000        3044707                     1185461                     0                           0                           
GPU 0           489.958           0.673        0.085        0.473        16530860                    89508743                    0                           0                           
GPU 1           71.848            0.000        0.000        0.000        559574                      3275268                     0                           0                           
GPU 2           70.617            0.000        0.000        0.000        3066266                     2551167                     0                           0                           
GPU 3           70.489            0.000        0.000        0.000        3909137                     3311504                     0                           0                           
GPU 4           71.035            0.000        0.000        0.000        574743                      380250                      0                           0                           
GPU 5           72.548            0.000        0.000        0.000        852351                      3769049                     0                           0                           
GPU 6           72.593            0.000        0.000        0.000        4148575                     1813086                     0                           0                           
GPU 7           72.182            0.000        0.000        0.000        1491522                     3784704                     0                           0                           
GPU 0           474.261           0.742        0.116        0.495        15250435                    90839674                    0                           0                           
GPU 1           71.920            0.000        0.000        0.000        4033098                     364509                      0                           0                           
GPU 2           70.476            0.000        0.000        0.000        557257                      372087                      0                           0                           
GPU 3           70.491            0.000        0.000        0.000        515157                      325969                      0                           0                           
GPU 4           71.022            0.000        0.000        0.000        4219791                     3580428                     0                           0                           
GPU 5           72.515            0.000        0.000        0.000        4407220                     1561202                     0                           0                           
GPU 6           72.549            0.000        0.000        0.000        478451                      3530033                     0                           0                           
GPU 7           72.191            0.000        0.000        0.000        4410422                     460307                      0                           0                           
GPU 0           456.496           0.698        0.147        0.417        13921099                    89088581                    0                           0                           
GPU 1           71.850            0.000        0.000        0.000        561305                      3418557                     0                           0                           
GPU 2           70.507            0.000        0.000        0.000        4317940                     3670695                     0                           0                           
GPU 3           70.481            0.000        0.000        0.000        4381450                     3739508                     0                           0                           
GPU 4           71.089            0.000        0.000        0.000        509928                      323356                      0                           0                           
GPU 5           72.504            0.000        0.000        0.000        1953418                     1875453                     0                           0                           
GPU 6           72.565            0.000        0.000        0.000        4983695                     283067                      0                           0                           
GPU 7           72.172            0.000        0.000        0.000        692644                      3346088                     0                           0                           
GPU 0           445.446           0.686        0.093        0.463        16540725                    92632157                    0                           0                           
GPU 1           71.868            0.000        0.000        0.000        4419079                     359841                      0                           0                           
GPU 2           70.672            0.000        0.000        0.000        515698                      324407                      0                           0                           
GPU 3           70.427            0.000        0.000        0.000        442562                      247244                      0                           0                           
GPU 4           71.018            0.000        0.000        0.000        691335                      3914825                     0                           0                           
GPU 5           72.526            0.000        0.000        0.000        2278421                     3594926                     0                           0                           
GPU 6           72.590            0.000        0.000        0.000        689588                      451573                      0                           0                           
GPU 7           72.134            0.000        0.000        0.000        3914163                     1389254                     0                           0                           
GPU 0           505.800           0.736        0.098        0.392        16540725                    81244772                    0                           0                           
GPU 1           71.868            0.000        0.000        0.000        527197                      3767719                     0                           0                           
GPU 2           70.514            0.000        0.000        0.000        4605230                     3970622                     0                           0                           
GPU 3           70.540            0.000        0.000        0.000        5176603                     522159                      0                           0                           
GPU 4           71.107            0.000        0.000        0.000        4428313                     452883                      0                           0                           
GPU 5           72.446            0.000        0.000        0.000        4237401                     3594926                     0                           0                           
GPU 6           72.557            0.000        0.000        0.000        689588                      3744218                     0                           0                           
GPU 7           72.118            0.000        0.000        0.000        1747049                     2590415                     0                           0                           
GPU 0           434.347           0.682        0.191        0.472        17327979                    92321742                    0                           0                           
GPU 1           71.791            0.000        0.000        0.000        4563753                     328056                      0                           0                           
GPU 2           70.501            0.000        0.000        0.000        2062527                     1671732                     0                           0                           
GPU 3           70.555            0.000        0.000        0.000        772758                      3669956                     0                           0                           
GPU 4           71.110            0.000        0.000        0.000        3256420                     2721880                     0                           0                           
GPU 5           72.510            0.000        0.000        0.000        462447                      4756204                     0                           0                           
GPU 6           72.628            0.000        0.000        0.000        2061174                     1669463                     0                           0                           
GPU 7           72.118            0.000        0.000        0.000        3056212                     2010586                     0                           0                           
GPU 0           499.704           0.765        0.093        0.458        13556950                    82737985                    0                           0                           
GPU 1           71.875            0.000        0.000        0.000        2905271                     3915008                     0                           0                           
GPU 2           70.479            0.000        0.000        0.000        2160001                     1786121                     0                           0                           
GPU 3           70.411            0.000        0.000        0.000        4300539                     1375359                     0                           0                           
GPU 4           71.027            0.000        0.000        0.000        534563                      348222                      0                           0                           
GPU 5           72.508            0.000        0.000        0.000        1688961                     1320079                     0                           0                           
GPU 6           72.578            0.000        0.000        0.000        2174425                     1790796                     0                           0                           
GPU 7           72.145            0.000        0.000        0.000        2438170                     1765814                     0                           0                           
GPU 0           450.118           0.633        0.151        0.422        15062223                    85275159                    0                           0                           
GPU 1           71.888            0.000        0.000        0.000        1212270                     2400164                     0                           0                           
GPU 2           70.564            0.000        0.000        0.000        3822016                     3215506                     0                           0                           
GPU 3           70.348            0.000        0.000        0.000        1748855                     2588873                     0                           0                           
GPU 4           71.157            0.000        0.000        0.000        4152627                     3508561                     0                           0                           
GPU 5           72.528            0.000        0.000        0.000        2438129                     2020031                     0                           0                           
GPU 6           72.609            0.000        0.000        0.000        4122686                     3494876                     0                           0                           
GPU 7           72.149            0.000        0.000        0.000        2145175                     3470863                     0                           0                           
GPU 0           425.875           0.612        0.090        0.394        14907464                    86036852                    0                           0                           
GPU 1           71.858            0.000        0.000        0.000        4016696                     3401235                     0                           0                           
GPU 2           70.580            0.000        0.000        0.000        508346                      317585                      0                           0                           
GPU 3           70.466            0.000        0.000        0.000        3979583                     3379763                     0                           0                           
GPU 4           71.024            0.000        0.000        0.000        497352                      303966                      0                           0                           
GPU 5           72.426            0.000        0.000        0.000        3600657                     3022644                     0                           0                           
GPU 6           72.589            0.000        0.000        0.000        427566                      233655                      0                           0                           
GPU 7           72.068            0.000        0.000        0.000        4090829                     1129272                     0                           0                           
GPU 0           409.261           0.623        0.078        0.413        14907464                    82561065                    0                           0                           
GPU 1           71.858            0.000        0.000        0.000        580513                      388367                      0                           0                           
GPU 2           70.458            0.000        0.000        0.000        4409255                     3781008                     0                           0                           
GPU 3           70.482            0.000        0.000        0.000        512544                      325449                      0                           0                           
GPU 4           71.046            0.000        0.000        0.000        4578851                     3933787                     0                           0                           
GPU 5           72.472            0.000        0.000        0.000        1156489                     3022644                     0                           0                           
GPU 6           72.607            0.000        0.000        0.000        427566                      4868002                     0                           0                           
GPU 7           72.126            0.000        0.000        0.000        1440739                     2328199                     0                           0                           
GPU 0           443.919           0.681        0.087        0.450        13196156                    85064751                    0                           0                           
GPU 1           71.729            0.000        0.000        0.000        4416380                     3757172                     0                           0                           
GPU 2           70.639            0.000        0.000        0.000        438800                      248224                      0                           0                           
GPU 3           70.359            0.000        0.000        0.000        4565591                     3921074                     0                           0                           
GPU 4           71.074            0.000        0.000        0.000        1151644                     860349                      0                           0                           
GPU 5           72.408            0.000        0.000        0.000        4534584                     884004                      0                           0                           
GPU 6           72.556            0.000        0.000        0.000        3738239                     855975                      0                           0                           
GPU 7           72.139            0.000        0.000        0.000        2762706                     3535352                     0                           0                           
#Entity         POWER             SMACT        TENSO        DRAMA        PCITX                       PCIRX                       NVLTX                       NVLRX                       
ID               W                                                                                                                                                                       
GPU 0           451.433           0.727        0.077        0.490        16847853                    81696812                    0                           0                           
GPU 1           71.783            0.000        0.000        0.000        528244                      332772                      0                           0                           
GPU 2           70.559            0.000        0.000        0.000        5113020                     884828                      0                           0                           
GPU 3           70.370            0.000        0.000        0.000        1827565                     1459397                     0                           0                           
GPU 4           71.010            0.000        0.000        0.000        3791399                     3233549                     0                           0                           
GPU 5           72.433            0.000        0.000        0.000        1716843                     3881096                     0                           0                           
GPU 6           72.551            0.000        0.000        0.000        2088052                     3197883                     0                           0                           
GPU 7           72.085            0.000        0.000        0.000        4155322                     269894                      0                           0                           
GPU 0           453.979           0.708        0.078        0.477        12410613                    85215431                    0                           0                           
GPU 1           71.786            0.000        0.000        0.000        4653406                     3991553                     0                           0                           
GPU 2           70.554            0.000        0.000        0.000        1180499                     3265551                     0                           0                           
GPU 3           70.413            0.000        0.000        0.000        2521720                     2109975                     0                           0                           
GPU 4           71.016            0.000        0.000        0.000        2921322                     2429195                     0                           0                           
GPU 5           72.570            0.000        0.000        0.000        2291860                     1357057                     0                           0                           
GPU 6           72.538            0.000        0.000        0.000        2435907                     1701693                     0                           0                           
GPU 7           72.087            0.000        0.000        0.000        463800                      4771659                     0                           0                           
GPU 0           474.369           0.713        0.134        0.446        16931961                    88988413                    0                           0                           
GPU 1           71.790            0.000        0.000        0.000        816057                      573098                      0                           0                           
GPU 2           70.523            0.000        0.000        0.000        3822232                     3473806                     0                           0                           
GPU 3           70.574            0.000        0.000        0.000        4339059                     3682960                     0                           0                           
GPU 4           71.070            0.000        0.000        0.000        1315043                     1037778                     0                           0                           
GPU 5           72.413            0.000        0.000        0.000        4249901                     1896170                     0                           0                           
GPU 6           72.549            0.000        0.000        0.000        4206562                     2026079                     0                           0                           
GPU 7           72.039            0.000        0.000        0.000        5520424                     475479                      0                           0                           
GPU 0           465.438           0.705        0.119        0.457        16931961                    92889202                    0                           0                           
GPU 1           71.790            0.000        0.000        0.000        816057                      3945662                     0                           0                           
GPU 2           70.469            0.000        0.000        0.000        4085351                     533521                      0                           0                           
GPU 3           70.442            0.000        0.000        0.000        518302                      3682960                     0                           0                           
GPU 4           71.005            0.000        0.000        0.000        4402153                     3764365                     0                           0                           
GPU 5           72.395            0.000        0.000        0.000        466807                      3616346                     0                           0                           
GPU 6           72.585            0.000        0.000        0.000        4206562                     3582941                     0                           0                           
GPU 7           72.114            0.000        0.000        0.000        719890                      1277423                     0                           0                           
GPU 0           493.559           0.732        0.153        0.473        12559541                    90519032                    0                           0                           
GPU 1           71.682            0.000        0.000        0.000        522465                      327523                      0                           0                           
GPU 2           70.481            0.000        0.000        0.000        4325046                     3683076                     0                           0                           
GPU 3           70.286            0.000        0.000        0.000        4367074                     3730481                     0                           0                           
GPU 4           71.073            0.000        0.000        0.000        5039797                     4344532                     0                           0                           
GPU 5           72.460            0.000        0.000        0.000        5010424                     4311119                     0                           0                           
GPU 6           72.560            0.000        0.000        0.000        4076702                     3486829                     0                           0                           
GPU 7           72.036            0.000        0.000        0.000        3061555                     2595742                     0                           0                           
GPU 0           471.081           0.729        0.117        0.468        17048731                    86792116                    0                           0                           
GPU 1           71.882            0.000        0.000        0.000        4459279                     3802701                     0                           0                           
GPU 2           70.544            0.000        0.000        0.000        512556                      3969327                     0                           0                           
GPU 3           70.478            0.000        0.000        0.000        454016                      255831                      0                           0                           
GPU 4           70.909            0.000        0.000        0.000        771948                      524065                      0                           0                           
GPU 5           72.483            0.000        0.000        0.000        1624912                     1270322                     0                           0                           
GPU 6           72.521            0.000        0.000        0.000        2571489                     2125584                     0                           0                           
GPU 7           72.094            0.000        0.000        0.000        2491109                     2058283                     0                           0                           
GPU 0           564.469           0.741        0.115        0.489        13203585                    85328594                    0                           0                           
GPU 1           71.731            0.000        0.000        0.000        875170                      617074                      0                           0                           
GPU 2           70.554            0.000        0.000        0.000        1071461                     792510                      0                           0                           
GPU 3           70.370            0.000        0.000        0.000        1507864                     1163739                     0                           0                           
GPU 4           71.079            0.000        0.000        0.000        3238302                     2700533                     0                           0                           
GPU 5           72.409            0.000        0.000        0.000        3508408                     1776969                     0                           0                           
GPU 6           72.592            0.000        0.000        0.000        2028820                     1671795                     0                           0                           
GPU 7           72.088            0.000        0.000        0.000        2209766                     1834483                     0                           0                           
GPU 0           557.972           0.879        0.427        0.252        13146894                    53834255                    0                           0                           
GPU 1           71.737            0.000        0.000        0.000        4457764                     3814951                     0                           0                           
GPU 2           70.458            0.000        0.000        0.000        3726253                     3164316                     0                           0                           
GPU 3           70.374            0.000        0.000        0.000        3104547                     2621773                     0                           0                           
GPU 4           71.003            0.000        0.000        0.000        541294                      356206                      0                           0                           
GPU 5           72.437            0.000        0.000        0.000        2205729                     1836662                     0                           0                           
GPU 6           72.482            0.000        0.000        0.000        2734010                     2267074                     0                           0                           
GPU 7           72.653            0.000        0.000        0.000        4097345                     3483713                     0                           0                           
GPU 0           446.272           0.774        0.314        0.298        13469426                    65530119                    0                           0                           
GPU 1           71.748            0.000        0.000        0.000        3700691                     3116371                     0                           0                           
GPU 2           70.544            0.000        0.000        0.000        3667992                     3105063                     0                           0                           
GPU 3           70.333            0.000        0.000        0.000        3952639                     3356194                     0                           0                           
GPU 4           70.960            0.000        0.000        0.000        4292179                     3653854                     0                           0                           
GPU 5           72.386            0.000        0.000        0.000        2255872                     3798351                     0                           0                           
GPU 6           72.517            0.000        0.000        0.000        1862577                     1508824                     0                           0                           
GPU 7           72.876            0.000        0.000        0.000        445938                      241550                      0                           0                           
GPU 0           424.984           0.655        0.087        0.436        15219468                    85010701                    0                           0                           
GPU 1           71.752            0.000        0.000        0.000        560145                      3724976                     0                           0                           
GPU 2           70.430            0.000        0.000        0.000        540973                      357543                      0                           0                           
GPU 3           70.341            0.000        0.000        0.000        509395                      322826                      0                           0                           
GPU 4           70.998            0.000        0.000        0.000        464326                      272516                      0                           0                           
GPU 5           72.363            0.000        0.000        0.000        4453420                     87176                       0                           0                           
GPU 6           72.517            0.000        0.000        0.000        819248                      588671                      0                           0                           
GPU 7           72.842            0.000        0.000        0.000        1143345                     4276481                     0                           0                           
GPU 0           443.155           0.671        0.082        0.453        12522107                    81817316                    0                           0                           
GPU 1           71.777            0.000        0.000        0.000        4389477                     329106                      0                           0                           
GPU 2           70.582            0.000        0.000        0.000        4338287                     3696820                     0                           0                           
GPU 3           70.365            0.000        0.000        0.000        4622930                     3970521                     0                           0                           
GPU 4           70.998            0.000        0.000        0.000        4591926                     3954202                     0                           0                           
GPU 5           72.372            0.000        0.000        0.000        5034220                     4340386                     0                           0                           
GPU 6           72.515            0.000        0.000        0.000        4448162                     3812295                     0                           0                           
GPU 7           72.824            0.000        0.000        0.000        3691233                     3147942                     0                           0                           
GPU 0           448.897           0.700        0.085        0.470        16776373                    85517690                    0                           0                           
GPU 1           71.664            0.000        0.000        0.000        531391                      3792445                     0                           0                           
GPU 2           70.498            0.000        0.000        0.000        505742                      317071                      0                           0                           
GPU 3           70.357            0.000        0.000        0.000        714155                      465939                      0                           0                           
GPU 4           70.933            0.000        0.000        0.000        1138993                     844637                      0                           0                           
GPU 5           72.331            0.000        0.000        0.000        1516831                     1171785                     0                           0                           
GPU 6           72.508            0.000        0.000        0.000        1944293                     1563336                     0                           0                           
GPU 7           72.710            0.000        0.000        0.000        2282794                     1876445                     0                           0                           
GPU 0           444.164           0.700        0.093        0.470        12460807                    85517690                    0                           0                           
GPU 1           71.666            0.000        0.000        0.000        4442774                     271553                      0                           0                           
GPU 2           70.498            0.000        0.000        0.000        4621808                     317071                      0                           0                           
GPU 3           70.311            0.000        0.000        0.000        714155                      3871471                     0                           0                           
GPU 4           70.933            0.000        0.000        0.000        3778588                     3223650                     0                           0                           
GPU 5           72.331            0.000        0.000        0.000        1516831                     2659501                     0                           0                           
GPU 6           72.508            0.000        0.000        0.000        2467846                     2059644                     0                           0                           
GPU 7           72.710            0.000        0.000        0.000        2186962                     1876445                     0                           0                           
GPU 0           484.539           0.679        0.119        0.449        16479396                    81810892                    0                           0                           
GPU 1           71.791            0.000        0.000        0.000        472599                      4489875                     0                           0                           
GPU 2           70.509            0.000        0.000        0.000        1160399                     3302116                     0                           0                           
GPU 3           70.350            0.000        0.000        0.000        2456943                     2024811                     0                           0                           
GPU 4           70.985            0.000        0.000        0.000        3268852                     2738236                     0                           0                           
GPU 5           72.416            0.000        0.000        0.000        3620948                     3054535                     0                           0                           
GPU 6           72.515            0.000        0.000        0.000        3406136                     2873207                     0                           0                           
GPU 7           72.767            0.000        0.000        0.000        4212858                     1809629                     0                           0                           
#Entity         POWER             SMACT        TENSO        DRAMA        PCITX                       PCIRX                       NVLTX                       NVLRX                       
ID               W                                                                                                                                                                       
GPU 0           484.539           0.724        0.163        0.449        15919059                    82439430                    0                           0                           
GPU 1           71.642            0.000        0.000        0.000        5206647                     4489875                     0                           0                           
GPU 2           70.540            0.000        0.000        0.000        3829637                     3302116                     0                           0                           
GPU 3           70.319            0.000        0.000        0.000        2072713                     1711757                     0                           0                           
GPU 4           70.971            0.000        0.000        0.000        884123                      648811                      0                           0                           
GPU 5           72.363            0.000        0.000        0.000        826897                      587946                      0                           0                           
GPU 6           72.548            0.000        0.000        0.000        1310181                     1026658                     0                           0                           
GPU 7           72.767            0.000        0.000        0.000        448327                      3594476                     0                           0                           
GPU 0           486.839           0.736        0.133        0.458        12858808                    87952860                    0                           0                           
GPU 1           71.654            0.000        0.000        0.000        3015064                     320716                      0                           0                           
GPU 2           70.513            0.000        0.000        0.000        712170                      498461                      0                           0                           
GPU 3           70.302            0.000        0.000        0.000        554339                      3380119                     0                           0                           
GPU 4           70.889            0.000        0.000        0.000        4401174                     3771312                     0                           0                           
GPU 5           72.344            0.000        0.000        0.000        4562249                     3913493                     0                           0                           
GPU 6           72.503            0.000        0.000        0.000        4500413                     3881671                     0                           0                           
GPU 7           72.763            0.000        0.000        0.000        4930891                     253464                      0                           0                           
GPU 0           496.936           0.723        0.126        0.485        16481194                    88132266                    0                           0                           
GPU 1           71.782            0.000        0.000        0.000        519330                      3988631                     0                           0                           
GPU 2           70.512            0.000        0.000        0.000        4310463                     3661666                     0                           0                           
GPU 3           70.363            0.000        0.000        0.000        4336455                     358690                      0                           0                           
GPU 4           70.930            0.000        0.000        0.000        392006                      195479                      0                           0                           
GPU 5           72.320            0.000        0.000        0.000        215891                      20436                       0                           0                           
GPU 6           72.482            0.000        0.000        0.000        213440                      24774                       0                           0                           
GPU 7           72.817            0.000        0.000        0.000        690456                      452443                      0                           0                           
GPU 0           589.953           0.747        0.347        0.485        9628611                     89140875                    0                           0                           
GPU 1           71.770            0.000        0.000        0.000        4650433                     572624                      0                           0                           
GPU 2           70.453            0.000        0.000        0.000        507312                      3661666                     0                           0                           
GPU 3           70.188            0.000        0.000        0.000        4336455                     3684546                     0                           0                           
GPU 4           70.986            0.000        0.000        0.000        4561309                     3918901                     0                           0                           
GPU 5           72.408            0.000        0.000        0.000        4531484                     3881659                     0                           0                           
GPU 6           72.487            0.000        0.000        0.000        4971697                     4290403                     0                           0                           
GPU 7           72.817            0.000        0.000        0.000        4269475                     3660964                     0                           0                           
GPU 0           517.425           0.845        0.461        0.228        12301646                    58057589                    0                           0                           
GPU 1           71.684            0.000        0.000        0.000        816060                      3930922                     0                           0                           
GPU 2           70.440            0.000        0.000        0.000        4368194                     3728818                     0                           0                           
GPU 3           70.393            0.000        0.000        0.000        4657783                     320195                      0                           0                           
GPU 4           70.996            0.000        0.000        0.000        1226791                     925691                      0                           0                           
GPU 5           72.309            0.000        0.000        0.000        1644018                     1294255                     0                           0                           
GPU 6           72.382            0.000        0.000        0.000        1593901                     1262140                     0                           0                           
GPU 7           72.677            0.000        0.000        0.000        1747503                     1389236                     0                           0                           
GPU 0           442.206           0.860        0.107        0.228        12173967                    53146423                    0                           0                           
GPU 1           71.682            0.000        0.000        0.000        4568511                     3105108                     0                           0                           
GPU 2           70.447            0.000        0.000        0.000        452130                      3728818                     0                           0                           
GPU 3           70.329            0.000        0.000        0.000        4657783                     4015366                     0                           0                           
GPU 4           70.910            0.000        0.000        0.000        3788428                     3232916                     0                           0                           
GPU 5           72.334            0.000        0.000        0.000        3130766                     2640510                     0                           0                           
GPU 6           72.506            0.000        0.000        0.000        2973882                     2516183                     0                           0                           
GPU 7           72.677            0.000        0.000        0.000        2755100                     2318015                     0                           0                           
GPU 0           435.898           0.637        0.098        0.413        15962391                    86417103                    0                           0                           
GPU 1           71.639            0.000        0.000        0.000        3681503                     357497                      0                           0                           
GPU 2           70.473            0.000        0.000        0.000        5071415                     4376127                     0                           0                           
GPU 3           70.278            0.000        0.000        0.000        4456322                     463547                      0                           0                           
GPU 4           70.934            0.000        0.000        0.000        2548738                     2098113                     0                           0                           
GPU 5           72.307            0.000        0.000        0.000        2760858                     2275945                     0                           0                           
GPU 6           72.518            0.000        0.000        0.000        3030039                     2531670                     0                           0                           
GPU 7           72.719            0.000        0.000        0.000        4129152                     3501316                     0                           0                           
GPU 0           453.502           0.703        0.099        0.459        15891616                    84079326                    0                           0                           
GPU 1           71.673            0.000        0.000        0.000        4029696                     3417548                     0                           0                           
GPU 2           70.423            0.000        0.000        0.000        2903384                     2419621                     0                           0                           
GPU 3           70.233            0.000        0.000        0.000        3382993                     2834345                     0                           0                           
GPU 4           70.936            0.000        0.000        0.000        1928232                     1586380                     0                           0                           
GPU 5           72.345            0.000        0.000        0.000        1725780                     1396661                     0                           0                           
GPU 6           72.465            0.000        0.000        0.000        1683866                     1361033                     0                           0                           
GPU 7           72.693            0.000        0.000        0.000        481187                      287759                      0                           0                           
GPU 0           451.909           0.692        0.084        0.467        12774179                    81816701                    0                           0                           
GPU 1           71.722            0.000        0.000        0.000        521931                      323849                      0                           0                           
GPU 2           70.398            0.000        0.000        0.000        1225766                     960814                      0                           0                           
GPU 3           70.147            0.000        0.000        0.000        546183                      358687                      0                           0                           
GPU 4           70.959            0.000        0.000        0.000        4276976                     3634460                     0                           0                           
GPU 5           72.300            0.000        0.000        0.000        4499948                     3854328                     0                           0                           
GPU 6           72.482            0.000        0.000        0.000        4435035                     3801983                     0                           0                           
GPU 7           72.754            0.000        0.000        0.000        4956810                     4270805                     0                           0                           
GPU 0           448.010           0.683        0.095        0.451        15615135                    84827566                    0                           0                           
GPU 1           71.651            0.000        0.000        0.000        4459242                     3812626                     0                           0                           
GPU 2           70.382            0.000        0.000        0.000        3950179                     3350339                     0                           0                           
GPU 3           70.325            0.000        0.000        0.000        4322560                     3667706                     0                           0                           
GPU 4           70.933            0.000        0.000        0.000        506775                      319682                      0                           0                           
GPU 5           72.332            0.000        0.000        0.000        263915                      65264                       0                           0                           
GPU 6           72.473            0.000        0.000        0.000        738068                      500052                      0                           0                           
GPU 7           72.723            0.000        0.000        0.000        1076756                     793759                      0                           0                           
GPU 0           448.010           0.683        0.095        0.451        15615135                    84827566                    0                           0                           
GPU 1           71.651            0.000        0.000        0.000        897728                      3812626                     0                           0                           
GPU 2           70.382            0.000        0.000        0.000        3950179                     3350339                     0                           0                           
GPU 3           70.325            0.000        0.000        0.000        4322560                     342805                      0                           0                           
GPU 4           70.933            0.000        0.000        0.000        506775                      319682                      0                           0                           
GPU 5           72.332            0.000        0.000        0.000        5011206                     65264                       0                           0                           
GPU 6           72.433            0.000        0.000        0.000        738068                      500052                      0                           0                           
GPU 7           72.723            0.000        0.000        0.000        1076756                     3137956                     0                           0                           
GPU 0           591.803           0.725        0.174        0.391        12199298                    72982237                    0                           0                           
GPU 1           71.710            0.000        0.000        0.000        4982915                     641421                      0                           0                           
GPU 2           70.404            0.000        0.000        0.000        512543                      328593                      0                           0                           
GPU 3           70.261            0.000        0.000        0.000        533602                      3828290                     0                           0                           
GPU 4           70.940            0.000        0.000        0.000        1954976                     1569990                     0                           0                           
GPU 5           72.286            0.000        0.000        0.000        1211923                     3104789                     0                           0                           
GPU 6           72.424            0.000        0.000        0.000        2527196                     2063855                     0                           0                           
GPU 7           72.761            0.000        0.000        0.000        2212026                     1793727                     0                           0                           
GPU 0           504.432           0.879        0.444        0.242        10495244                    50817397                    0                           0                           
GPU 1           71.658            0.000        0.000        0.000        3687025                     4282582                     0                           0                           
GPU 2           70.496            0.000        0.000        0.000        4463030                     3821037                     0                           0                           
GPU 3           70.254            0.000        0.000        0.000        4489659                     862481                      0                           0                           
GPU 4           70.956            0.000        0.000        0.000        1996407                     1629506                     0                           0                           
GPU 5           72.286            0.000        0.000        0.000        3664268                     2094835                     0                           0                           
GPU 6           72.508            0.000        0.000        0.000        1630901                     1305978                     0                           0                           
GPU 7           72.700            0.000        0.000        0.000        2327492                     1926863                     0                           0                           
GPU 0           439.795           0.722        0.261        0.318        15963916                    67734598                    0                           0                           
GPU 1           71.728            0.000        0.000        0.000        554304                      3100105                     0                           0                           
GPU 2           70.348            0.000        0.000        0.000        255179                      65497                       0                           0                           
GPU 3           70.428            0.000        0.000        0.000        1165551                     3299761                     0                           0                           
GPU 4           70.955            0.000        0.000        0.000        4251259                     313919                      0                           0                           
GPU 5           72.279            0.000        0.000        0.000        2556424                     1537135                     0                           0                           
GPU 6           72.460            0.000        0.000        0.000        4439957                     3801634                     0                           0                           
GPU 7           72.705            0.000        0.000        0.000        4201065                     3583770                     0                           0                           
#Entity         POWER             SMACT        TENSO        DRAMA        PCITX                       PCIRX                       NVLTX                       NVLRX                       
ID               W                                                                                                                                                                       
GPU 0           451.379           0.672        0.102        0.436        14787102                    83878553                    0                           0                           
GPU 1           71.630            0.000        0.000        0.000        3902174                     3278569                     0                           0                           
GPU 2           70.446            0.000        0.000        0.000        3060636                     2545538                     0                           0                           
GPU 3           70.266            0.000        0.000        0.000        3529689                     2955891                     0                           0                           
GPU 4           70.934            0.000        0.000        0.000        501536                      3818495                     0                           0                           
GPU 5           72.291            0.000        0.000        0.000        1888230                     3475894                     0                           0                           
GPU 6           72.498            0.000        0.000        0.000        1047021                     772258                      0                           0                           
GPU 7           72.674            0.000        0.000        0.000        450628                      264176                      0                           0                           
GPU 0           440.078           0.681        0.093        0.449        12563197                    81069827                    0                           0                           
GPU 1           71.687            0.000        0.000        0.000        519837                      325946                      0                           0                           
GPU 2           70.404            0.000        0.000        0.000        536312                      353465                      0                           0                           
GPU 3           70.218            0.000        0.000        0.000        528261                      337500                      0                           0                           
GPU 4           70.947            0.000        0.000        0.000        4453077                     456415                      0                           0                           
GPU 5           72.269            0.000        0.000        0.000        4128836                     309699                      0                           0                           
GPU 6           72.471            0.000        0.000        0.000        3627196                     3086814                     0                           0                           
GPU 7           72.702            0.000        0.000        0.000        204387                      4665494                     0                           0                           
GPU 0           441.638           0.692        0.087        0.463        16143904                    84827188                    0                           0                           
GPU 1           71.623            0.000        0.000        0.000        4304016                     3640126                     0                           0                           
GPU 2           70.328            0.000        0.000        0.000        4215233                     3574274                     0                           0                           
GPU 3           70.267            0.000        0.000        0.000        4218537                     3577714                     0                           0                           
GPU 4           70.919            0.000        0.000        0.000        699391                      3723228                     0                           0                           
GPU 5           72.302            0.000        0.000        0.000        506733                      3749719                     0                           0                           
GPU 6           72.521            0.000        0.000        0.000        2213834                     1803653                     0                           0                           
GPU 7           72.703            0.000        0.000        0.000        4339344                     20486                       0                           0                           
GPU 0           458.178           0.668        0.082        0.454        16143904                    81687686                    0                           0                           
GPU 1           71.623            0.000        0.000        0.000        909397                      657862                      0                           0                           
GPU 2           70.455            0.000        0.000        0.000        504682                      315491                      0                           0                           
GPU 3           70.257            0.000        0.000        0.000        491659                      295852                      0                           0                           
GPU 4           70.936            0.000        0.000        0.000        4340467                     3723228                     0                           0                           
GPU 5           72.324            0.000        0.000        0.000        1388673                     3749719                     0                           0                           
GPU 6           72.478            0.000        0.000        0.000        2213834                     1990931                     0                           0                           
GPU 7           72.699            0.000        0.000        0.000        4339344                     923327                      0                           0                           
GPU 0           466.152           0.719        0.156        0.406        15767426                    78558321                    0                           0                           
GPU 1           71.616            0.000        0.000        0.000        4867478                     4171188                     0                           0                           
GPU 2           70.272            0.000        0.000        0.000        4507874                     3864342                     0                           0                           
GPU 3           70.270            0.000        0.000        0.000        4990797                     4292633                     0                           0                           
GPU 4           70.913            0.000        0.000        0.000        1207762                     3138567                     0                           0                           
GPU 5           72.318            0.000        0.000        0.000        3071862                     2585115                     0                           0                           
GPU 6           72.500            0.000        0.000        0.000        2967276                     2463735                     0                           0                           
GPU 7           72.677            0.000        0.000        0.000        3563045                     3020931                     0                           0                           
GPU 0           448.548           0.616        0.103        0.386        10980739                    82354497                    0                           0                           
GPU 1           71.696            0.000        0.000        0.000        3116894                     2584623                     0                           0                           
GPU 2           70.302            0.000        0.000        0.000        712259                      466899                      0                           0                           
GPU 3           70.237            0.000        0.000        0.000        1508408                     1165368                     0                           0                           
GPU 4           71.009            0.000        0.000        0.000        2976731                     2467507                     0                           0                           
GPU 5           72.322            0.000        0.000        0.000        3212559                     2667129                     0                           0                           
GPU 6           72.469            0.000        0.000        0.000        1630563                     1315038                     0                           0                           
GPU 7           72.720            0.000        0.000        0.000        1868537                     1498602                     0                           0                           
GPU 0           420.205           0.698        0.098        0.449        16536975                    85950034                    0                           0                           
GPU 1           71.723            0.000        0.000        0.000        514588                      318604                      0                           0                           
GPU 2           70.332            0.000        0.000        0.000        4345657                     3722603                     0                           0                           
GPU 3           70.270            0.000        0.000        0.000        3472483                     2942538                     0                           0                           
GPU 4           70.935            0.000        0.000        0.000        1209425                     941570                      0                           0                           
GPU 5           72.316            0.000        0.000        0.000        1135673                     871539                      0                           0                           
GPU 6           72.461            0.000        0.000        0.000        4373366                     3738193                     0                           0                           
GPU 7           72.758            0.000        0.000        0.000        2674315                     2233050                     0                           0                           
GPU 0           441.871           0.667        0.082        0.441        14953613                    85392177                    0                           0                           
GPU 1           71.639            0.000        0.000        0.000        4315617                     3655828                     0                           0                           
GPU 2           70.444            0.000        0.000        0.000        3033150                     2518235                     0                           0                           
GPU 3           70.228            0.000        0.000        0.000        3560560                     2990276                     0                           0                           
GPU 4           70.971            0.000        0.000        0.000        4186048                     3551957                     0                           0                           
GPU 5           72.344            0.000        0.000        0.000        4399390                     3752713                     0                           0                           
GPU 6           72.494            0.000        0.000        0.000        203914                      21439                       0                           0                           
GPU 7           72.722            0.000        0.000        0.000        4040062                     3409605                     0                           0                           
GPU 0           474.442           0.690        0.134        0.460        14953613                    85299556                    0                           0                           
GPU 1           71.639            0.000        0.000        0.000        4315617                     255823                      0                           0                           
GPU 2           70.444            0.000        0.000        0.000        1312135                     2972262                     0                           0                           
GPU 3           70.134            0.000        0.000        0.000        544352                      2990276                     0                           0                           
GPU 4           70.971            0.000        0.000        0.000        497884                      3551957                     0                           0                           
GPU 5           72.344            0.000        0.000        0.000        4399390                     3752713                     0                           0                           
GPU 6           72.494            0.000        0.000        0.000        203914                      4153523                     0                           0                           
GPU 7           72.703            0.000        0.000        0.000        4040062                     3409605                     0                           0                           
GPU 0           433.428           0.673        0.086        0.446        12342275                    82578778                    0                           0                           
GPU 1           71.702            0.000        0.000        0.000        5038920                     4321570                     0                           0                           
GPU 2           70.350            0.000        0.000        0.000        3543045                     316016                      0                           0                           
GPU 3           70.142            0.000        0.000        0.000        4206252                     3560144                     0                           0                           
GPU 4           70.901            0.000        0.000        0.000        4441409                     3791575                     0                           0                           
GPU 5           72.237            0.000        0.000        0.000        1670609                     1334181                     0                           0                           
GPU 6           72.473            0.000        0.000        0.000        3621616                     829359                      0                           0                           
GPU 7           72.696            0.000        0.000        0.000        4379119                     3754429                     0                           0                           
GPU 0           439.043           0.653        0.124        0.406        15576350                    88652398                    0                           0                           
GPU 1           71.783            0.000        0.000        0.000        1715572                     1355502                     0                           0                           
GPU 2           70.394            0.000        0.000        0.000        503111                      3788728                     0                           0                           
GPU 3           70.204            0.000        0.000        0.000        507816                      317581                      0                           0                           
GPU 4           70.977            0.000        0.000        0.000        204917                      20963                       0                           0                           
GPU 5           72.284            0.000        0.000        0.000        4182498                     3554677                     0                           0                           
GPU 6           72.481            0.000        0.000        0.000        2944304                     3081867                     0                           0                           
GPU 7           72.757            0.000        0.000        0.000        1194891                     903315                      0                           0                           
GPU 0           451.610           0.722        0.124        0.494        15576350                    89676513                    0                           0                           
GPU 1           71.783            0.000        0.000        0.000        1715572                     2752578                     0                           0                           
GPU 2           70.394            0.000        0.000        0.000        4433807                     110534                      0                           0                           
GPU 3           70.120            0.000        0.000        0.000        1101168                     317581                      0                           0                           
GPU 4           70.977            0.000        0.000        0.000        4443809                     20963                       0                           0                           
GPU 5           72.284            0.000        0.000        0.000        4182498                     3554677                     0                           0                           
GPU 6           72.481            0.000        0.000        0.000        2944304                     2440851                     0                           0                           
GPU 7           72.714            0.000        0.000        0.000        1194891                     903315                      0                           0                           
GPU 0           477.883           0.765        0.101        0.559        13543236                    85644796                    0                           0                           
GPU 1           71.640            0.000        0.000        0.000        3926895                     3305680                     0                           0                           
GPU 2           70.482            0.000        0.000        0.000        293487                      4232116                     0                           0                           
GPU 3           70.229            0.000        0.000        0.000        3752386                     811769                      0                           0                           
GPU 4           70.965            0.000        0.000        0.000        2560478                     2096298                     0                           0                           
GPU 5           72.282            0.000        0.000        0.000        2281261                     1856818                     0                           0                           
GPU 6           72.467            0.000        0.000        0.000        1196200                     939954                      0                           0                           
GPU 7           72.749            0.000        0.000        0.000        1709445                     1352119                     0                           0                           
