#Entity         POWER             SMACT        TENSO        DRAMA        PCITX                       PCIRX                       NVLTX                       NVLRX                       
ID               W                                                                                                                                                                       
GPU 0           163.611           N/A          N/A          N/A          N/A                         N/A                         N/A                         N/A                         
GPU 1           72.833            N/A          N/A          N/A          N/A                         N/A                         N/A                         N/A                         
GPU 2           71.946            N/A          N/A          N/A          N/A                         N/A                         N/A                         N/A                         
GPU 3           71.580            N/A          N/A          N/A          N/A                         N/A                         N/A                         N/A                         
GPU 4           71.987            N/A          N/A          N/A          N/A                         N/A                         N/A                         N/A                         
GPU 5           74.240            N/A          N/A          N/A          N/A                         N/A                         N/A                         N/A                         
GPU 6           74.101            N/A          N/A          N/A          N/A                         N/A                         N/A                         N/A                         
GPU 7           73.703            N/A          N/A          N/A          N/A                         N/A                         N/A                         N/A                         
GPU 0           163.611           N/A          N/A          N/A          N/A                         N/A                         N/A                         N/A                         
GPU 1           72.833            N/A          N/A          N/A          3317824                     N/A                         N/A                         N/A                         
GPU 2           71.946            N/A          N/A          N/A          N/A                         N/A                         N/A                         N/A                         
GPU 3           71.580            N/A          N/A          N/A          N/A                         944695                      N/A                         N/A                         
GPU 4           71.987            N/A          N/A          N/A          N/A                         N/A                         N/A                         N/A                         
GPU 5           74.240            N/A          N/A          N/A          N/A                         N/A                         N/A                         N/A                         
GPU 6           74.101            N/A          N/A          N/A          N/A                         N/A                         N/A                         N/A                         
GPU 7           73.703            N/A          N/A          N/A          N/A                         N/A                         N/A                         N/A                         
GPU 0           99.214            0.000        0.000        0.000        2672102                     2153895                     0                           0                           
GPU 1           72.847            0.000        0.000        0.000        583672                      2772848                     0                           0                           
GPU 2           71.872            0.000        0.000        0.000        2834574                     2349805                     0                           0                           
GPU 3           71.544            0.000        0.000        0.000        1254353                     3071617                     0                           0                           
GPU 4           71.982            0.000        0.000        0.000        2789167                     2294433                     0                           0                           
GPU 5           74.280            0.000        0.000        0.000        1769933                     1396784                     0                           0                           
GPU 6           74.126            0.000        0.000        0.000        2113597                     1401047                     0                           0                           
GPU 7           73.708            0.000        0.000        0.000        2005681                     1607409                     0                           0                           
GPU 0           98.972            0.000        0.000        0.000        4824704                     322053                      0                           0                           
GPU 1           72.835            0.000        0.000        0.000        3808785                     389769                      0                           0                           
GPU 2           71.838            0.000        0.000        0.000        5381850                     319164                      0                           0                           
GPU 3           71.546            0.000        0.000        0.000        3647509                     1770495                     0                           0                           
GPU 4           71.986            0.000        0.000        0.000        498916                      4610226                     0                           0                           
GPU 5           74.227            0.000        0.000        0.000        2166938                     3931807                     0                           0                           
GPU 6           74.104            0.000        0.000        0.000        3793091                     1722112                     0                           0                           
GPU 7           73.728            0.000        0.000        0.000        4044340                     1256854                     0                           0                           
GPU 0           98.926            0.000        0.000        0.000        5651820                     4007702                     0                           0                           
GPU 1           72.840            0.000        0.000        0.000        4930541                     3209003                     0                           0                           
GPU 2           71.878            0.000        0.000        0.000        5794675                     4589210                     0                           0                           
GPU 3           71.550            0.000        0.000        0.000        2202520                     5488171                     0                           0                           
GPU 4           72.014            0.000        0.000        0.000        5404273                     4291650                     0                           0                           
GPU 5           74.288            0.000        0.000        0.000        4648021                     4026844                     0                           0                           
GPU 6           74.124            0.000        0.000        0.000        5323154                     3187541                     0                           0                           
GPU 7           73.723            0.000        0.000        0.000        5366675                     3405346                     0                           0                           
GPU 0           98.858            0.000        0.000        0.000        6312501                     4173655                     0                           0                           
GPU 1           72.856            0.000        0.000        0.000        5827776                     4627085                     0                           0                           
GPU 2           71.876            0.000        0.000        0.000        4709604                     3977659                     0                           0                           
GPU 3           71.539            0.000        0.000        0.000        5761997                     4444942                     0                           0                           
GPU 4           72.018            0.000        0.000        0.000        5577137                     4758623                     0                           0                           
GPU 5           74.303            0.000        0.000        0.000        5709146                     4875525                     0                           0                           
GPU 6           74.122            0.000        0.000        0.000        5363940                     4497455                     0                           0                           
GPU 7           73.728            0.000        0.000        0.000        5786242                     4356382                     0                           0                           
GPU 0           98.868            0.000        0.000        0.000        530948                      321818                      0                           0                           
GPU 1           72.827            0.000        0.000        0.000        531929                      342740                      0                           0                           
GPU 2           71.778            0.000        0.000        0.000        4452210                     3808170                     0                           0                           
GPU 3           71.544            0.000        0.000        0.000        657693                      452655                      0                           0                           
GPU 4           71.997            0.000        0.000        0.000        4250594                     3621750                     0                           0                           
GPU 5           74.276            0.000        0.000        0.000        5491386                     4706977                     0                           0                           
GPU 6           74.087            0.000        0.000        0.000        3592189                     3032602                     0                           0                           
GPU 7           73.740            0.000        0.000        0.000        5122100                     1766113                     0                           0                           
GPU 0           98.807            0.000        0.000        0.000        4052192                     3360840                     0                           0                           
GPU 1           72.834            0.000        0.000        0.000        4512169                     3869220                     0                           0                           
GPU 2           71.926            0.000        0.000        0.000        1110159                     819299                      0                           0                           
GPU 3           71.549            0.000        0.000        0.000        4249918                     3605880                     0                           0                           
GPU 4           72.039            0.000        0.000        0.000        1909978                     1533465                     0                           0                           
GPU 5           74.260            0.000        0.000        0.000        216951                      20961                       0                           0                           
GPU 6           74.118            0.000        0.000        0.000        2218640                     1807975                     0                           0                           
GPU 7           73.728            0.000        0.000        0.000        2152876                     3521093                     0                           0                           
GPU 0           98.801            0.000        0.000        0.000        4052192                     2176566                     0                           0                           
GPU 1           72.834            0.000        0.000        0.000        4512169                     514540                      0                           0                           
GPU 2           71.926            0.000        0.000        0.000        3869735                     2898975                     0                           0                           
GPU 3           71.540            0.000        0.000        0.000        519352                      3605880                     0                           0                           
GPU 4           72.039            0.000        0.000        0.000        2512649                     2091060                     0                           0                           
GPU 5           74.260            0.000        0.000        0.000        216951                      3805239                     0                           0                           
GPU 6           74.118            0.000        0.000        0.000        2218640                     1836888                     0                           0                           
GPU 7           73.706            0.000        0.000        0.000        4145760                     3521093                     0                           0                           
GPU 0           98.813            0.000        0.000        0.000        2686726                     3855500                     0                           0                           
GPU 1           72.843            0.000        0.000        0.000        6828796                     5847808                     0                           0                           
GPU 2           71.940            0.000        0.000        0.000        3457545                     4023044                     0                           0                           
GPU 3           71.546            0.000        0.000        0.000        5316768                     4516406                     0                           0                           
GPU 4           72.040            0.000        0.000        0.000        3682372                     3087304                     0                           0                           
GPU 5           74.277            0.000        0.000        0.000        2912694                     2400500                     0                           0                           
GPU 6           74.108            0.000        0.000        0.000        3935850                     3314209                     0                           0                           
GPU 7           73.739            0.000        0.000        0.000        5543815                     4734851                     0                           0                           
GPU 0           98.780            0.000        0.000        0.000        4714413                     247395                      0                           0                           
GPU 1           72.840            0.000        0.000        0.000        521449                      325447                      0                           0                           
GPU 2           71.865            0.000        0.000        0.000        4727616                     481716                      0                           0                           
GPU 3           71.526            0.000        0.000        0.000        549224                      343789                      0                           0                           
GPU 4           72.040            0.000        0.000        0.000        4913529                     4199035                     0                           0                           
GPU 5           74.260            0.000        0.000        0.000        4274834                     3637859                     0                           0                           
GPU 6           74.108            0.000        0.000        0.000        4070146                     3464177                     0                           0                           
GPU 7           73.716            0.000        0.000        0.000        2380148                     1978313                     0                           0                           
GPU 0           98.784            0.000        0.000        0.000        458625                      3426279                     0                           0                           
GPU 1           72.847            0.000        0.000        0.000        4170928                     3517959                     0                           0                           
GPU 2           71.856            0.000        0.000        0.000        717552                      4052909                     0                           0                           
GPU 3           71.529            0.000        0.000        0.000        4313738                     3661253                     0                           0                           
GPU 4           71.999            0.000        0.000        0.000        1093993                     803571                      0                           0                           
GPU 5           74.244            0.000        0.000        0.000        1542872                     1193946                     0                           0                           
GPU 6           74.101            0.000        0.000        0.000        1965964                     1569452                     0                           0                           
GPU 7           73.729            0.000        0.000        0.000        3375054                     2806431                     0                           0                           
GPU 0           98.784            0.000        0.000        0.000        2622108                     3426279                     0                           0                           
GPU 1           72.843            0.000        0.000        0.000        894383                      3517959                     0                           0                           
GPU 2           71.856            0.000        0.000        0.000        717552                      4052909                     0                           0                           
GPU 3           71.529            0.000        0.000        0.000        4313738                     822743                      0                           0                           
GPU 4           71.999            0.000        0.000        0.000        1093993                     803571                      0                           0                           
GPU 5           74.244            0.000        0.000        0.000        2972209                     1889507                     0                           0                           
GPU 6           74.098            0.000        0.000        0.000        2115951                     1569452                     0                           0                           
GPU 7           73.729            0.000        0.000        0.000        3375054                     771969                      0                           0                           
GPU 0           98.674            0.000        0.000        0.000        504748                      300857                      0                           0                           
GPU 1           72.828            0.000        0.000        0.000        4845841                     4158725                     0                           0                           
GPU 2           71.854            0.000        0.000        0.000        504155                      322826                      0                           0                           
GPU 3           71.534            0.000        0.000        0.000        3646681                     3087713                     0                           0                           
GPU 4           72.026            0.000        0.000        0.000        613171                      422537                      0                           0                           
GPU 5           74.326            0.000        0.000        0.000        2342235                     1756769                     0                           0                           
GPU 6           74.106            0.000        0.000        0.000        3986045                     3364666                     0                           0                           
GPU 7           73.722            0.000        0.000        0.000        4218182                     3591403                     0                           0                           
GPU 0           176.156           0.208        0.010        0.130        8410261                     34133703                    0                           0                           
GPU 1           72.857            0.000        0.000        0.000        3017241                     2495774                     0                           0                           
GPU 2           71.894            0.000        0.000        0.000        4153928                     3516717                     0                           0                           
GPU 3           71.563            0.000        0.000        0.000        3437768                     2854326                     0                           0                           
GPU 4           71.940            0.000        0.000        0.000        3465740                     2886108                     0                           0                           
GPU 5           74.321            0.000        0.000        0.000        2148268                     3368037                     0                           0                           
GPU 6           74.056            0.000        0.000        0.000        446484                      248258                      0                           0                           
GPU 7           73.668            0.000        0.000        0.000        645929                      408782                      0                           0                           
#Entity         POWER             SMACT        TENSO        DRAMA        PCITX                       PCIRX                       NVLTX                       NVLRX                       
ID               W                                                                                                                                                                       
GPU 0           224.625           0.374        0.019        0.233        10949460                    56299650                    0                           0                           
GPU 1           72.806            0.000        0.000        0.000        547930                      3552775                     0                           0                           
GPU 2           71.818            0.000        0.000        0.000        2595733                     2150301                     0                           0                           
GPU 3           71.645            0.000        0.000        0.000        520387                      320722                      0                           0                           
GPU 4           71.940            0.000        0.000        0.000        1050235                     788724                      0                           0                           
GPU 5           74.287            0.000        0.000        0.000        4018901                     244865                      0                           0                           
GPU 6           74.056            0.000        0.000        0.000        4724808                     1509531                     0                           0                           
GPU 7           73.659            0.000        0.000        0.000        1852238                     3454168                     0                           0                           
GPU 0           221.695           0.356        0.016        0.212        8289512                     54475772                    0                           0                           
GPU 1           72.805            0.000        0.000        0.000        4196781                     313925                      0                           0                           
GPU 2           71.847            0.000        0.000        0.000        1184432                     913072                      0                           0                           
GPU 3           71.589            0.000        0.000        0.000        4102870                     3447270                     0                           0                           
GPU 4           71.842            0.000        0.000        0.000        4078509                     3450724                     0                           0                           
GPU 5           74.169            0.000        0.000        0.000        4710876                     3997813                     0                           0                           
GPU 6           74.068            0.000        0.000        0.000        1898704                     1376929                     0                           0                           
GPU 7           73.622            0.000        0.000        0.000        2558474                     2132607                     0                           0                           
GPU 0           228.531           0.367        0.016        0.220        11615365                    58331218                    0                           0                           
GPU 1           72.799            0.000        0.000        0.000        506263                      3545313                     0                           0                           
GPU 2           71.894            0.000        0.000        0.000        3724301                     3119703                     0                           0                           
GPU 3           71.588            0.000        0.000        0.000        480035                      273033                      0                           0                           
GPU 4           71.833            0.000        0.000        0.000        459612                      262560                      0                           0                           
GPU 5           74.353            0.000        0.000        0.000        693630                      440188                      0                           0                           
GPU 6           74.053            0.000        0.000        0.000        1713955                     3403782                     0                           0                           
GPU 7           73.662            0.000        0.000        0.000        2330005                     1888740                     0                           0                           
GPU 0           235.673           0.390        0.018        0.240        8387359                     61624860                    0                           0                           
GPU 1           72.813            0.000        0.000        0.000        4187819                     2354638                     0                           0                           
GPU 2           71.812            0.000        0.000        0.000        557830                      377903                      0                           0                           
GPU 3           71.583            0.000        0.000        0.000        2463669                     3767481                     0                           0                           
GPU 4           71.833            0.000        0.000        0.000        1129829                     3650734                     0                           0                           
GPU 5           74.317            0.000        0.000        0.000        693630                      3523070                     0                           0                           
GPU 6           74.053            0.000        0.000        0.000        4023223                     237267                      0                           0                           
GPU 7           73.589            0.000        0.000        0.000        2110490                     1888740                     0                           0                           
GPU 0           232.417           0.372        0.019        0.233        8646868                     55773875                    0                           0                           
GPU 1           72.783            0.000        0.000        0.000        513074                      324405                      0                           0                           
GPU 2           71.884            0.000        0.000        0.000        4160020                     3553142                     0                           0                           
GPU 3           71.572            0.000        0.000        0.000        1661574                     1346608                     0                           0                           
GPU 4           71.845            0.000        0.000        0.000        3789049                     838528                      0                           0                           
GPU 5           74.238            0.000        0.000        0.000        2271168                     1568517                     0                           0                           
GPU 6           74.063            0.000        0.000        0.000        4969518                     4279550                     0                           0                           
GPU 7           73.639            0.000        0.000        0.000        4198760                     3573034                     0                           0                           
GPU 0           238.775           0.394        0.019        0.251        12508047                    59558265                    0                           0                           
GPU 1           72.814            0.000        0.000        0.000        4375016                     3714676                     0                           0                           
GPU 2           71.864            0.000        0.000        0.000        285909                      107143                      0                           0                           
GPU 3           71.624            0.000        0.000        0.000        4088057                     3436148                     0                           0                           
GPU 4           71.858            0.000        0.000        0.000        2143491                     3228291                     0                           0                           
GPU 5           74.260            0.000        0.000        0.000        4039169                     1869233                     0                           0                           
GPU 6           74.083            0.000        0.000        0.000        204915                      20963                       0                           0                           
GPU 7           73.634            0.000        0.000        0.000        434509                      243935                      0                           0                           
GPU 0           228.684           0.373        0.020        0.230        12508047                    54412886                    0                           0                           
GPU 1           72.814            0.000        0.000        0.000        4375016                     98001                       0                           0                           
GPU 2           71.828            0.000        0.000        0.000        4425351                     736426                      0                           0                           
GPU 3           71.592            0.000        0.000        0.000        518813                      3436148                     0                           0                           
GPU 4           71.858            0.000        0.000        0.000        2417122                     1724703                     0                           0                           
GPU 5           74.260            0.000        0.000        0.000        4039169                     3397241                     0                           0                           
GPU 6           74.083            0.000        0.000        0.000        204915                      3633739                     0                           0                           
GPU 7           73.666            0.000        0.000        0.000        4652842                     243935                      0                           0                           
GPU 0           235.069           0.386        0.018        0.240        8067626                     59999246                    0                           0                           
GPU 1           72.822            0.000        0.000        0.000        280378                      3707836                     0                           0                           
GPU 2           71.848            0.000        0.000        0.000        1018581                     3041085                     0                           0                           
GPU 3           71.627            0.000        0.000        0.000        4015529                     317577                      0                           0                           
GPU 4           71.831            0.000        0.000        0.000        3740969                     3134943                     0                           0                           
GPU 5           74.252            0.000        0.000        0.000        1571362                     1228794                     0                           0                           
GPU 6           74.070            0.000        0.000        0.000        1879407                     1497236                     0                           0                           
GPU 7           73.682            0.000        0.000        0.000        1636961                     1280295                     0                           0                           
GPU 0           231.779           0.378        0.019        0.235        13004232                    59999246                    0                           0                           
GPU 1           72.811            0.000        0.000        0.000        4360835                     497357                      0                           0                           
GPU 2           71.848            0.000        0.000        0.000        3592581                     2991847                     0                           0                           
GPU 3           71.606            0.000        0.000        0.000        481065                      3368370                     0                           0                           
GPU 4           71.831            0.000        0.000        0.000        509412                      323885                      0                           0                           
GPU 5           74.252            0.000        0.000        0.000        3007745                     2520321                     0                           0                           
GPU 6           74.070            0.000        0.000        0.000        2147171                     1764590                     0                           0                           
GPU 7           73.623            0.000        0.000        0.000        2117232                     1746101                     0                           0                           
GPU 0           237.790           0.402        0.019        0.248        11069513                    61584807                    0                           0                           
GPU 1           72.862            0.000        0.000        0.000        746297                      3354128                     0                           0                           
GPU 2           71.861            0.000        0.000        0.000        3556066                     356370                      0                           0                           
GPU 3           71.606            0.000        0.000        0.000        4543571                     273546                      0                           0                           
GPU 4           71.791            0.000        0.000        0.000        4394514                     3748909                     0                           0                           
GPU 5           74.307            0.000        0.000        0.000        2219783                     1791069                     0                           0                           
GPU 6           74.112            0.000        0.000        0.000        4189759                     3565696                     0                           0                           
GPU 7           73.660            0.000        0.000        0.000        4154877                     3533400                     0                           0                           
GPU 0           230.676           0.376        0.019        0.233        11563151                    57589449                    0                           0                           
GPU 1           72.796            0.000        0.000        0.000        3492187                     2918816                     0                           0                           
GPU 2           71.902            0.000        0.000        0.000        543871                      3447070                     0                           0                           
GPU 3           71.585            0.000        0.000        0.000        2795168                     2289305                     0                           0                           
GPU 4           71.855            0.000        0.000        0.000        2250890                     1827046                     0                           0                           
GPU 5           74.239            0.000        0.000        0.000        2277227                     1885722                     0                           0                           
GPU 6           74.117            0.000        0.000        0.000        442615                      251085                      0                           0                           
GPU 7           73.675            0.000        0.000        0.000        813137                      572864                      0                           0                           
GPU 0           235.091           0.384        0.019        0.237        8583979                     55971425                    0                           0                           
GPU 1           72.885            0.000        0.000        0.000        578434                      389116                      0                           0                           
GPU 2           71.819            0.000        0.000        0.000        4091103                     318113                      0                           0                           
GPU 3           71.584            0.000        0.000        0.000        513552                      308655                      0                           0                           
GPU 4           71.860            0.000        0.000        0.000        1097951                     828049                      0                           0                           
GPU 5           74.298            0.000        0.000        0.000        3993251                     3342907                     0                           0                           
GPU 6           74.072            0.000        0.000        0.000        4705846                     4018776                     0                           0                           
GPU 7           73.648            0.000        0.000        0.000        4072537                     3452398                     0                           0                           
GPU 0           236.308           0.387        0.019        0.240        12187820                    59434033                    0                           0                           
GPU 1           72.787            0.000        0.000        0.000        3793977                     3191343                     0                           0                           
GPU 2           71.868            0.000        0.000        0.000        513069                      3683857                     0                           0                           
GPU 3           71.578            0.000        0.000        0.000        4139841                     3492139                     0                           0                           
GPU 4           71.865            0.000        0.000        0.000        4057231                     3428365                     0                           0                           
GPU 5           74.312            0.000        0.000        0.000        464481                      257727                      0                           0                           
GPU 6           74.095            0.000        0.000        0.000        687031                      444998                      0                           0                           
GPU 7           73.682            0.000        0.000        0.000        1170131                     869975                      0                           0                           
GPU 0           229.671           0.368        0.018        0.227        8207441                     54062412                    0                           0                           
GPU 1           72.791            0.000        0.000        0.000        542096                      356933                      0                           0                           
GPU 2           71.793            0.000        0.000        0.000        4326829                     274428                      0                           0                           
GPU 3           71.613            0.000        0.000        0.000        480538                      272497                      0                           0                           
GPU 4           71.838            0.000        0.000        0.000        464858                      267280                      0                           0                           
GPU 5           74.229            0.000        0.000        0.000        696008                      4029425                     0                           0                           
GPU 6           74.093            0.000        0.000        0.000        4102825                     3490837                     0                           0                           
GPU 7           73.672            0.000        0.000        0.000        3489156                     2952273                     0                           0                           
#Entity         POWER             SMACT        TENSO        DRAMA        PCITX                       PCIRX                       NVLTX                       NVLRX                       
ID               W                                                                                                                                                                       
GPU 0           249.088           0.426        0.021        0.260        14724487                    72724725                    0                           0                           
GPU 1           72.858            0.000        0.000        0.000        4150252                     3501431                     0                           0                           
GPU 2           71.818            0.000        0.000        0.000        482631                      4000953                     0                           0                           
GPU 3           71.623            0.000        0.000        0.000        4461101                     3804563                     0                           0                           
GPU 4           71.930            0.000        0.000        0.000        4392850                     3740892                     0                           0                           
GPU 5           74.248            0.000        0.000        0.000        4242450                     445902                      0                           0                           
GPU 6           74.041            0.000        0.000        0.000        1177731                     876628                      0                           0                           
GPU 7           73.570            0.000        0.000        0.000        2191491                     1781301                     0                           0                           
GPU 0           268.666           0.479        0.023        0.293        15157147                    82323132                    0                           0                           
GPU 1           72.767            0.000        0.000        0.000        507304                      317065                      0                           0                           
GPU 2           71.858            0.000        0.000        0.000        3069577                     2558979                     0                           0                           
GPU 3           71.662            0.000        0.000        0.000        625692                      388306                      0                           0                           
GPU 4           71.883            0.000        0.000        0.000        1117148                     825851                      0                           0                           
GPU 5           74.247            0.000        0.000        0.000        1590040                     1234999                     0                           0                           
GPU 6           74.087            0.000        0.000        0.000        2222193                     1812052                     0                           0                           
GPU 7           73.680            0.000        0.000        0.000        2349616                     1944329                     0                           0                           
GPU 0           266.799           0.472        0.023        0.290        12651699                    79668866                    0                           0                           
GPU 1           72.772            0.000        0.000        0.000        4468708                     3811006                     0                           0                           
GPU 2           71.861            0.000        0.000        0.000        517149                      327475                      0                           0                           
GPU 3           71.589            0.000        0.000        0.000        4096988                     3484379                     0                           0                           
GPU 4           71.832            0.000        0.000        0.000        3669718                     3107788                     0                           0                           
GPU 5           74.269            0.000        0.000        0.000        3066115                     2575863                     0                           0                           
GPU 6           74.126            0.000        0.000        0.000        2169181                     1781883                     0                           0                           
GPU 7           73.688            0.000        0.000        0.000        2961161                     2462306                     0                           0                           
GPU 0           266.600           0.476        0.024        0.293        16645065                    83322277                    0                           0                           
GPU 1           72.755            0.000        0.000        0.000        772302                      533131                      0                           0                           
GPU 2           71.774            0.000        0.000        0.000        4210411                     3575233                     0                           0                           
GPU 3           71.545            0.000        0.000        0.000        1320009                     997736                      0                           0                           
GPU 4           71.902            0.000        0.000        0.000        2193984                     1777103                     0                           0                           
GPU 5           74.287            0.000        0.000        0.000        2405900                     1956267                     0                           0                           
GPU 6           74.107            0.000        0.000        0.000        4079447                     3461714                     0                           0                           
GPU 7           73.685            0.000        0.000        0.000        1612589                     1291329                     0                           0                           
GPU 0           266.600           0.476        0.021        0.293        12974582                    83322277                    0                           0                           
GPU 1           72.788            0.000        0.000        0.000        4429632                     533131                      0                           0                           
GPU 2           71.774            0.000        0.000        0.000        891357                      3575233                     0                           0                           
GPU 3           71.545            0.000        0.000        0.000        1320009                     2852376                     0                           0                           
GPU 4           71.902            0.000        0.000        0.000        2193984                     2070016                     0                           0                           
GPU 5           74.287            0.000        0.000        0.000        2405900                     1828882                     0                           0                           
GPU 6           74.107            0.000        0.000        0.000        503640                      3461714                     0                           0                           
GPU 7           73.685            0.000        0.000        0.000        637362                      3710880                     0                           0                           
GPU 0           259.317           0.460        0.021        0.274        16585534                    80762180                    0                           0                           
GPU 1           72.854            0.000        0.000        0.000        3088340                     2571745                     0                           0                           
GPU 2           71.905            0.000        0.000        0.000        4362028                     645044                      0                           0                           
GPU 3           71.568            0.000        0.000        0.000        3844875                     3232248                     0                           0                           
GPU 4           71.889            0.000        0.000        0.000        1567513                     2566922                     0                           0                           
GPU 5           74.215            0.000        0.000        0.000        2224528                     3472388                     0                           0                           
GPU 6           74.098            0.000        0.000        0.000        4379778                     3744063                     0                           0                           
GPU 7           73.630            0.000        0.000        0.000        4178080                     404751                      0                           0                           
GPU 0           265.350           0.468        0.022        0.284        15404229                    82183702                    0                           0                           
GPU 1           72.818            0.000        0.000        0.000        501012                      3864022                     0                           0                           
GPU 2           71.835            0.000        0.000        0.000        3345033                     2808893                     0                           0                           
GPU 3           71.671            0.000        0.000        0.000        4308748                     354596                      0                           0                           
GPU 4           71.855            0.000        0.000        0.000        4299001                     1252543                     0                           0                           
GPU 5           74.307            0.000        0.000        0.000        515131                      307611                      0                           0                           
GPU 6           74.072            0.000        0.000        0.000        204913                      20962                       0                           0                           
GPU 7           73.651            0.000        0.000        0.000        2172039                     1774304                     0                           0                           
GPU 0           256.525           0.468        0.022        0.284        12965133                    82183702                    0                           0                           
GPU 1           72.804            0.000        0.000        0.000        4528028                     513601                      0                           0                           
GPU 2           71.835            0.000        0.000        0.000        545614                      2808893                     0                           0                           
GPU 3           71.648            0.000        0.000        0.000        4308748                     3655781                     0                           0                           
GPU 4           71.855            0.000        0.000        0.000        434515                      3658055                     0                           0                           
GPU 5           74.307            0.000        0.000        0.000        515131                      3892065                     0                           0                           
GPU 6           74.072            0.000        0.000        0.000        4485039                     3841474                     0                           0                           
GPU 7           73.651            0.000        0.000        0.000        2134864                     1774304                     0                           0                           
GPU 0           242.482           0.424        0.020        0.259        13930930                    70679285                    0                           0                           
GPU 1           72.787            0.000        0.000        0.000        746818                      3904922                     0                           0                           
GPU 2           71.930            0.000        0.000        0.000        4299114                     3657706                     0                           0                           
GPU 3           71.632            0.000        0.000        0.000        4631221                     321224                      0                           0                           
GPU 4           71.886            0.000        0.000        0.000        5031604                     240603                      0                           0                           
GPU 5           74.245            0.000        0.000        0.000        1149298                     847127                      0                           0                           
GPU 6           74.057            0.000        0.000        0.000        1629870                     1282234                     0                           0                           
GPU 7           73.614            0.000        0.000        0.000        4464650                     1767959                     0                           0                           
GPU 0           242.482           0.424        0.018        0.259        9297391                     70679285                    0                           0                           
GPU 1           72.800            0.000        0.000        0.000        4537303                     3904922                     0                           0                           
GPU 2           71.862            0.000        0.000        0.000        507298                      3657706                     0                           0                           
GPU 3           71.583            0.000        0.000        0.000        4631221                     3982494                     0                           0                           
GPU 4           71.858            0.000        0.000        0.000        1512181                     4335762                     0                           0                           
GPU 5           74.276            0.000        0.000        0.000        3787010                     3234944                     0                           0                           
GPU 6           74.031            0.000        0.000        0.000        3069401                     2602381                     0                           0                           
GPU 7           73.614            0.000        0.000        0.000        205437                      3842114                     0                           0                           
GPU 0           248.667           0.393        0.019        0.238        13519458                    60243867                    0                           0                           
GPU 1           72.867            0.000        0.000        0.000        3403320                     359279                      0                           0                           
GPU 2           71.891            0.000        0.000        0.000        4615517                     325446                      0                           0                           
GPU 3           71.651            0.000        0.000        0.000        1178970                     881608                      0                           0                           
GPU 4           71.858            0.000        0.000        0.000        3139778                     1179589                     0                           0                           
GPU 5           74.219            0.000        0.000        0.000        2277733                     1854678                     0                           0                           
GPU 6           74.126            0.000        0.000        0.000        3024979                     2520815                     0                           0                           
GPU 7           73.663            0.000        0.000        0.000        4476538                     24107                       0                           0                           
GPU 0           257.488           0.405        0.018        0.246        12869658                    66632475                    0                           0                           
GPU 1           72.845            0.000        0.000        0.000        547362                      3736058                     0                           0                           
GPU 2           71.866            0.000        0.000        0.000        1156474                     3968810                     0                           0                           
GPU 3           71.579            0.000        0.000        0.000        3852342                     3073248                     0                           0                           
GPU 4           71.873            0.000        0.000        0.000        3085194                     2578505                     0                           0                           
GPU 5           74.264            0.000        0.000        0.000        2282158                     1880226                     0                           0                           
GPU 6           74.112            0.000        0.000        0.000        1696421                     1374117                     0                           0                           
GPU 7           73.612            0.000        0.000        0.000        1150320                     3853953                     0                           0                           
GPU 0           261.856           0.433        0.022        0.250        16645046                    80460971                    0                           0                           
GPU 1           72.801            0.000        0.000        0.000        4384850                     327025                      0                           0                           
GPU 2           71.794            0.000        0.000        0.000        3862529                     865608                      0                           0                           
GPU 3           71.645            0.000        0.000        0.000        3650082                     358670                      0                           0                           
GPU 4           71.934            0.000        0.000        0.000        1707176                     1384296                     0                           0                           
GPU 5           74.226            0.000        0.000        0.000        4257042                     3610416                     0                           0                           
GPU 6           74.118            0.000        0.000        0.000        4518742                     3879945                     0                           0                           
GPU 7           73.672            0.000        0.000        0.000        4114730                     858154                      0                           0                           
GPU 0           256.969           0.463        0.022        0.278        15059152                    83063937                    0                           0                           
GPU 1           72.868            0.000        0.000        0.000        515694                      3903372                     0                           0                           
GPU 2           71.833            0.000        0.000        0.000        3275044                     3308826                     0                           0                           
GPU 3           71.554            0.000        0.000        0.000        559548                      3550797                     0                           0                           
GPU 4           71.898            0.000        0.000        0.000        4198294                     3569938                     0                           0                           
GPU 5           74.254            0.000        0.000        0.000        494507                      293941                      0                           0                           
GPU 6           74.085            0.000        0.000        0.000        662834                      424860                      0                           0                           
GPU 7           73.626            0.000        0.000        0.000        1695589                     1335889                     0                           0                           
#Entity         POWER             SMACT        TENSO        DRAMA        PCITX                       PCIRX                       NVLTX                       NVLRX                       
ID               W                                                                                                                                                                       
GPU 0           239.400           0.460        0.020        0.281        9616709                     79593538                    0                           0                           
GPU 1           72.764            0.000        0.000        0.000        4546336                     471155                      0                           0                           
GPU 2           71.925            0.000        0.000        0.000        506768                      2738475                     0                           0                           
GPU 3           71.628            0.000        0.000        0.000        4203209                     324896                      0                           0                           
GPU 4           71.930            0.000        0.000        0.000        429273                      232503                      0                           0                           
GPU 5           74.254            0.000        0.000        0.000        4863688                     4159726                     0                           0                           
GPU 6           74.110            0.000        0.000        0.000        4236941                     3626006                     0                           0                           
GPU 7           73.665            0.000        0.000        0.000        2691674                     2249875                     0                           0                           
GPU 0           246.509           0.398        0.019        0.245        12578523                    62817830                    0                           0                           
GPU 1           72.778            0.000        0.000        0.000        712687                      3989569                     0                           0                           
GPU 2           71.830            0.000        0.000        0.000        4567502                     3927653                     0                           0                           
GPU 3           71.557            0.000        0.000        0.000        4647166                     3991595                     0                           0                           
GPU 4           71.888            0.000        0.000        0.000        5060442                     4372790                     0                           0                           
GPU 5           74.269            0.000        0.000        0.000        1145048                     843283                      0                           0                           
GPU 6           74.092            0.000        0.000        0.000        1229686                     929530                      0                           0                           
GPU 7           73.673            0.000        0.000        0.000        4170519                     3544784                     0                           0                           
GPU 0           246.509           0.398        0.019        0.245        12578523                    62817830                    0                           0                           
GPU 1           72.778            0.000        0.000        0.000        712687                      3989569                     0                           0                           
GPU 2           71.838            0.000        0.000        0.000        4567502                     3927653                     0                           0                           
GPU 3           71.557            0.000        0.000        0.000        4647166                     3991595                     0                           0                           
GPU 4           71.832            0.000        0.000        0.000        5060442                     4372790                     0                           0                           
GPU 5           74.232            0.000        0.000        0.000        3771567                     843283                      0                           0                           
GPU 6           74.117            0.000        0.000        0.000        1229686                     929530                      0                           0                           
GPU 7           73.673            0.000        0.000        0.000        4170519                     313398                      0                           0                           
GPU 0           271.233           0.448        0.023        0.273        16737072                    74979707                    0                           0                           
GPU 1           72.830            0.000        0.000        0.000        515679                      2906279                     0                           0                           
GPU 2           71.899            0.000        0.000        0.000        4523859                     546871                      0                           0                           
GPU 3           71.596            0.000        0.000        0.000        1175581                     3300774                     0                           0                           
GPU 4           71.954            0.000        0.000        0.000        3195293                     2717775                     0                           0                           
GPU 5           74.224            0.000        0.000        0.000        2565257                     1542999                     0                           0                           
GPU 6           74.124            0.000        0.000        0.000        2236975                     1857506                     0                           0                           
GPU 7           73.682            0.000        0.000        0.000        4460125                     3824087                     0                           0                           
GPU 0           269.464           0.466        0.022        0.282        12549560                    79544235                    0                           0                           
GPU 1           72.828            0.000        0.000        0.000        4446032                     3811409                     0                           0                           
GPU 2           71.883            0.000        0.000        0.000        2641330                     2188007                     0                           0                           
GPU 3           71.599            0.000        0.000        0.000        3377270                     2830715                     0                           0                           
GPU 4           71.869            0.000        0.000        0.000        3918388                     3331535                     0                           0                           
GPU 5           74.253            0.000        0.000        0.000        1892358                     3585543                     0                           0                           
GPU 6           74.101            0.000        0.000        0.000        4264482                     3650778                     0                           0                           
GPU 7           73.670            0.000        0.000        0.000        204911                      20962                       0                           0                           
GPU 0           269.464           0.466        0.022        0.282        12549560                    79544235                    0                           0                           
GPU 1           72.828            0.000        0.000        0.000        906210                      3811409                     0                           0                           
GPU 2           71.883            0.000        0.000        0.000        2641330                     2188007                     0                           0                           
GPU 3           71.599            0.000        0.000        0.000        3377270                     362744                      0                           0                           
GPU 4           71.869            0.000        0.000        0.000        3918388                     3331535                     0                           0                           
GPU 5           74.253            0.000        0.000        0.000        4234745                     3585543                     0                           0                           
GPU 6           74.101            0.000        0.000        0.000        4264482                     3650778                     0                           0                           
GPU 7           73.670            0.000        0.000        0.000        204911                      3834660                     0                           0                           
GPU 0           274.044           0.475        0.023        0.292        12530408                    82346356                    0                           0                           
GPU 1           72.879            0.000        0.000        0.000        4135487                     662079                      0                           0                           
GPU 2           71.840            0.000        0.000        0.000        3650668                     3083349                     0                           0                           
GPU 3           71.584            0.000        0.000        0.000        555470                      3711344                     0                           0                           
GPU 4           71.893            0.000        0.000        0.000        505743                      324933                      0                           0                           
GPU 5           74.291            0.000        0.000        0.000        533000                      343279                      0                           0                           
GPU 6           74.124            0.000        0.000        0.000        4502897                     261521                      0                           0                           
GPU 7           73.672            0.000        0.000        0.000        1940258                     1560668                     0                           0                           
GPU 0           266.195           0.464        0.022        0.281        16196416                    78870946                    0                           0                           
GPU 1           72.824            0.000        0.000        0.000        3564213                     3552264                     0                           0                           
GPU 2           71.833            0.000        0.000        0.000        558996                      376740                      0                           0                           
GPU 3           71.578            0.000        0.000        0.000        4361170                     281400                      0                           0                           
GPU 4           71.847            0.000        0.000        0.000        4595672                     3962726                     0                           0                           
GPU 5           74.232            0.000        0.000        0.000        4540061                     3891331                     0                           0                           
GPU 6           74.108            0.000        0.000        0.000        1119787                     3867786                     0                           0                           
GPU 7           73.639            0.000        0.000        0.000        2198503                     1816451                     0                           0                           
GPU 0           270.972           0.475        0.022        0.287        12578654                    83778676                    0                           0                           
GPU 1           72.786            0.000        0.000        0.000        545040                      2992087                     0                           0                           
GPU 2           71.808            0.000        0.000        0.000        4193877                     3555598                     0                           0                           
GPU 3           71.639            0.000        0.000        0.000        486293                      3850711                     0                           0                           
GPU 4           71.870            0.000        0.000        0.000        203869                      19391                       0                           0                           
GPU 5           74.333            0.000        0.000        0.000        714968                      461561                      0                           0                           
GPU 6           74.085            0.000        0.000        0.000        3618970                     829358                      0                           0                           
GPU 7           73.693            0.000        0.000        0.000        4102286                     3483379                     0                           0                           
GPU 0           273.733           0.472        0.023        0.288        16806676                    79043817                    0                           0                           
GPU 1           72.823            0.000        0.000        0.000        4268816                     355208                      0                           0                           
GPU 2           71.878            0.000        0.000        0.000        511506                      318119                      0                           0                           
GPU 3           71.570            0.000        0.000        0.000        1133243                     831482                      0                           0                           
GPU 4           71.899            0.000        0.000        0.000        1583597                     3836242                     0                           0                           
GPU 5           74.292            0.000        0.000        0.000        2003306                     3650124                     0                           0                           
GPU 6           74.121            0.000        0.000        0.000        2211056                     1802766                     0                           0                           
GPU 7           73.605            0.000        0.000        0.000        432124                      236787                      0                           0                           
GPU 0           273.653           0.481        0.023        0.294        13459170                    83934872                    0                           0                           
GPU 1           72.848            0.000        0.000        0.000        508883                      3627917                     0                           0                           
GPU 2           71.844            0.000        0.000        0.000        1143380                     3828805                     0                           0                           
GPU 3           71.611            0.000        0.000        0.000        4194681                     3588798                     0                           0                           
GPU 4           71.876            0.000        0.000        0.000        3101985                     2619829                     0                           0                           
GPU 5           74.274            0.000        0.000        0.000        2108983                     1731630                     0                           0                           
GPU 6           74.110            0.000        0.000        0.000        2391004                     1992698                     0                           0                           
GPU 7           73.581            0.000        0.000        0.000        1156861                     4143108                     0                           0                           
GPU 0           277.150           0.475        0.024        0.291        16189118                    80588281                    0                           0                           
GPU 1           72.834            0.000        0.000        0.000        4641019                     324406                      0                           0                           
GPU 2           71.837            0.000        0.000        0.000        3846650                     852949                      0                           0                           
GPU 3           71.578            0.000        0.000        0.000        3365097                     2818490                     0                           0                           
GPU 4           71.919            0.000        0.000        0.000        3446952                     2897631                     0                           0                           
GPU 5           74.294            0.000        0.000        0.000        4303406                     3660935                     0                           0                           
GPU 6           74.113            0.000        0.000        0.000        3256975                     2736069                     0                           0                           
GPU 7           73.644            0.000        0.000        0.000        3673938                     872122                      0                           0                           
GPU 0           273.298           0.483        0.023        0.296        16009983                    83331431                    0                           0                           
GPU 1           72.811            0.000        0.000        0.000        2967912                     3991192                     0                           0                           
GPU 2           71.878            0.000        0.000        0.000        3524445                     3284734                     0                           0                           
GPU 3           71.611            0.000        0.000        0.000        552561                      352847                      0                           0                           
GPU 4           71.896            0.000        0.000        0.000        992617                      742629                      0                           0                           
GPU 5           74.218            0.000        0.000        0.000        446836                      244855                      0                           0                           
GPU 6           74.134            0.000        0.000        0.000        1468494                     1172909                     0                           0                           
GPU 7           73.629            0.000        0.000        0.000        1928706                     3127883                     0                           0                           
GPU 0           277.598           0.474        0.024        0.292        12854838                    82312078                    0                           0                           
GPU 1           72.849            0.000        0.000        0.000        544449                      2475647                     0                           0                           
GPU 2           71.828            0.000        0.000        0.000        506774                      2954070                     0                           0                           
GPU 3           71.603            0.000        0.000        0.000        4217424                     3564478                     0                           0                           
GPU 4           71.887            0.000        0.000        0.000        4372297                     3717212                     0                           0                           
GPU 5           74.258            0.000        0.000        0.000        4888032                     4183420                     0                           0                           
GPU 6           74.062            0.000        0.000        0.000        4402515                     3772611                     0                           0                           
GPU 7           73.668            0.000        0.000        0.000        2453760                     1552013                     0                           0                           
#Entity         POWER             SMACT        TENSO        DRAMA        PCITX                       PCIRX                       NVLTX                       NVLRX                       
ID               W                                                                                                                                                                       
GPU 0           276.555           0.484        0.024        0.298        15753298                    80439981                    0                           0                           
GPU 1           72.849            0.000        0.000        0.000        4251741                     354037                      0                           0                           
GPU 2           71.888            0.000        0.000        0.000        4274878                     317061                      0                           0                           
GPU 3           71.605            0.000        0.000        0.000        515127                      313897                      0                           0                           
GPU 4           71.895            0.000        0.000        0.000        267248                      85271                       0                           0                           
GPU 5           74.233            0.000        0.000        0.000        1482659                     1140817                     0                           0                           
GPU 6           74.104            0.000        0.000        0.000        659035                      425381                      0                           0                           
GPU 7           73.605            0.000        0.000        0.000        4049438                     2031873                     0                           0                           
GPU 0           274.527           0.479        0.024        0.295        15753298                    82599353                    0                           0                           
GPU 1           72.809            0.000        0.000        0.000        506774                      3605044                     0                           0                           
GPU 2           71.787            0.000        0.000        0.000        4274878                     3654525                     0                           0                           
GPU 3           71.605            0.000        0.000        0.000        4505211                     843273                      0                           0                           
GPU 4           71.896            0.000        0.000        0.000        4953192                     85271                       0                           0                           
GPU 5           74.301            0.000        0.000        0.000        3052379                     1140817                     0                           0                           
GPU 6           74.105            0.000        0.000        0.000        1476640                     4128472                     0                           0                           
GPU 7           73.632            0.000        0.000        0.000        4049438                     3437411                     0                           0                           
GPU 0           280.329           0.468        0.023        0.286        16214410                    82107173                    0                           0                           
GPU 1           72.835            0.000        0.000        0.000        4510398                     3850110                     0                           0                           
GPU 2           71.833            0.000        0.000        0.000        4970429                     4262947                     0                           0                           
GPU 3           71.608            0.000        0.000        0.000        3751484                     3177378                     0                           0                           
GPU 4           71.852            0.000        0.000        0.000        2743917                     2294362                     0                           0                           
GPU 5           74.226            0.000        0.000        0.000        2416348                     1825254                     0                           0                           
GPU 6           74.065            0.000        0.000        0.000        2716853                     2264568                     0                           0                           
GPU 7           73.664            0.000        0.000        0.000        2708629                     1107107                     0                           0                           
GPU 0           272.518           0.481        0.024        0.300        12701827                    79515520                    0                           0                           
GPU 1           72.796            0.000        0.000        0.000        731515                      497430                      0                           0                           
GPU 2           71.876            0.000        0.000        0.000        1127434                     837060                      0                           0                           
GPU 3           71.603            0.000        0.000        0.000        3541961                     2968592                     0                           0                           
GPU 4           71.878            0.000        0.000        0.000        3785693                     3181583                     0                           0                           
GPU 5           74.307            0.000        0.000        0.000        2230343                     3469725                     0                           0                           
GPU 6           74.123            0.000        0.000        0.000        4106651                     3477761                     0                           0                           
GPU 7           73.609            0.000        0.000        0.000        4048973                     2262693                     0                           0                           
GPU 0           272.518           0.481        0.023        0.300        17322986                    79515520                    0                           0                           
GPU 1           72.801            0.000        0.000        0.000        4423765                     497430                      0                           0                           
GPU 2           71.876            0.000        0.000        0.000        3746471                     837060                      0                           0                           
GPU 3           71.603            0.000        0.000        0.000        3541961                     358665                      0                           0                           
GPU 4           71.878            0.000        0.000        0.000        3785693                     342401                      0                           0                           
GPU 5           74.307            0.000        0.000        0.000        4117973                     258963                      0                           0                           
GPU 6           74.123            0.000        0.000        0.000        497353                      3477761                     0                           0                           
GPU 7           73.609            0.000        0.000        0.000        472626                      3417991                     0                           0                           
GPU 0           275.946           0.474        0.023        0.289        15704318                    82532941                    0                           0                           
GPU 1           72.770            0.000        0.000        0.000        3364768                     406150                      0                           0                           
GPU 2           71.822            0.000        0.000        0.000        3533966                     2968846                     0                           0                           
GPU 3           71.605            0.000        0.000        0.000        558377                      3574087                     0                           0                           
GPU 4           71.883            0.000        0.000        0.000        4203531                     3578922                     0                           0                           
GPU 5           74.269            0.000        0.000        0.000        462466                      4216454                     0                           0                           
GPU 6           74.097            0.000        0.000        0.000        4390658                     3735570                     0                           0                           
GPU 7           73.648            0.000        0.000        0.000        4797052                     280622                      0                           0                           
GPU 0           275.946           0.479        0.022        0.293        12835524                    80532958                    0                           0                           
GPU 1           72.850            0.000        0.000        0.000        590883                      406150                      0                           0                           
GPU 2           71.808            0.000        0.000        0.000        516379                      335698                      0                           0                           
GPU 3           71.605            0.000        0.000        0.000        4221730                     323337                      0                           0                           
GPU 4           71.831            0.000        0.000        0.000        4203531                     244414                      0                           0                           
GPU 5           74.257            0.000        0.000        0.000        4906874                     1168123                     0                           0                           
GPU 6           74.097            0.000        0.000        0.000        755212                      3735570                     0                           0                           
GPU 7           73.599            0.000        0.000        0.000        1046949                     4123986                     0                           0                           
GPU 0           276.588           0.466        0.023        0.282        15603977                    81892388                    0                           0                           
GPU 1           72.775            0.000        0.000        0.000        4249787                     321771                      0                           0                           
GPU 2           71.913            0.000        0.000        0.000        4437979                     3789835                     0                           0                           
GPU 3           71.564            0.000        0.000        0.000        513042                      3827452                     0                           0                           
GPU 4           71.837            0.000        0.000        0.000        4943801                     4245695                     0                           0                           
GPU 5           74.256            0.000        0.000        0.000        1499858                     2542224                     0                           0                           
GPU 6           74.077            0.000        0.000        0.000        3822118                     3248250                     0                           0                           
GPU 7           73.570            0.000        0.000        0.000        4018871                     765155                      0                           0                           
GPU 0           276.288           0.474        0.023        0.291        12673939                    79398688                    0                           0                           
GPU 1           72.767            0.000        0.000        0.000        509908                      3665073                     0                           0                           
GPU 2           71.866            0.000        0.000        0.000        274619                      93286                       0                           0                           
GPU 3           71.546            0.000        0.000        0.000        712698                      461157                      0                           0                           
GPU 4           71.836            0.000        0.000        0.000        1134094                     848933                      0                           0                           
GPU 5           74.202            0.000        0.000        0.000        3046476                     1995350                     0                           0                           
GPU 6           74.071            0.000        0.000        0.000        2043817                     1652522                     0                           0                           
GPU 7           73.633            0.000        0.000        0.000        2047614                     1656781                     0                           0                           
GPU 0           276.288           0.476        0.023        0.290        16780604                    84078016                    0                           0                           
GPU 1           72.757            0.000        0.000        0.000        4306487                     3665073                     0                           0                           
GPU 2           71.784            0.000        0.000        0.000        1132454                     4252479                     0                           0                           
GPU 3           71.513            0.000        0.000        0.000        4369763                     3736278                     0                           0                           
GPU 4           71.845            0.000        0.000        0.000        3647518                     2838033                     0                           0                           
GPU 5           74.282            0.000        0.000        0.000        2439693                     1787527                     0                           0                           
GPU 6           74.047            0.000        0.000        0.000        2400299                     1990350                     0                           0                           
GPU 7           73.602            0.000        0.000        0.000        2143494                     1760915                     0                           0                           
GPU 0           275.685           0.464        0.022        0.279        13474014                    82480571                    0                           0                           
GPU 1           72.751            0.000        0.000        0.000        2736601                     332270                      0                           0                           
GPU 2           71.828            0.000        0.000        0.000        3752236                     3206053                     0                           0                           
GPU 3           71.512            0.000        0.000        0.000        2018272                     2118496                     0                           0                           
GPU 4           71.849            0.000        0.000        0.000        719739                      3063896                     0                           0                           
GPU 5           74.256            0.000        0.000        0.000        2182660                     3507486                     0                           0                           
GPU 6           74.010            0.000        0.000        0.000        3481942                     2919087                     0                           0                           
GPU 7           73.611            0.000        0.000        0.000        4106795                     3499525                     0                           0                           
GPU 0           275.397           0.480        0.023        0.292        16361088                    83939184                    0                           0                           
GPU 1           72.768            0.000        0.000        0.000        514127                      4001381                     0                           0                           
GPU 2           71.809            0.000        0.000        0.000        3948420                     3343389                     0                           0                           
GPU 3           71.513            0.000        0.000        0.000        3995895                     1659948                     0                           0                           
GPU 4           71.801            0.000        0.000        0.000        4294713                     510106                      0                           0                           
GPU 5           74.214            0.000        0.000        0.000        4145259                     638026                      0                           0                           
GPU 6           74.117            0.000        0.000        0.000        1117881                     860553                      0                           0                           
GPU 7           73.557            0.000        0.000        0.000        466438                      273573                      0                           0                           
GPU 0           266.702           0.480        0.023        0.292        12583419                    83939184                    0                           0                           
GPU 1           72.772            0.000        0.000        0.000        4653780                     68653                       0                           0                           
GPU 2           71.809            0.000        0.000        0.000        545053                      3343389                     0                           0                           
GPU 3           71.494            0.000        0.000        0.000        3995895                     3386125                     0                           0                           
GPU 4           71.801            0.000        0.000        0.000        508869                      3658575                     0                           0                           
GPU 5           74.214            0.000        0.000        0.000        888258                      3759225                     0                           0                           
GPU 6           74.090            0.000        0.000        0.000        4510742                     3868222                     0                           0                           
GPU 7           73.557            0.000        0.000        0.000        4495333                     3873353                     0                           0                           
GPU 0           270.247           0.468        0.021        0.284        15630167                    79211315                    0                           0                           
GPU 1           72.808            0.000        0.000        0.000        252603                      3913311                     0                           0                           
GPU 2           71.710            0.000        0.000        0.000        4200856                     358127                      0                           0                           
GPU 3           71.541            0.000        0.000        0.000        519571                      320018                      0                           0                           
GPU 4           71.803            0.000        0.000        0.000        4440533                     317585                      0                           0                           
GPU 5           74.202            0.000        0.000        0.000        4394497                     1525761                     0                           0                           
GPU 6           74.062            0.000        0.000        0.000        659900                      423629                      0                           0                           
GPU 7           73.533            0.000        0.000        0.000        1395917                     1079891                     0                           0                           
#Entity         POWER             SMACT        TENSO        DRAMA        PCITX                       PCIRX                       NVLTX                       NVLRX                       
ID               W                                                                                                                                                                       
GPU 0           270.247           0.460        0.023        0.275        12713523                    82236551                    0                           0                           
GPU 1           72.732            0.000        0.000        0.000        4567888                     3913311                     0                           0                           
GPU 2           71.838            0.000        0.000        0.000        513079                      3557312                     0                           0                           
GPU 3           71.502            0.000        0.000        0.000        4445595                     3788502                     0                           0                           
GPU 4           71.836            0.000        0.000        0.000        1151212                     3791722                     0                           0                           
GPU 5           74.129            0.000        0.000        0.000        1918791                     1799063                     0                           0                           
GPU 6           74.020            0.000        0.000        0.000        4225229                     1395486                     0                           0                           
GPU 7           73.533            0.000        0.000        0.000        3465335                     2943144                     0                           0                           
GPU 0           272.175           0.468        0.022        0.285        16582906                    79632168                    0                           0                           
GPU 1           72.720            0.000        0.000        0.000        3199456                     362778                      0                           0                           
GPU 2           71.874            0.000        0.000        0.000        4507097                     322312                      0                           0                           
GPU 3           71.490            0.000        0.000        0.000        644588                      409716                      0                           0                           
GPU 4           71.814            0.000        0.000        0.000        3796132                     859915                      0                           0                           
GPU 5           74.127            0.000        0.000        0.000        2201534                     3650478                     0                           0                           
GPU 6           74.053            0.000        0.000        0.000        1754720                     2623330                     0                           0                           
GPU 7           73.496            0.000        0.000        0.000        2189418                     1797838                     0                           0                           
GPU 0           272.074           0.472        0.022        0.284        12805509                    83888732                    0                           0                           
GPU 1           72.758            0.000        0.000        0.000        545623                      3604750                     0                           0                           
GPU 2           71.757            0.000        0.000        0.000        1169486                     3868316                     0                           0                           
GPU 3           71.446            0.000        0.000        0.000        4685076                     4028257                     0                           0                           
GPU 4           71.791            0.000        0.000        0.000        3266710                     3244677                     0                           0                           
GPU 5           74.093            0.000        0.000        0.000        4288762                     683641                      0                           0                           
GPU 6           74.016            0.000        0.000        0.000        3095005                     2591335                     0                           0                           
GPU 7           73.532            0.000        0.000        0.000        2318546                     1930812                     0                           0                           
GPU 0           277.434           0.472        0.022        0.282        16567810                    80758660                    0                           0                           
GPU 1           72.784            0.000        0.000        0.000        4249822                     317595                      0                           0                           
GPU 2           71.777            0.000        0.000        0.000        3778939                     888100                      0                           0                           
GPU 3           71.454            0.000        0.000        0.000        2374556                     1933585                     0                           0                           
GPU 4           71.738            0.000        0.000        0.000        820485                      2726917                     0                           0                           
GPU 5           74.121            0.000        0.000        0.000        964719                      3624154                     0                           0                           
GPU 6           74.023            0.000        0.000        0.000        3114938                     920266                      0                           0                           
GPU 7           73.580            0.000        0.000        0.000        4106127                     3485623                     0                           0                           
GPU 0           274.416           0.473        0.023        0.291        15729110                    81594433                    0                           0                           
GPU 1           72.719            0.000        0.000        0.000        510982                      4029635                     0                           0                           
GPU 2           71.713            0.000        0.000        0.000        3654714                     3225781                     0                           0                           
GPU 3           71.477            0.000        0.000        0.000        2056259                     3340536                     0                           0                           
GPU 4           71.734            0.000        0.000        0.000        4276505                     589887                      0                           0                           
GPU 5           74.111            0.000        0.000        0.000        1624507                     1269474                     0                           0                           
GPU 6           74.051            0.000        0.000        0.000        1189114                     3864514                     0                           0                           
GPU 7           73.704            0.000        0.000        0.000        441661                      249178                      0                           0                           
GPU 0           274.416           0.474        0.023        0.291        12679955                    79341875                    0                           0                           
GPU 1           72.756            0.000        0.000        0.000        4687877                     4029635                     0                           0                           
GPU 2           71.759            0.000        0.000        0.000        539807                      3089191                     0                           0                           
GPU 3           71.482            0.000        0.000        0.000        3955572                     321242                      0                           0                           
GPU 4           71.746            0.000        0.000        0.000        474047                      3633981                     0                           0                           
GPU 5           74.040            0.000        0.000        0.000        3143754                     2650559                     0                           0                           
GPU 6           74.042            0.000        0.000        0.000        4505456                     426245                      0                           0                           
GPU 7           73.693            0.000        0.000        0.000        4986169                     4310364                     0                           0                           
GPU 0           277.539           0.473        0.023        0.291        15630314                    81633514                    0                           0                           
GPU 1           72.737            0.000        0.000        0.000        3084581                     948585                      0                           0                           
GPU 2           71.710            0.000        0.000        0.000        4208111                     352301                      0                           0                           
GPU 3           71.401            0.000        0.000        0.000        521953                      3772687                     0                           0                           
GPU 4           71.752            0.000        0.000        0.000        4901906                     282522                      0                           0                           
GPU 5           74.015            0.000        0.000        0.000        3500558                     2922768                     0                           0                           
GPU 6           73.968            0.000        0.000        0.000        665135                      4060321                     0                           0                           
GPU 7           73.692            0.000        0.000        0.000        1175714                     888335                      0                           0                           
GPU 0           277.539           0.482        0.023        0.295        15630314                    80881188                    0                           0                           
GPU 1           72.608            0.000        0.000        0.000        3701669                     948585                      0                           0                           
GPU 2           71.702            0.000        0.000        0.000        4208111                     3567199                     0                           0                           
GPU 3           71.401            0.000        0.000        0.000        4424090                     99569                       0                           0                           
GPU 4           71.744            0.000        0.000        0.000        4901906                     282522                      0                           0                           
GPU 5           74.096            0.000        0.000        0.000        809731                      2922768                     0                           0                           
GPU 6           74.027            0.000        0.000        0.000        1623309                     4060321                     0                           0                           
GPU 7           73.623            0.000        0.000        0.000        1175714                     2904206                     0                           0                           
GPU 0           272.129           0.471        0.023        0.288        16386699                    82401897                    0                           0                           
GPU 1           72.637            0.000        0.000        0.000        543299                      354047                      0                           0                           
GPU 2           71.750            0.000        0.000        0.000        4638640                     322836                      0                           0                           
GPU 3           71.361            0.000        0.000        0.000        289657                      4396924                     0                           0                           
GPU 4           71.792            0.000        0.000        0.000        3789778                     3229580                     0                           0                           
GPU 5           74.021            0.000        0.000        0.000        4565707                     3916982                     0                           0                           
GPU 6           74.013            0.000        0.000        0.000        3085717                     2605303                     0                           0                           
GPU 7           73.664            0.000        0.000        0.000        2164393                     1776060                     0                           0                           
GPU 0           276.070           0.469        0.022        0.281        12740961                    80379075                    0                           0                           
GPU 1           72.613            0.000        0.000        0.000        4255513                     3603036                     0                           0                           
GPU 2           71.709            0.000        0.000        0.000        1135392                     3994545                     0                           0                           
GPU 3           71.344            0.000        0.000        0.000        5104415                     1262506                     0                           0                           
GPU 4           71.686            0.000        0.000        0.000        3021803                     2508633                     0                           0                           
GPU 5           74.029            0.000        0.000        0.000        711749                      458778                      0                           0                           
GPU 6           73.850            0.000        0.000        0.000        2825194                     2337336                     0                           0                           
GPU 7           73.644            0.000        0.000        0.000        2510880                     2092138                     0                           0                           
GPU 0           278.979           0.473        0.023        0.290        17139482                    83406133                    0                           0                           
GPU 1           72.667            0.000        0.000        0.000        518309                      325449                      0                           0                           
GPU 2           71.694            0.000        0.000        0.000        3753358                     842810                      0                           0                           
GPU 3           71.325            0.000        0.000        0.000        1617982                     2348890                     0                           0                           
GPU 4           71.778            0.000        0.000        0.000        1187363                     921240                      0                           0                           
GPU 5           74.023            0.000        0.000        0.000        4336642                     3705476                     0                           0                           
GPU 6           73.963            0.000        0.000        0.000        1541815                     1232613                     0                           0                           
GPU 7           73.623            0.000        0.000        0.000        4137774                     3533038                     0                           0                           
GPU 0           278.883           0.481        0.023        0.294        16203467                    83666467                    0                           0                           
GPU 1           72.570            0.000        0.000        0.000        4710451                     4061637                     0                           0                           
GPU 2           71.656            0.000        0.000        0.000        3679827                     3199613                     0                           0                           
GPU 3           71.376            0.000        0.000        0.000        2813742                     3677735                     0                           0                           
GPU 4           71.693            0.000        0.000        0.000        4262224                     3619196                     0                           0                           
GPU 5           74.005            0.000        0.000        0.000        1241491                     930403                      0                           0                           
GPU 6           73.919            0.000        0.000        0.000        4530126                     3895468                     0                           0                           
GPU 7           73.634            0.000        0.000        0.000        454038                      255367                      0                           0                           
GPU 0           278.883           0.479        0.023        0.296        15694616                    79828254                    0                           0                           
GPU 1           72.610            0.000        0.000        0.000        868530                      4061637                     0                           0                           
GPU 2           71.656            0.000        0.000        0.000        588284                      3115581                     0                           0                           
GPU 3           71.376            0.000        0.000        0.000        4334886                     331213                      0                           0                           
GPU 4           71.755            0.000        0.000        0.000        4262224                     318960                      0                           0                           
GPU 5           74.040            0.000        0.000        0.000        3770759                     2490748                     0                           0                           
GPU 6           73.859            0.000        0.000        0.000        203913                      3895468                     0                           0                           
GPU 7           73.634            0.000        0.000        0.000        1137227                     4319860                     0                           0                           
GPU 0           262.613           0.451        0.020        0.265        12606245                    80377260                    0                           0                           
GPU 1           72.633            0.000        0.000        0.000        4220061                     3598145                     0                           0                           
GPU 2           71.636            0.000        0.000        0.000        4197867                     3556475                     0                           0                           
GPU 3           71.278            0.000        0.000        0.000        4414126                     3756513                     0                           0                           
GPU 4           71.670            0.000        0.000        0.000        4431447                     3779225                     0                           0                           
GPU 5           73.990            0.000        0.000        0.000        3009509                     800297                      0                           0                           
GPU 6           73.919            0.000        0.000        0.000        4839029                     4144329                     0                           0                           
GPU 7           73.543            0.000        0.000        0.000        3596771                     847243                      0                           0                           
#Entity         POWER             SMACT        TENSO        DRAMA        PCITX                       PCIRX                       NVLTX                       NVLRX                       
ID               W                                                                                                                                                                       
GPU 0           263.023           0.448        0.020        0.264        16173782                    82735338                    0                           0                           
GPU 1           72.646            0.000        0.000        0.000        3323258                     2782281                     0                           0                           
GPU 2           71.666            0.000        0.000        0.000        505731                      316016                      0                           0                           
GPU 3           71.317            0.000        0.000        0.000        285849                      100523                      0                           0                           
GPU 4           71.655            0.000        0.000        0.000        703733                      461214                      0                           0                           
GPU 5           73.956            0.000        0.000        0.000        1063918                     3762232                     0                           0                           
GPU 6           73.879            0.000        0.000        0.000        1883070                     1502102                     0                           0                           
GPU 7           73.531            0.000        0.000        0.000        1705606                     3059323                     0                           0                           
GPU 0           263.023           0.448        0.020        0.264        12593812                    82735338                    0                           0                           
GPU 1           72.618            0.000        0.000        0.000        507833                      2782281                     0                           0                           
GPU 2           71.666            0.000        0.000        0.000        1264424                     316016                      0                           0                           
GPU 3           71.317            0.000        0.000        0.000        285849                      4280951                     0                           0                           
GPU 4           71.655            0.000        0.000        0.000        703733                      3302769                     0                           0                           
GPU 5           73.956            0.000        0.000        0.000        4417307                     33343                       0                           0                           
GPU 6           73.879            0.000        0.000        0.000        2683794                     1502102                     0                           0                           
GPU 7           73.531            0.000        0.000        0.000        2944776                     1343522                     0                           0                           
GPU 0           265.335           0.451        0.020        0.266        16513944                    79756793                    0                           0                           
GPU 1           72.592            0.000        0.000        0.000        4504980                     317068                      0                           0                           
GPU 2           71.621            0.000        0.000        0.000        3740940                     975735                      0                           0                           
GPU 3           71.315            0.000        0.000        0.000        1624025                     1279918                     0                           0                           
GPU 4           71.735            0.000        0.000        0.000        2487695                     2034791                     0                           0                           
GPU 5           73.833            0.000        0.000        0.000        229119                      4183137                     0                           0                           
GPU 6           73.800            0.000        0.000        0.000        2708295                     2239524                     0                           0                           
GPU 7           73.513            0.000        0.000        0.000        2713983                     2472517                     0                           0                           
GPU 0           268.439           0.451        0.022        0.266        14654585                    82910889                    0                           0                           
GPU 1           72.616            0.000        0.000        0.000        694633                      3846737                     0                           0                           
GPU 2           71.595            0.000        0.000        0.000        3520886                     3194294                     0                           0                           
GPU 3           71.234            0.000        0.000        0.000        3116460                     2634317                     0                           0                           
GPU 4           71.990            0.000        0.000        0.000        1854132                     1514635                     0                           0                           
GPU 5           73.915            0.000        0.000        0.000        4869069                     1225812                     0                           0                           
GPU 6           73.733            0.000        0.000        0.000        1635622                     1319083                     0                           0                           
GPU 7           73.491            0.000        0.000        0.000        1848920                     2241826                     0                           0                           
GPU 0           274.328           0.462        0.023        0.280        13994279                    80164999                    0                           0                           
GPU 1           72.604            0.000        0.000        0.000        4497717                     473094                      0                           0                           
GPU 2           71.613            0.000        0.000        0.000        541543                      2951832                     0                           0                           
GPU 3           71.244            0.000        0.000        0.000        3822268                     3205788                     0                           0                           
GPU 4           71.937            0.000        0.000        0.000        4134006                     3486757                     0                           0                           
GPU 5           73.947            0.000        0.000        0.000        1580411                     2574570                     0                           0                           
GPU 6           73.762            0.000        0.000        0.000        4315974                     3677249                     0                           0                           
GPU 7           73.415            0.000        0.000        0.000        4265381                     1514563                     0                           0                           
GPU 0           274.109           0.464        0.022        0.282        15504219                    81139404                    0                           0                           
GPU 1           72.637            0.000        0.000        0.000        3303937                     3850194                     0                           0                           
GPU 2           71.612            0.000        0.000        0.000        4195435                     351130                      0                           0                           
GPU 3           71.170            0.000        0.000        0.000        514619                      314431                      0                           0                           
GPU 4           71.979            0.000        0.000        0.000        509434                      319182                      0                           0                           
GPU 5           73.932            0.000        0.000        0.000        2693123                     2206712                     0                           0                           
GPU 6           73.737            0.000        0.000        0.000        273035                      90535                       0                           0                           
GPU 7           73.494            0.000        0.000        0.000        279663                      91950                       0                           0                           
GPU 0           274.304           0.471        0.022        0.286        12703857                    79496385                    0                           0                           
GPU 1           72.563            0.000        0.000        0.000        545040                      2762552                     0                           0                           
GPU 2           71.607            0.000        0.000        0.000        516207                      3554254                     0                           0                           
GPU 3           71.170            0.000        0.000        0.000        4235997                     3590956                     0                           0                           
GPU 4           71.963            0.000        0.000        0.000        4480660                     3835026                     0                           0                           
GPU 5           73.815            0.000        0.000        0.000        1707876                     1368816                     0                           0                           
GPU 6           73.723            0.000        0.000        0.000        4898711                     4212204                     0                           0                           
GPU 7           73.499            0.000        0.000        0.000        4815178                     4131204                     0                           0                           
GPU 0           276.577           0.471        0.023        0.289        16060268                    81948721                    0                           0                           
GPU 1           72.543            0.000        0.000        0.000        4382360                     356372                      0                           0                           
GPU 2           71.549            0.000        0.000        0.000        4587235                     325446                      0                           0                           
GPU 3           71.258            0.000        0.000        0.000        453534                      250587                      0                           0                           
GPU 4           71.906            0.000        0.000        0.000        689196                      448982                      0                           0                           
GPU 5           73.866            0.000        0.000        0.000        4447746                     3797904                     0                           0                           
GPU 6           73.729            0.000        0.000        0.000        1525785                     1199666                     0                           0                           
GPU 7           73.450            0.000        0.000        0.000        1960055                     1563770                     0                           0                           
