#Entity         POWER             SMACT        TENSO        DRAMA        PCITX                       PCIRX                       NVLTX                       NVLRX                       
ID               W                                                                                                                                                                       
GPU 0           158.477           0.467        0.047        0.292        3539624409                  3693957952                  0                           0                           
GPU 1           72.469            0.000        0.000        0.000        483175                      288752                      0                           0                           
GPU 2           71.255            0.000        0.000        0.000        472203                      276194                      0                           0                           
GPU 3           71.278            0.000        0.000        0.000        3134796                     2638050                     0                           0                           
GPU 4           155.456           0.249        0.023        0.157        1581613290                  1669996546                  0                           0                           
GPU 5           73.753            0.000        0.000        0.000        472136                      267246                      0                           0                           
GPU 6           73.560            0.000        0.000        0.000        1218272                     924305                      0                           0                           
GPU 7           73.176            0.000        0.000        0.000        2360071                     1954789                     0                           0                           
GPU 0           109.073           0.008        0.001        0.005        20890281                    26260368                    0                           0                           
GPU 1           72.456            0.000        0.000        0.000        3139344                     2632074                     0                           0                           
GPU 2           71.212            0.000        0.000        0.000        3083976                     2586809                     0                           0                           
GPU 3           71.277            0.000        0.000        0.000        2497724                     2060112                     0                           0                           
GPU 4           105.821           0.000        0.000        0.000        2851853                     2336842                     0                           0                           
GPU 5           73.719            0.000        0.000        0.000        3046208                     2552248                     0                           0                           
GPU 6           73.559            0.000        0.000        0.000        3040531                     2556637                     0                           0                           
GPU 7           73.180            0.000        0.000        0.000        2535496                     2100540                     0                           0                           
GPU 0           108.631           0.008        0.000        0.005        3862620                     26260368                    0                           0                           
GPU 1           72.501            0.000        0.000        0.000        4134249                     3468179                     0                           0                           
GPU 2           71.212            0.000        0.000        0.000        3957237                     2586809                     0                           0                           
GPU 3           71.115            0.000        0.000        0.000        2497724                     3433560                     0                           0                           
GPU 4           105.821           0.000        0.000        0.000        4038543                     3278007                     0                           0                           
GPU 5           73.719            0.000        0.000        0.000        3046208                     3317719                     0                           0                           
GPU 6           73.559            0.000        0.000        0.000        3378357                     2817743                     0                           0                           
GPU 7           73.180            0.000        0.000        0.000        3628957                     2100540                     0                           0                           
GPU 0           108.631           0.000        0.000        0.000        3862620                     3181289                     0                           0                           
GPU 1           72.501            0.000        0.000        0.000        3253362                     3468179                     0                           0                           
GPU 2           71.186            0.000        0.000        0.000        3957237                     3352718                     0                           0                           
GPU 3           71.115            0.000        0.000        0.000        4084952                     292031                      0                           0                           
GPU 4           105.733           0.000        0.000        0.000        4038543                     3278007                     0                           0                           
GPU 5           73.657            0.000        0.000        0.000        3972774                     3317719                     0                           0                           
GPU 6           73.591            0.000        0.000        0.000        3378357                     2817743                     0                           0                           
GPU 7           73.195            0.000        0.000        0.000        3628957                     3046761                     0                           0                           
GPU 0           107.785           0.000        0.000        0.000        6766722                     2140017                     0                           0                           
GPU 1           72.480            0.000        0.000        0.000        5320232                     4542045                     0                           0                           
GPU 2           71.276            0.000        0.000        0.000        3554650                     2985332                     0                           0                           
GPU 3           71.150            0.000        0.000        0.000        6843247                     5881236                     0                           0                           
GPU 4           106.954           0.000        0.000        0.000        3033274                     2454112                     0                           0                           
GPU 5           73.665            0.000        0.000        0.000        2637513                     5467659                     0                           0                           
GPU 6           73.578            0.000        0.000        0.000        5951413                     1962682                     0                           0                           
GPU 7           73.183            0.000        0.000        0.000        2038315                     1642112                     0                           0                           
GPU 0           107.138           0.000        0.000        0.000        4392233                     3672424                     0                           0                           
GPU 1           72.493            0.000        0.000        0.000        6163786                     5075951                     0                           0                           
GPU 2           71.182            0.000        0.000        0.000        6107580                     5029530                     0                           0                           
GPU 3           71.119            0.000        0.000        0.000        5106188                     4369920                     0                           0                           
GPU 4           106.627           0.000        0.000        0.000        4598998                     3796609                     0                           0                           
GPU 5           73.686            0.000        0.000        0.000        6350199                     4714699                     0                           0                           
GPU 6           73.576            0.000        0.000        0.000        5354141                     4573269                     0                           0                           
GPU 7           73.190            0.000        0.000        0.000        5300179                     4521080                     0                           0                           
GPU 0           106.812           0.000        0.000        0.000        5868538                     4925121                     0                           0                           
GPU 1           72.458            0.000        0.000        0.000        5922896                     2322632                     0                           0                           
GPU 2           71.215            0.000        0.000        0.000        5684451                     4837694                     0                           0                           
GPU 3           71.110            0.000        0.000        0.000        6724123                     5780065                     0                           0                           
GPU 4           106.262           0.000        0.000        0.000        6876125                     5726873                     0                           0                           
GPU 5           73.649            0.000        0.000        0.000        6539079                     5591248                     0                           0                           
GPU 6           73.578            0.000        0.000        0.000        6014251                     5151617                     0                           0                           
GPU 7           73.190            0.000        0.000        0.000        5944275                     5083113                     0                           0                           
GPU 0           106.492           0.000        0.000        0.000        534102                      324445                      0                           0                           
GPU 1           72.422            0.000        0.000        0.000        2774582                     2016122                     0                           0                           
GPU 2           71.125            0.000        0.000        0.000        568629                      375242                      0                           0                           
GPU 3           71.068            0.000        0.000        0.000        4326980                     3690625                     0                           0                           
GPU 4           106.039           0.000        0.000        0.000        539387                      324995                      0                           0                           
GPU 5           73.653            0.000        0.000        0.000        611013                      399306                      0                           0                           
GPU 6           73.591            0.000        0.000        0.000        2170752                     1780834                     0                           0                           
GPU 7           73.192            0.000        0.000        0.000        2648629                     2217564                     0                           0                           
GPU 0           106.303           0.000        0.000        0.000        3864706                     3194384                     0                           0                           
GPU 1           72.431            0.000        0.000        0.000        2480136                     1769547                     0                           0                           
GPU 2           71.154            0.000        0.000        0.000        4352892                     3701189                     0                           0                           
GPU 3           71.041            0.000        0.000        0.000        216431                      20961                       0                           0                           
GPU 4           105.797           0.000        0.000        0.000        4444796                     3651756                     0                           0                           
GPU 5           73.651            0.000        0.000        0.000        4188777                     3526978                     0                           0                           
GPU 6           73.597            0.000        0.000        0.000        3955333                     3327028                     0                           0                           
GPU 7           73.188            0.000        0.000        0.000        2495032                     2047670                     0                           0                           
GPU 0           106.137           0.000        0.000        0.000        475394                      259973                      0                           0                           
GPU 1           72.470            0.000        0.000        0.000        2166079                     3162733                     0                           0                           
GPU 2           71.113            0.000        0.000        0.000        261512                      78086                       0                           0                           
GPU 3           71.046            0.000        0.000        0.000        4379010                     3712411                     0                           0                           
GPU 4           105.659           0.000        0.000        0.000        216999                      22538                       0                           0                           
GPU 5           73.610            0.000        0.000        0.000        288209                      93798                       0                           0                           
GPU 6           73.587            0.000        0.000        0.000        498404                      302920                      0                           0                           
GPU 7           73.198            0.000        0.000        0.000        1879706                     1514014                     0                           0                           
GPU 0           105.894           0.000        0.000        0.000        6323295                     5261349                     0                           0                           
GPU 1           72.478            0.000        0.000        0.000        3780607                     3650981                     0                           0                           
GPU 2           71.206            0.000        0.000        0.000        6133932                     5249881                     0                           0                           
GPU 3           71.084            0.000        0.000        0.000        6260074                     5355978                     0                           0                           
GPU 4           105.384           0.000        0.000        0.000        5130085                     4243840                     0                           0                           
GPU 5           73.626            0.000        0.000        0.000        5187146                     4407945                     0                           0                           
GPU 6           73.584            0.000        0.000        0.000        4124022                     3477976                     0                           0                           
GPU 7           73.185            0.000        0.000        0.000        3625786                     3048405                     0                           0                           
GPU 0           105.744           0.000        0.000        0.000        320894                      134530                      0                           0                           
GPU 1           72.440            0.000        0.000        0.000        4327515                     111215                      0                           0                           
GPU 2           71.176            0.000        0.000        0.000        539789                      336567                      0                           0                           
GPU 3           71.045            0.000        0.000        0.000        553152                      340043                      0                           0                           
GPU 4           105.224           0.000        0.000        0.000        2048916                     1624351                     0                           0                           
GPU 5           73.624            0.000        0.000        0.000        1663234                     1306902                     0                           0                           
GPU 6           73.574            0.000        0.000        0.000        4213019                     3585288                     0                           0                           
GPU 7           73.196            0.000        0.000        0.000        4758942                     4075434                     0                           0                           
GPU 0           105.499           0.000        0.000        0.000        3861346                     3195163                     0                           0                           
GPU 1           72.464            0.000        0.000        0.000        299290                      3931261                     0                           0                           
GPU 2           71.158            0.000        0.000        0.000        4218256                     3578364                     0                           0                           
GPU 3           71.144            0.000        0.000        0.000        4362740                     3700862                     0                           0                           
GPU 4           105.029           0.000        0.000        0.000        3992979                     3327308                     0                           0                           
GPU 5           73.659            0.000        0.000        0.000        4393378                     3733113                     0                           0                           
GPU 6           73.562            0.000        0.000        0.000        1704695                     1345461                     0                           0                           
GPU 7           73.174            0.000        0.000        0.000        705609                      465006                      0                           0                           
GPU 0           105.499           0.000        0.000        0.000        3861346                     298757                      0                           0                           
GPU 1           72.464            0.000        0.000        0.000        299290                      3931261                     0                           0                           
GPU 2           71.163            0.000        0.000        0.000        4218256                     275144                      0                           0                           
GPU 3           71.144            0.000        0.000        0.000        343491                      3700862                     0                           0                           
GPU 4           104.730           0.000        0.000        0.000        3992979                     3327308                     0                           0                           
GPU 5           73.626            0.000        0.000        0.000        2199611                     3733113                     0                           0                           
GPU 6           73.573            0.000        0.000        0.000        1704695                     1345461                     0                           0                           
GPU 7           73.174            0.000        0.000        0.000        705609                      1980127                     0                           0                           
GPU 0           220.634           0.000        0.000        0.000        4131843                     3442067                     0                           0                           
GPU 1           72.496            0.000        0.000        0.000        1501726                     1181466                     0                           0                           
GPU 2           71.181            0.000        0.000        0.000        4383686                     3732814                     0                           0                           
GPU 3           71.193            0.000        0.000        0.000        4849773                     4130663                     0                           0                           
GPU 4           194.023           0.164        0.037        0.064        4289826510                  4108256600                  0                           0                           
GPU 5           73.575            0.000        0.000        0.000        1096272                     825348                      0                           0                           
GPU 6           73.459            0.000        0.000        0.000        2874638                     2375885                     0                           0                           
GPU 7           73.174            0.000        0.000        0.000        1557058                     1240510                     0                           0                           
#Entity         POWER             SMACT        TENSO        DRAMA        PCITX                       PCIRX                       NVLTX                       NVLRX                       
ID               W                                                                                                                                                                       
GPU 0           220.634           0.344        0.000        0.119        4131843                     9915313539                  0                           0                           
GPU 1           72.496            0.000        0.000        0.000        1501726                     1181466                     0                           0                           
GPU 2           71.328            0.000        0.000        0.000        4383686                     1141920                     0                           0                           
GPU 3           71.193            0.000        0.000        0.000        2087733                     4130663                     0                           0                           
GPU 4           329.981           0.392        0.131        0.064        4289826510                  4108256600                  0                           0                           
GPU 5           73.623            0.000        0.000        0.000        4190822                     825348                      0                           0                           
GPU 6           73.542            0.000        0.000        0.000        2874638                     2375885                     0                           0                           
GPU 7           73.174            0.000        0.000        0.000        1557058                     3453856                     0                           0                           
GPU 0           366.688           0.404        0.153        0.117        12638149631                 11664924340                 0                           0                           
GPU 1           72.439            0.000        0.000        0.000        509907                      306573                      0                           0                           
GPU 2           71.255            0.000        0.000        0.000        3537274                     2996757                     0                           0                           
GPU 3           71.223            0.000        0.000        0.000        2106340                     1717916                     0                           0                           
GPU 4           369.145           0.433        0.191        0.113        11957057839                 11044664859                 0                           0                           
GPU 5           73.722            0.000        0.000        0.000        499391                      292403                      0                           0                           
GPU 6           73.501            0.000        0.000        0.000        4097099                     3474072                     0                           0                           
GPU 7           73.247            0.000        0.000        0.000        499976                      305541                      0                           0                           
GPU 0           317.109           0.438        0.184        0.122        11387981949                 10560135666                 0                           0                           
GPU 1           72.499            0.000        0.000        0.000        4442387                     3760595                     0                           0                           
GPU 2           71.379            0.000        0.000        0.000        2872596                     2397165                     0                           0                           
GPU 3           71.169            0.000        0.000        0.000        3978066                     3365975                     0                           0                           
GPU 4           306.766           0.445        0.100        0.197        7575337886                  7397871974                  0                           0                           
GPU 5           73.647            0.000        0.000        0.000        4565007                     3894746                     0                           0                           
GPU 6           73.495            0.000        0.000        0.000        499978                      307114                      0                           0                           
GPU 7           73.153            0.000        0.000        0.000        4472896                     3834585                     0                           0                           
GPU 0           317.109           0.482        0.184        0.257        11387981949                 4973261987                  0                           0                           
GPU 1           72.499            0.000        0.000        0.000        4442387                     3760595                     0                           0                           
GPU 2           71.266            0.000        0.000        0.000        2872596                     1581154                     0                           0                           
GPU 3           71.169            0.000        0.000        0.000        878811                      3365975                     0                           0                           
GPU 4           296.087           0.473        0.050        0.197        7575337886                  7397871974                  0                           0                           
GPU 5           73.716            0.000        0.000        0.000        4565007                     3894746                     0                           0                           
GPU 6           73.495            0.000        0.000        0.000        499978                      307114                      0                           0                           
GPU 7           73.153            0.000        0.000        0.000        4472896                     3834585                     0                           0                           
GPU 0           303.788           0.496        0.054        0.275        4740894871                  5062198623                  0                           0                           
GPU 1           72.433            0.000        0.000        0.000        477934                      274078                      0                           0                           
GPU 2           71.202            0.000        0.000        0.000        3537235                     2972151                     0                           0                           
GPU 3           71.221            0.000        0.000        0.000        4200471                     633561                      0                           0                           
GPU 4           304.180           0.503        0.053        0.263        4630226417                  4942310968                  0                           0                           
GPU 5           73.701            0.000        0.000        0.000        699572                      445857                      0                           0                           
GPU 6           73.503            0.000        0.000        0.000        1050998                     767184                      0                           0                           
GPU 7           73.201            0.000        0.000        0.000        1678324                     1329314                     0                           0                           
GPU 0           307.581           0.506        0.057        0.287        4798947978                  5121116152                  0                           0                           
GPU 1           72.468            0.000        0.000        0.000        4573411                     3903671                     0                           0                           
GPU 2           71.242            0.000        0.000        0.000        508362                      323884                      0                           0                           
GPU 3           71.168            0.000        0.000        0.000        533601                      3551907                     0                           0                           
GPU 4           304.730           0.491        0.053        0.277        4833275189                  5160633389                  0                           0                           
GPU 5           73.672            0.000        0.000        0.000        4290847                     3637524                     0                           0                           
GPU 6           73.536            0.000        0.000        0.000        3623638                     3080354                     0                           0                           
GPU 7           73.319            0.000        0.000        0.000        2368776                     1971068                     0                           0                           
GPU 0           299.015           0.492        0.054        0.270        4744142639                  5084639373                  0                           0                           
GPU 1           72.240            0.000        0.000        0.000        767201                      506226                      0                           0                           
GPU 2           71.163            0.000        0.000        0.000        4464742                     3821232                     0                           0                           
GPU 3           71.125            0.000        0.000        0.000        4524168                     341756                      0                           0                           
GPU 4           308.545           0.502        0.053        0.272        4727232634                  5063214958                  0                           0                           
GPU 5           73.639            0.000        0.000        0.000        2066102                     1652620                     0                           0                           
GPU 6           73.570            0.000        0.000        0.000        2483565                     2032960                     0                           0                           
GPU 7           73.180            0.000        0.000        0.000        2960936                     2463603                     0                           0                           
GPU 0           290.256           0.401        0.065        0.196        6653057580                  6758170214                  0                           0                           
GPU 1           72.511            0.000        0.000        0.000        4058318                     3432591                     0                           0                           
GPU 2           71.327            0.000        0.000        0.000        259422                      71275                       0                           0                           
GPU 3           71.368            0.000        0.000        0.000        216396                      3869623                     0                           0                           
GPU 4           268.732           0.359        0.082        0.277        4885395654                  5210173670                  0                           0                           
GPU 5           73.718            0.000        0.000        0.000        2763350                     2302137                     0                           0                           
GPU 6           73.590            0.000        0.000        0.000        1791187                     1458105                     0                           0                           
GPU 7           73.217            0.000        0.000        0.000        1606839                     1288721                     0                           0                           
GPU 0           295.369           0.361        0.093        0.140        10149361111                 9582179677                  0                           0                           
GPU 1           72.587            0.000        0.000        0.000        3525437                     2934688                     0                           0                           
GPU 2           71.144            0.000        0.000        0.000        4486821                     3839633                     0                           0                           
GPU 3           71.391            0.000        0.000        0.000        4505654                     20958                       0                           0                           
GPU 4           295.659           0.416        0.080        0.123        9308315583                  8951469381                  0                           0                           
GPU 5           73.840            0.000        0.000        0.000        3004283                     2470673                     0                           0                           
GPU 6           73.539            0.000        0.000        0.000        3729997                     3143508                     0                           0                           
GPU 7           73.343            0.000        0.000        0.000        4042118                     3415860                     0                           0                           
GPU 0           291.453           0.436        0.059        0.218        6204371944                  6381086143                  0                           0                           
GPU 1           72.556            0.000        0.000        0.000        3601066                     2998851                     0                           0                           
GPU 2           71.376            0.000        0.000        0.000        1137256                     844644                      0                           0                           
GPU 3           71.227            0.000        0.000        0.000        1518551                     1173078                     0                           0                           
GPU 4           283.606           0.487        0.046        0.252        4627245245                  4939676307                  0                           0                           
GPU 5           73.708            0.000        0.000        0.000        1226813                     935103                      0                           0                           
GPU 6           73.520            0.000        0.000        0.000        533401                      337743                      0                           0                           
GPU 7           73.230            0.000        0.000        0.000        498927                      302920                      0                           0                           
GPU 0           311.038           0.473        0.049        0.263        4555381284                  4864919856                  0                           0                           
GPU 1           72.470            0.000        0.000        0.000        561321                      365091                      0                           0                           
GPU 2           71.263            0.000        0.000        0.000        3738150                     3191984                     0                           0                           
GPU 3           71.185            0.000        0.000        0.000        3111541                     2619540                     0                           0                           
GPU 4           302.817           0.503        0.050        0.272        4687779109                  5003449732                  0                           0                           
GPU 5           73.598            0.000        0.000        0.000        508812                      3509836                     0                           0                           
GPU 6           73.504            0.000        0.000        0.000        4136217                     3520475                     0                           0                           
GPU 7           73.207            0.000        0.000        0.000        4349173                     425386                      0                           0                           
GPU 0           304.529           0.511        0.054        0.287        4854600241                  5179834594                  0                           0                           
GPU 1           72.524            0.000        0.000        0.000        4304913                     3639999                     0                           0                           
GPU 2           71.214            0.000        0.000        0.000        3273356                     2733574                     0                           0                           
GPU 3           71.178            0.000        0.000        0.000        3865637                     3262092                     0                           0                           
GPU 4           313.989           0.510        0.051        0.280        4860503777                  5191233349                  0                           0                           
GPU 5           73.757            0.000        0.000        0.000        4441440                     309165                      0                           0                           
GPU 6           73.658            0.000        0.000        0.000        430704                      234886                      0                           0                           
GPU 7           73.321            0.000        0.000        0.000        664720                      3568346                     0                           0                           
GPU 0           310.531           0.504        0.054        0.276        4963371782                  5329502205                  0                           0                           
GPU 1           72.559            0.000        0.000        0.000        506745                      304990                      0                           0                           
GPU 2           71.438            0.000        0.000        0.000        539800                      347056                      0                           0                           
GPU 3           71.259            0.000        0.000        0.000        535040                      333286                      0                           0                           
GPU 4           302.921           0.501        0.052        0.273        4933359041                  5293539712                  0                           0                           
GPU 5           73.667            0.000        0.000        0.000        352040                      3763302                     0                           0                           
GPU 6           73.567            0.000        0.000        0.000        4861033                     4172756                     0                           0                           
GPU 7           73.129            0.000        0.000        0.000        4183839                     2158591                     0                           0                           
GPU 0           307.944           0.496        0.060        0.258        5879149953                  6434306688                  0                           0                           
GPU 1           72.607            0.000        0.000        0.000        4295210                     3620219                     0                           0                           
GPU 2           71.188            0.000        0.000        0.000        4265522                     3632506                     0                           0                           
GPU 3           70.412            0.000        0.000        0.000        4346394                     3704521                     0                           0                           
GPU 4           298.398           0.475        0.070        0.217        7659036959                  8235695585                  0                           0                           
GPU 5           73.168            0.000        0.000        0.000        5091659                     144817                      0                           0                           
GPU 6           73.471            0.000        0.000        0.000        1004030                     730204                      0                           0                           
GPU 7           72.632            0.000        0.000        0.000        2613741                     1200322                     0                           0                           
#Entity         POWER             SMACT        TENSO        DRAMA        PCITX                       PCIRX                       NVLTX                       NVLRX                       
ID               W                                                                                                                                                                       
GPU 0           315.528           0.406        0.091        0.166        10480995811                 10252931172                 0                           0                           
GPU 1           72.539            0.000        0.000        0.000        457345                      252492                      0                           0                           
GPU 2           71.309            0.000        0.000        0.000        517270                      327551                      0                           0                           
GPU 3           71.237            0.000        0.000        0.000        492082                      289799                      0                           0                           
GPU 4           314.979           0.467        0.077        0.225        8819171667                  8675379970                  0                           0                           
GPU 5           73.592            0.000        0.000        0.000        1513403                     4324040                     0                           0                           
GPU 6           73.387            0.000        0.000        0.000        3886278                     3320281                     0                           0                           
GPU 7           73.257            0.000        0.000        0.000        1472885                     2204001                     0                           0                           
GPU 0           324.679           0.559        0.058        0.335        5992311119                  6218253590                  0                           0                           
GPU 1           72.689            0.000        0.000        0.000        5112903                     4375751                     0                           0                           
GPU 2           71.446            0.000        0.000        0.000        4444939                     3808750                     0                           0                           
GPU 3           71.217            0.000        0.000        0.000        4515321                     3857622                     0                           0                           
GPU 4           333.160           0.550        0.059        0.327        5999713569                  6266582892                  0                           0                           
GPU 5           73.410            0.000        0.000        0.000        3079679                     1166573                     0                           0                           
GPU 6           73.718            0.000        0.000        0.000        2308291                     1878232                     0                           0                           
GPU 7           73.023            0.000        0.000        0.000        2659475                     1343739                     0                           0                           
GPU 0           272.363           0.485        0.066        0.265        7006891412                  7167563912                  0                           0                           
GPU 1           72.593            0.000        0.000        0.000        3196391                     1347932                     0                           0                           
GPU 2           71.450            0.000        0.000        0.000        255748                      68653                       0                           0                           
GPU 3           71.312            0.000        0.000        0.000        216428                      3862589                     0                           0                           
GPU 4           267.235           0.447        0.064        0.202        7338948476                  7450213873                  0                           0                           
GPU 5           73.637            0.000        0.000        0.000        2386691                     2579501                     0                           0                           
GPU 6           73.307            0.000        0.000        0.000        2005552                     1662885                     0                           0                           
GPU 7           73.274            0.000        0.000        0.000        1664999                     3433830                     0                           0                           
GPU 0           300.608           0.360        0.070        0.154        8218467066                  8442607701                  0                           0                           
GPU 1           72.428            0.000        0.000        0.000        3196391                     2670550                     0                           0                           
GPU 2           71.472            0.000        0.000        0.000        4486132                     3832603                     0                           0                           
GPU 3           71.470            0.000        0.000        0.000        4520765                     3862589                     0                           0                           
GPU 4           317.760           0.459        0.067        0.206        7716024957                  7963209991                  0                           0                           
GPU 5           73.781            0.000        0.000        0.000        2257980                     1931267                     0                           0                           
GPU 6           73.637            0.000        0.000        0.000        2431016                     2004449                     0                           0                           
GPU 7           73.383            0.000        0.000        0.000        4061069                     274095                      0                           0                           
GPU 0           323.810           0.521        0.057        0.308        6315541395                  6170437396                  0                           0                           
GPU 1           72.431            0.000        0.000        0.000        518804                      2713741                     0                           0                           
GPU 2           71.190            0.000        0.000        0.000        1132872                     842011                      0                           0                           
GPU 3           70.980            0.000        0.000        0.000        2268716                     1640939                     0                           0                           
GPU 4           311.978           0.522        0.058        0.301        6266284653                  7973603234                  0                           0                           
GPU 5           73.762            0.000        0.000        0.000        3819839                     3182588                     0                           0                           
GPU 6           73.578            0.000        0.000        0.000        3765559                     1806344                     0                           0                           
GPU 7           73.094            0.000        0.000        0.000        468529                      3741207                     0                           0                           
GPU 0           278.710           0.372        0.079        0.158        9149529543                  9023246166                  0                           0                           
GPU 1           72.495            0.000        0.000        0.000        4382118                     3688798                     0                           0                           
GPU 2           71.327            0.000        0.000        0.000        3784799                     3178774                     0                           0                           
GPU 3           71.276            0.000        0.000        0.000        3504385                     2927526                     0                           0                           
GPU 4           279.400           0.419        0.071        0.164        7908133864                  8083971070                  0                           0                           
GPU 5           73.681            0.000        0.000        0.000        965777                      702192                      0                           0                           
GPU 6           73.561            0.000        0.000        0.000        534642                      336626                      0                           0                           
GPU 7           73.095            0.000        0.000        0.000        203913                      20486                       0                           0                           
GPU 0           322.092           0.430        0.070        0.209        7920934688                  8167212613                  0                           0                           
GPU 1           72.601            0.000        0.000        0.000        512509                      311278                      0                           0                           
GPU 2           71.308            0.000        0.000        0.000        535730                      353465                      0                           0                           
GPU 3           70.953            0.000        0.000        0.000        586939                      393694                      0                           0                           
GPU 4           321.446           0.536        0.068        0.297        7030783253                  7391211797                  0                           0                           
GPU 5           73.616            0.000        0.000        0.000        4340723                     3646437                     0                           0                           
GPU 6           73.671            0.000        0.000        0.000        4152804                     3536487                     0                           0                           
GPU 7           72.935            0.000        0.000        0.000        4877337                     4202452                     0                           0                           
GPU 0           281.795           0.470        0.057        0.267        6043519361                  6300882713                  0                           0                           
GPU 1           72.677            0.000        0.000        0.000        4603888                     3882778                     0                           0                           
GPU 2           71.566            0.000        0.000        0.000        3478157                     2906471                     0                           0                           
GPU 3           71.260            0.000        0.000        0.000        3796274                     3182696                     0                           0                           
GPU 4           275.661           0.462        0.053        0.218        5893079511                  6197583064                  0                           0                           
GPU 5           73.527            0.000        0.000        0.000        496786                      290316                      0                           0                           
GPU 6           73.455            0.000        0.000        0.000        457621                      267673                      0                           0                           
GPU 7           73.386            0.000        0.000        0.000        666447                      428867                      0                           0                           
GPU 0           281.795           0.470        0.057        0.267        6043519361                  6300882713                  0                           0                           
GPU 1           72.677            0.000        0.000        0.000        285588                      3882778                     0                           0                           
GPU 2           71.566            0.000        0.000        0.000        3478157                     2906471                     0                           0                           
GPU 3           71.260            0.000        0.000        0.000        3796274                     330143                      0                           0                           
GPU 4           275.661           0.462        0.053        0.218        5893079511                  6197583064                  0                           0                           
GPU 5           73.527            0.000        0.000        0.000        4653114                     290316                      0                           0                           
GPU 6           73.455            0.000        0.000        0.000        457621                      267673                      0                           0                           
GPU 7           73.386            0.000        0.000        0.000        666447                      3610284                     0                           0                           
GPU 0           288.545           0.427        0.057        0.227        6370193908                  6637459480                  0                           0                           
GPU 1           72.308            0.000        0.000        0.000        4792462                     90130                       0                           0                           
GPU 2           71.199            0.000        0.000        0.000        537459                      345884                      0                           0                           
GPU 3           71.114            0.000        0.000        0.000        529277                      3588408                     0                           0                           
GPU 4           288.528           0.436        0.068        0.196        7790279227                  7893590144                  0                           0                           
GPU 5           73.878            0.000        0.000        0.000        2005569                     1586050                     0                           0                           
GPU 6           73.620            0.000        0.000        0.000        4748043                     425820                      0                           0                           
GPU 7           73.196            0.000        0.000        0.000        1586213                     1239884                     0                           0                           
GPU 0           302.324           0.480        0.055        0.273        8473495666                  6316718647                  0                           0                           
GPU 1           72.213            0.000        0.000        0.000        792494                      4075714                     0                           0                           
GPU 2           71.350            0.000        0.000        0.000        4199851                     3557872                     0                           0                           
GPU 3           71.122            0.000        0.000        0.000        4235558                     282438                      0                           0                           
GPU 4           299.939           0.498        0.053        0.256        5818325794                  6217753061                  0                           0                           
GPU 5           73.631            0.000        0.000        0.000        1686316                     1344757                     0                           0                           
GPU 6           73.760            0.000        0.000        0.000        1053811                     4075928                     0                           0                           
GPU 7           73.274            0.000        0.000        0.000        3319950                     2806366                     0                           0                           
GPU 0           301.422           0.421        0.074        0.196        7465399301                  8682021572                  0                           0                           
GPU 1           72.463            0.000        0.000        0.000        4531837                     520550                      0                           0                           
GPU 2           71.349            0.000        0.000        0.000        506775                      316538                      0                           0                           
GPU 3           71.320            0.000        0.000        0.000        486275                      3809075                     0                           0                           
GPU 4           294.086           0.480        0.065        0.229        7326565515                  7676688853                  0                           0                           
GPU 5           73.736            0.000        0.000        0.000        4347980                     3637988                     0                           0                           
GPU 6           73.600            0.000        0.000        0.000        3716809                     771209                      0                           0                           
GPU 7           73.113            0.000        0.000        0.000        2030815                     1632513                     0                           0                           
GPU 0           278.271           0.407        0.065        0.195        5959591905                  7862014205                  0                           0                           
GPU 1           72.397            0.000        0.000        0.000        3695757                     3855235                     0                           0                           
GPU 2           71.446            0.000        0.000        0.000        4446768                     3821023                     0                           0                           
GPU 3           70.911            0.000        0.000        0.000        4459379                     84890                       0                           0                           
GPU 4           275.450           0.447        0.075        0.184        8716163978                  8971848023                  0                           0                           
GPU 5           73.726            0.000        0.000        0.000        545005                      348488                      0                           0                           
GPU 6           73.634            0.000        0.000        0.000        1716605                     3172360                     0                           0                           
GPU 7           73.089            0.000        0.000        0.000        2440866                     2051911                     0                           0                           
GPU 0           308.652           0.497        0.056        0.287        8495280842                  6302911513                  0                           0                           
GPU 1           72.590            0.000        0.000        0.000        560693                      3076522                     0                           0                           
GPU 2           71.380            0.000        0.000        0.000        308682                      114773                      0                           0                           
GPU 3           71.502            0.000        0.000        0.000        279825                      3986520                     0                           0                           
GPU 4           304.023           0.484        0.051        0.243        5683736633                  6053036721                  0                           0                           
GPU 5           73.630            0.000        0.000        0.000        4607940                     3920993                     0                           0                           
GPU 6           73.373            0.000        0.000        0.000        3096758                     1357847                     0                           0                           
GPU 7           73.289            0.000        0.000        0.000        2451624                     2011924                     0                           0                           
#Entity         POWER             SMACT        TENSO        DRAMA        PCITX                       PCIRX                       NVLTX                       NVLRX                       
ID               W                                                                                                                                                                       
GPU 0           300.449           0.434        0.075        0.200        9310670716                  8774559666                  0                           0                           
GPU 1           72.485            0.000        0.000        0.000        3941400                     3298325                     0                           0                           
GPU 2           71.258            0.000        0.000        0.000        1164771                     874342                      0                           0                           
GPU 3           70.952            0.000        0.000        0.000        2942958                     2439189                     0                           0                           
GPU 4           292.964           0.447        0.082        0.202        10275914188                 10405924221                 0                           0                           
GPU 5           73.659            0.000        0.000        0.000        280125                      88134                       0                           0                           
GPU 6           73.421            0.000        0.000        0.000        2267920                     1851110                     0                           0                           
GPU 7           73.295            0.000        0.000        0.000        2209026                     1826966                     0                           0                           
GPU 0           304.400           0.400        0.079        0.169        5679839449                  9521670772                  0                           0                           
GPU 1           72.691            0.000        0.000        0.000        520389                      318103                      0                           0                           
GPU 2           71.160            0.000        0.000        0.000        3830392                     3269051                     0                           0                           
GPU 3           71.191            0.000        0.000        0.000        582819                      380200                      0                           0                           
GPU 4           300.512           0.466        0.061        0.219        6917975672                  6785376386                  0                           0                           
GPU 5           73.877            0.000        0.000        0.000        5233867                     445874                      0                           0                           
GPU 6           73.423            0.000        0.000        0.000        2254828                     1873258                     0                           0                           
GPU 7           73.135            0.000        0.000        0.000        3668708                     3115860                     0                           0                           
GPU 0           314.535           0.491        0.055        0.287        8417399207                  5981170046                  0                           0                           
GPU 1           72.422            0.000        0.000        0.000        4412483                     3725456                     0                           0                           
GPU 2           71.290            0.000        0.000        0.000        3615727                     3047098                     0                           0                           
GPU 3           71.220            0.000        0.000        0.000        4359486                     3709153                     0                           0                           
GPU 4           307.853           0.522        0.062        0.289        6544804037                  9648320618                  0                           0                           
GPU 5           73.751            0.000        0.000        0.000        699162                      3853152                     0                           0                           
GPU 6           73.788            0.000        0.000        0.000        4251207                     3635956                     0                           0                           
GPU 7           73.207            0.000        0.000        0.000        1069553                     820113                      0                           0                           
GPU 0           301.476           0.491        0.075        0.246        7990656047                  8784527806                  0                           0                           
GPU 1           72.550            0.000        0.000        0.000        509382                      313909                      0                           0                           
GPU 2           71.589            0.000        0.000        0.000        573577                      388402                      0                           0                           
GPU 3           71.333            0.000        0.000        0.000        528209                      334846                      0                           0                           
GPU 4           290.129           0.459        0.082        0.197        9372353038                  7361233974                  0                           0                           
GPU 5           73.779            0.000        0.000        0.000        4506988                     915168                      0                           0                           
GPU 6           73.373            0.000        0.000        0.000        508363                      323360                      0                           0                           
GPU 7           73.253            0.000        0.000        0.000        4430965                     3809498                     0                           0                           
GPU 0           307.212           0.420        0.058        0.203        6263495319                  8165088718                  0                           0                           
GPU 1           72.715            0.000        0.000        0.000        4632958                     3923420                     0                           0                           
GPU 2           71.380            0.000        0.000        0.000        541552                      3237247                     0                           0                           
GPU 3           71.281            0.000        0.000        0.000        4215921                     3560868                     0                           0                           
GPU 4           299.002           0.465        0.062        0.286        6972665934                  6536679733                  0                           0                           
GPU 5           73.696            0.000        0.000        0.000        1230547                     3169950                     0                           0                           
GPU 6           73.643            0.000        0.000        0.000        4381244                     3736111                     0                           0                           
GPU 7           73.226            0.000        0.000        0.000        4813714                     77183                       0                           0                           
GPU 0           299.610           0.447        0.069        0.226        7604399509                  7869434976                  0                           0                           
GPU 1           72.467            0.000        0.000        0.000        2496088                     2042987                     0                           0                           
GPU 2           71.384            0.000        0.000        0.000        4370618                     3734939                     0                           0                           
GPU 3           71.107            0.000        0.000        0.000        518259                      314414                      0                           0                           
GPU 4           297.627           0.522        0.058        0.206        6162080856                  8785791479                  0                           0                           
GPU 5           73.710            0.000        0.000        0.000        2629776                     2150285                     0                           0                           
GPU 6           73.598            0.000        0.000        0.000        204391                      21916                       0                           0                           
GPU 7           73.174            0.000        0.000        0.000        1727880                     1376784                     0                           0                           
GPU 0           318.242           0.453        0.077        0.212        8860366583                  9226141992                  0                           0                           
GPU 1           72.326            0.000        0.000        0.000        2128625                     1735621                     0                           0                           
GPU 2           71.266            0.000        0.000        0.000        527228                      338557                      0                           0                           
GPU 3           71.059            0.000        0.000        0.000        4595196                     3938066                     0                           0                           
GPU 4           301.878           0.464        0.076        0.211        8559149862                  8769954623                  0                           0                           
GPU 5           73.657            0.000        0.000        0.000        1827878                     1461569                     0                           0                           
GPU 6           73.564            0.000        0.000        0.000        4991550                     4305590                     0                           0                           
GPU 7           72.983            0.000        0.000        0.000        2731514                     2309567                     0                           0                           
GPU 0           287.502           0.459        0.056        0.255        5985807512                  6437303943                  0                           0                           
GPU 1           72.584            0.000        0.000        0.000        3750866                     3138605                     0                           0                           
GPU 2           71.171            0.000        0.000        0.000        4367132                     3729331                     0                           0                           
GPU 3           71.322            0.000        0.000        0.000        574526                      343000                      0                           0                           
GPU 4           293.983           0.468        0.074        0.262        8378880380                  6617361391                  0                           0                           
GPU 5           73.853            0.000        0.000        0.000        4385553                     3722742                     0                           0                           
GPU 6           73.583            0.000        0.000        0.000        721231                      478756                      0                           0                           
GPU 7           73.369            0.000        0.000        0.000        2796840                     2328556                     0                           0                           
GPU 0           323.887           0.453        0.056        0.218        5985807512                  8011209637                  0                           0                           
GPU 1           72.584            0.000        0.000        0.000        3750866                     415328                      0                           0                           
GPU 2           71.079            0.000        0.000        0.000        4367132                     938464                      0                           0                           
GPU 3           71.259            0.000        0.000        0.000        1560414                     343000                      0                           0                           
GPU 4           278.450           0.454        0.065        0.262        6175188540                  6617361391                  0                           0                           
GPU 5           73.587            0.000        0.000        0.000        2052841                     3722742                     0                           0                           
GPU 6           73.600            0.000        0.000        0.000        721231                      3774013                     0                           0                           
GPU 7           73.044            0.000        0.000        0.000        2796840                     1476094                     0                           0                           
GPU 0           293.391           0.427        0.052        0.224        5118014602                  5615324568                  0                           0                           
GPU 1           72.456            0.000        0.000        0.000        570062                      370336                      0                           0                           
GPU 2           71.292            0.000        0.000        0.000        3896076                     3343069                     0                           0                           
GPU 3           71.081            0.000        0.000        0.000        3202989                     2703413                     0                           0                           
GPU 4           281.603           0.465        0.047        0.227        4600343583                  5011983669                  0                           0                           
GPU 5           73.553            0.000        0.000        0.000        1952198                     1582722                     0                           0                           
GPU 6           73.468            0.000        0.000        0.000        2235703                     1850508                     0                           0                           
GPU 7           73.249            0.000        0.000        0.000        3367631                     2825750                     0                           0                           
GPU 0           285.116           0.441        0.054        0.231        5269707527                  5790929357                  0                           0                           
GPU 1           72.344            0.000        0.000        0.000        4440863                     3760636                     0                           0                           
GPU 2           71.155            0.000        0.000        0.000        1373049                     1060182                     0                           0                           
GPU 3           71.254            0.000        0.000        0.000        2752523                     2280931                     0                           0                           
GPU 4           273.966           0.470        0.054        0.229        5565872409                  6117399345                  0                           0                           
GPU 5           73.503            0.000        0.000        0.000        4398250                     3719339                     0                           0                           
GPU 6           73.548            0.000        0.000        0.000        4231204                     3611249                     0                           0                           
GPU 7           73.243            0.000        0.000        0.000        1309656                     1034518                     0                           0                           
GPU 0           285.116           0.431        0.054        0.231        5269707527                  5153763357                  0                           0                           
GPU 1           72.344            0.000        0.000        0.000        4440863                     3760636                     0                           0                           
GPU 2           71.171            0.000        0.000        0.000        1373049                     2959512                     0                           0                           
GPU 3           71.254            0.000        0.000        0.000        2125473                     2280931                     0                           0                           
GPU 4           263.073           0.449        0.047        0.229        5565872409                  6117399345                  0                           0                           
GPU 5           73.469            0.000        0.000        0.000        4398250                     3719339                     0                           0                           
GPU 6           73.548            0.000        0.000        0.000        4231204                     3611249                     0                           0                           
GPU 7           73.161            0.000        0.000        0.000        1309656                     1034518                     0                           0                           
GPU 0           307.936           0.440        0.051        0.234        4956901533                  5400175236                  0                           0                           
GPU 1           72.408            0.000        0.000        0.000        535840                      337323                      0                           0                           
GPU 2           71.309            0.000        0.000        0.000        3958718                     3355072                     0                           0                           
GPU 3           71.096            0.000        0.000        0.000        4357287                     1740834                     0                           0                           
GPU 4           291.334           0.494        0.051        0.203        4847322887                  5339055060                  0                           0                           
GPU 5           73.691            0.000        0.000        0.000        473463                      275167                      0                           0                           
GPU 6           73.496            0.000        0.000        0.000        823928                      588092                      0                           0                           
GPU 7           73.151            0.000        0.000        0.000        1342250                     1034811                     0                           0                           
GPU 0           299.341           0.501        0.053        0.274        4953931166                  5318555635                  0                           0                           
GPU 1           72.491            0.000        0.000        0.000        4434077                     3778031                     0                           0                           
GPU 2           71.197            0.000        0.000        0.000        515696                      333316                      0                           0                           
GPU 3           71.181            0.000        0.000        0.000        561764                      3705397                     0                           0                           
GPU 4           294.301           0.484        0.050        0.268        4950170872                  5312696957                  0                           0                           
GPU 5           73.633            0.000        0.000        0.000        5095889                     4368653                     0                           0                           
GPU 6           73.496            0.000        0.000        0.000        4346940                     3732603                     0                           0                           
GPU 7           73.196            0.000        0.000        0.000        3058894                     2590131                     0                           0                           
#Entity         POWER             SMACT        TENSO        DRAMA        PCITX                       PCIRX                       NVLTX                       NVLRX                       
ID               W                                                                                                                                                                       
GPU 0           303.686           0.477        0.055        0.249        5715617235                  6199351252                  0                           0                           
GPU 1           72.382            0.000        0.000        0.000        471164                      262022                      0                           0                           
GPU 2           71.183            0.000        0.000        0.000        4154525                     3524115                     0                           0                           
GPU 3           71.129            0.000        0.000        0.000        4166265                     370240                      0                           0                           
GPU 4           290.148           0.478        0.066        0.265        4948730230                  5305073621                  0                           0                           
GPU 5           73.536            0.000        0.000        0.000        1610034                     1252965                     0                           0                           
GPU 6           73.381            0.000        0.000        0.000        1929246                     1549927                     0                           0                           
GPU 7           73.115            0.000        0.000        0.000        2242889                     1826516                     0                           0                           
GPU 0           309.681           0.461        0.069        0.231        7803807144                  8160658782                  0                           0                           
GPU 1           72.414            0.000        0.000        0.000        5090978                     4335745                     0                           0                           
GPU 2           71.318            0.000        0.000        0.000        521974                      331736                      0                           0                           
GPU 3           71.041            0.000        0.000        0.000        514060                      3513894                     0                           0                           
GPU 4           292.145           0.481        0.065        0.228        7522412662                  7986982464                  0                           0                           
GPU 5           73.620            0.000        0.000        0.000        3249075                     2715036                     0                           0                           
GPU 6           73.245            0.000        0.000        0.000        2408463                     1999677                     0                           0                           
GPU 7           73.240            0.000        0.000        0.000        2150812                     1771380                     0                           0                           
GPU 0           282.103           0.416        0.062        0.194        7269561588                  8064102810                  0                           0                           
GPU 1           72.564            0.000        0.000        0.000        739416                      476904                      0                           0                           
GPU 2           71.329            0.000        0.000        0.000        4437422                     3784937                     0                           0                           
GPU 3           71.131            0.000        0.000        0.000        4227060                     311790                      0                           0                           
GPU 4           287.569           0.494        0.059        0.218        7564696730                  8156261685                  0                           0                           
GPU 5           73.461            0.000        0.000        0.000        2624630                     2123723                     0                           0                           
GPU 6           73.347            0.000        0.000        0.000        2395192                     1955558                     0                           0                           
GPU 7           72.964            0.000        0.000        0.000        3279621                     2750836                     0                           0                           
GPU 0           303.774           0.488        0.057        0.277        6064033870                  6454893464                  0                           0                           
GPU 1           71.885            0.000        0.000        0.000        3029771                     2477760                     0                           0                           
GPU 2           71.503            0.000        0.000        0.000        269657                      91950                       0                           0                           
GPU 3           70.621            0.000        0.000        0.000        880214                      629530                      0                           0                           
GPU 4           294.912           0.484        0.069        0.226        7831441533                  8306166752                  0                           0                           
GPU 5           73.570            0.000        0.000        0.000        2102696                     1857020                     0                           0                           
GPU 6           73.530            0.000        0.000        0.000        2191366                     1811899                     0                           0                           
GPU 7           73.506            0.000        0.000        0.000        1279803                     993131                      0                           0                           
GPU 0           305.991           0.448        0.080        0.204        9102471539                  9397513841                  0                           0                           
GPU 1           72.414            0.000        0.000        0.000        542678                      344123                      0                           0                           
GPU 2           70.971            0.000        0.000        0.000        4967122                     4274753                     0                           0                           
GPU 3           71.166            0.000        0.000        0.000        4365273                     3740997                     0                           0                           
GPU 4           304.786           0.451        0.081        0.206        9218974832                  9100390020                  0                           0                           
GPU 5           73.663            0.000        0.000        0.000        2325325                     1839347                     0                           0                           
GPU 6           73.575            0.000        0.000        0.000        2993609                     2500525                     0                           0                           
GPU 7           73.182            0.000        0.000        0.000        4034329                     3414872                     0                           0                           
GPU 0           308.676           0.424        0.069        0.211        7790331764                  7943662239                  0                           0                           
GPU 1           72.556            0.000        0.000        0.000        4024423                     3378934                     0                           0                           
GPU 2           71.380            0.000        0.000        0.000        710368                      468338                      0                           0                           
GPU 3           71.176            0.000        0.000        0.000        721233                      468753                      0                           0                           
GPU 4           298.478           0.496        0.061        0.240        6808717183                  7405990697                  0                           0                           
GPU 5           73.794            0.000        0.000        0.000        2258572                     3016432                     0                           0                           
GPU 6           73.463            0.000        0.000        0.000        1615184                     1297073                     0                           0                           
GPU 7           73.020            0.000        0.000        0.000        507298                      308152                      0                           0                           
GPU 0           312.199           0.502        0.063        0.273        6762964682                  7281766657                  0                           0                           
GPU 1           72.423            0.000        0.000        0.000        553171                      347042                      0                           0                           
GPU 2           71.090            0.000        0.000        0.000        4381079                     3751634                     0                           0                           
GPU 3           71.096            0.000        0.000        0.000        4384555                     3752284                     0                           0                           
GPU 4           307.154           0.488        0.069        0.249        7334245686                  7391614024                  0                           0                           
GPU 5           73.609            0.000        0.000        0.000        3630094                     864154                      0                           0                           
GPU 6           73.567            0.000        0.000        0.000        4103699                     3484816                     0                           0                           
GPU 7           73.084            0.000        0.000        0.000        4339915                     3700613                     0                           0                           
GPU 0           362.862           0.416        0.125        0.154        10980246824                 10348244620                 0                           0                           
GPU 1           72.453            0.000        0.000        0.000        4427302                     3734816                     0                           0                           
GPU 2           71.234            0.000        0.000        0.000        2958581                     2466299                     0                           0                           
GPU 3           71.147            0.000        0.000        0.000        2943262                     2455539                     0                           0                           
GPU 4           353.940           0.412        0.162        0.117        12386027164                 11441274028                 0                           0                           
GPU 5           73.540            0.000        0.000        0.000        1147140                     3630541                     0                           0                           
GPU 6           73.455            0.000        0.000        0.000        473568                      278709                      0                           0                           
GPU 7           73.098            0.000        0.000        0.000        678235                      441966                      0                           0                           
GPU 0           362.862           0.416        0.201        0.154        11374472969                 10348244620                 0                           0                           
GPU 1           72.364            0.000        0.000        0.000        521962                      3734816                     0                           0                           
GPU 2           71.234            0.000        0.000        0.000        558410                      2466299                     0                           0                           
GPU 3           71.050            0.000        0.000        0.000        2943262                     873010                      0                           0                           
GPU 4           353.940           0.412        0.162        0.150        8959776311                  8539470468                  0                           0                           
GPU 5           73.540            0.000        0.000        0.000        4319128                     232006                      0                           0                           
GPU 6           73.455            0.000        0.000        0.000        4993183                     590600                      0                           0                           
GPU 7           73.098            0.000        0.000        0.000        4323754                     3716554                     0                           0                           
GPU 0           298.209           0.457        0.056        0.242        5243736643                  5633090989                  0                           0                           
GPU 1           72.354            0.000        0.000        0.000        4783702                     4073220                     0                           0                           
GPU 2           71.243            0.000        0.000        0.000        4317584                     3673012                     0                           0                           
GPU 3           71.003            0.000        0.000        0.000        1142355                     3700766                     0                           0                           
GPU 4           285.339           0.436        0.152        0.233        6105225967                  6386129919                  0                           0                           
GPU 5           73.640            0.000        0.000        0.000        436382                      4350879                     0                           0                           
GPU 6           73.494            0.000        0.000        0.000        841354                      3938474                     0                           0                           
GPU 7           73.105            0.000        0.000        0.000        1525069                     1199334                     0                           0                           
GPU 0           298.209           0.424        0.056        0.217        5243736643                  6333843213                  0                           0                           
GPU 1           72.354            0.000        0.000        0.000        4783702                     4073220                     0                           0                           
GPU 2           71.190            0.000        0.000        0.000        4317584                     331216                      0                           0                           
GPU 3           71.003            0.000        0.000        0.000        4352671                     3700766                     0                           0                           
GPU 4           277.913           0.463        0.062        0.233        6105225967                  6386129919                  0                           0                           
GPU 5           73.547            0.000        0.000        0.000        5061761                     4350879                     0                           0                           
GPU 6           73.490            0.000        0.000        0.000        841354                      3938474                     0                           0                           
GPU 7           73.105            0.000        0.000        0.000        1525069                     2596486                     0                           0                           
GPU 0           292.809           0.428        0.051        0.233        4741459116                  5153847240                  0                           0                           
GPU 1           72.413            0.000        0.000        0.000        516713                      317050                      0                           0                           
GPU 2           71.288            0.000        0.000        0.000        4582047                     3933758                     0                           0                           
GPU 3           71.099            0.000        0.000        0.000        476416                      4999195                     0                           0                           
GPU 4           288.186           0.459        0.054        0.221        4588512680                  4990621072                  0                           0                           
GPU 5           73.573            0.000        0.000        0.000        1482307                     2598124                     0                           0                           
GPU 6           73.512            0.000        0.000        0.000        2250350                     1863587                     0                           0                           
GPU 7           72.939            0.000        0.000        0.000        2210504                     2044396                     0                           0                           
GPU 0           304.094           0.461        0.052        0.253        4821072972                  5196970029                  0                           0                           
GPU 1           72.382            0.000        0.000        0.000        4454459                     3792579                     0                           0                           
GPU 2           71.247            0.000        0.000        0.000        745508                      510108                      0                           0                           
GPU 3           71.036            0.000        0.000        0.000        1459591                     1125382                     0                           0                           
GPU 4           288.481           0.482        0.051        0.254        4802709547                  5169713699                  0                           0                           
GPU 5           73.541            0.000        0.000        0.000        2845510                     2348201                     0                           0                           
GPU 6           73.438            0.000        0.000        0.000        4257862                     3633802                     0                           0                           
GPU 7           72.988            0.000        0.000        0.000        4216837                     1823744                     0                           0                           
GPU 0           304.094           0.459        0.052        0.250        4821072972                  5331781476                  0                           0                           
GPU 1           72.382            0.000        0.000        0.000        3074834                     3792579                     0                           0                           
GPU 2           71.204            0.000        0.000        0.000        745508                      3895749                     0                           0                           
GPU 3           71.036            0.000        0.000        0.000        3611066                     3081722                     0                           0                           
GPU 4           295.725           0.486        0.055        0.254        4802709547                  5169713699                  0                           0                           
GPU 5           73.591            0.000        0.000        0.000        1953134                     2348201                     0                           0                           
GPU 6           73.385            0.000        0.000        0.000        4257862                     3633802                     0                           0                           
GPU 7           72.988            0.000        0.000        0.000        4216837                     3589578                     0                           0                           
#Entity         POWER             SMACT        TENSO        DRAMA        PCITX                       PCIRX                       NVLTX                       NVLRX                       
ID               W                                                                                                                                                                       
GPU 0           311.388           0.465        0.070        0.230        7222689968                  7543517794                  0                           0                           
GPU 1           72.484            0.000        0.000        0.000        561913                      2545548                     0                           0                           
GPU 2           71.113            0.000        0.000        0.000        3145207                     2633858                     0                           0                           
GPU 3           71.028            0.000        0.000        0.000        3642354                     3065935                     0                           0                           
GPU 4           304.569           0.464        0.078        0.208        8498582246                  8768522944                  0                           0                           
GPU 5           73.502            0.000        0.000        0.000        4341735                     1577914                     0                           0                           
GPU 6           73.324            0.000        0.000        0.000        430617                      236708                      0                           0                           
GPU 7           72.889            0.000        0.000        0.000        803743                      576509                      0                           0                           
GPU 0           294.304           0.426        0.068        0.216        7501708714                  7617841190                  0                           0                           
GPU 1           72.638            0.000        0.000        0.000        4094064                     367427                      0                           0                           
GPU 2           71.022            0.000        0.000        0.000        515159                      332259                      0                           0                           
GPU 3           71.136            0.000        0.000        0.000        545516                      350052                      0                           0                           
GPU 4           285.337           0.453        0.067        0.207        7570921718                  7717470472                  0                           0                           
GPU 5           73.515            0.000        0.000        0.000        532955                      3644227                     0                           0                           
GPU 6           73.406            0.000        0.000        0.000        5580824                     4835972                     0                           0                           
GPU 7           73.053            0.000        0.000        0.000        4330054                     3731440                     0                           0                           
GPU 0           306.628           0.437        0.073        0.219        8049089938                  8095783418                  0                           0                           
GPU 1           72.417            0.000        0.000        0.000        540949                      3422359                     0                           0                           
GPU 2           71.393            0.000        0.000        0.000        4204025                     3566242                     0                           0                           
GPU 3           71.144            0.000        0.000        0.000        4229997                     3580196                     0                           0                           
GPU 4           304.235           0.462        0.072        0.221        8064992528                  8095394426                  0                           0                           
GPU 5           73.775            0.000        0.000        0.000        4492765                     334865                      0                           0                           
GPU 6           73.381            0.000        0.000        0.000        206296                      20010                       0                           0                           
GPU 7           72.859            0.000        0.000        0.000        1215369                     920936                      0                           0                           
GPU 0           313.872           0.485        0.067        0.257        7288099910                  7712872903                  0                           0                           
GPU 1           72.413            0.000        0.000        0.000        4371420                     337729                      0                           0                           
GPU 2           71.408            0.000        0.000        0.000        509394                      317585                      0                           0                           
GPU 3           71.038            0.000        0.000        0.000        516708                      320191                      0                           0                           
GPU 4           303.323           0.502        0.067        0.253        7295254898                  7728799297                  0                           0                           
GPU 5           73.545            0.000        0.000        0.000        300565                      3794717                     0                           0                           
GPU 6           73.338            0.000        0.000        0.000        4859134                     4173789                     0                           0                           
GPU 7           73.078            0.000        0.000        0.000        3584608                     3034921                     0                           0                           
GPU 0           314.034           0.415        0.100        0.169        10652070778                 10147149298                 0                           0                           
GPU 1           72.398            0.000        0.000        0.000        504137                      3678658                     0                           0                           
GPU 2           71.146            0.000        0.000        0.000        4431079                     3777030                     0                           0                           
GPU 3           70.850            0.000        0.000        0.000        4247757                     3601633                     0                           0                           
GPU 4           317.580           0.409        0.104        0.165        10857671450                 10278519442                 0                           0                           
GPU 5           73.442            0.000        0.000        0.000        5084817                     96218                       0                           0                           
GPU 6           73.559            0.000        0.000        0.000        1124160                     832857                      0                           0                           
GPU 7           73.342            0.000        0.000        0.000        1701834                     1344506                     0                           0                           
GPU 0           359.820           0.425        0.179        0.115        12185144202                 11256454361                 0                           0                           
GPU 1           72.312            0.000        0.000        0.000        4490220                     308142                      0                           0                           
GPU 2           71.308            0.000        0.000        0.000        1094597                     819076                      0                           0                           
GPU 3           71.096            0.000        0.000        0.000        478974                      278266                      0                           0                           
GPU 4           361.118           0.437        0.178        0.124        11442615792                 10681605575                 0                           0                           
GPU 5           73.486            0.000        0.000        0.000        697409                      451110                      0                           0                           
GPU 6           73.387            0.000        0.000        0.000        3627255                     1951871                     0                           0                           
GPU 7           73.128            0.000        0.000        0.000        2684814                     2222260                     0                           0                           
GPU 0           306.028           0.470        0.128        0.189        5415676681                  8347116250                  0                           0                           
GPU 1           72.488            0.000        0.000        0.000        513567                      3797401                     0                           0                           
GPU 2           71.010            0.000        0.000        0.000        3866533                     3321573                     0                           0                           
GPU 3           70.893            0.000        0.000        0.000        4653519                     3997939                     0                           0                           
GPU 4           291.405           0.475        0.059        0.233        5807367364                  6396504706                  0                           0                           
GPU 5           73.569            0.000        0.000        0.000        4469901                     1863524                     0                           0                           
GPU 6           73.380            0.000        0.000        0.000        1684943                     1374255                     0                           0                           
GPU 7           73.064            0.000        0.000        0.000        1762685                     1446104                     0                           0                           
GPU 0           284.389           0.434        0.057        0.226        6014868791                  5964424239                  0                           0                           
GPU 1           72.358            0.000        0.000        0.000        4616403                     318097                      0                           0                           
GPU 2           71.275            0.000        0.000        0.000        3523718                     2951572                     0                           0                           
GPU 3           70.980            0.000        0.000        0.000        706578                      464227                      0                           0                           
GPU 4           275.207           0.467        0.054        0.232        5174905104                  5660517851                  0                           0                           
GPU 5           73.520            0.000        0.000        0.000        2306530                     1541862                     0                           0                           
GPU 6           73.398            0.000        0.000        0.000        4134303                     3508052                     0                           0                           
GPU 7           72.987            0.000        0.000        0.000        4100317                     3479691                     0                           0                           
GPU 0           291.005           0.460        0.062        0.240        5034673746                  6308611620                  0                           0                           
GPU 1           72.528            0.000        0.000        0.000        781222                      3926747                     0                           0                           
GPU 2           71.138            0.000        0.000        0.000        509938                      321266                      0                           0                           
GPU 3           70.975            0.000        0.000        0.000        4357450                     3722655                     0                           0                           
GPU 4           292.872           0.455        0.061        0.228        6070456908                  5109103132                  0                           0                           
GPU 5           73.475            0.000        0.000        0.000        1909859                     3037925                     0                           0                           
GPU 6           73.456            0.000        0.000        0.000        466962                      273049                      0                           0                           
GPU 7           73.047            0.000        0.000        0.000        472435                      278427                      0                           0                           
GPU 0           313.589           0.465        0.073        0.249        5137430253                  5465190199                  0                           0                           
GPU 1           72.309            0.000        0.000        0.000        4634511                     534470                      0                           0                           
GPU 2           71.351            0.000        0.000        0.000        452073                      3749552                     0                           0                           
GPU 3           71.041            0.000        0.000        0.000        1274234                     968894                      0                           0                           
GPU 4           307.871           0.487        0.052        0.244        4756890919                  5917224038                  0                           0                           
GPU 5           73.408            0.000        0.000        0.000        3631675                     865179                      0                           0                           
GPU 6           73.499            0.000        0.000        0.000        4526918                     3885980                     0                           0                           
GPU 7           73.054            0.000        0.000        0.000        670303                      3852648                     0                           0                           
GPU 0           344.936           0.402        0.154        0.117        12382727763                 11448813868                 0                           0                           
GPU 1           72.266            0.000        0.000        0.000        500987                      303422                      0                           0                           
GPU 2           71.243            0.000        0.000        0.000        4968900                     4285844                     0                           0                           
GPU 3           71.050            0.000        0.000        0.000        1115676                     853657                      0                           0                           
GPU 4           343.827           0.394        0.111        0.144        11030942349                 10400062519                 0                           0                           
GPU 5           73.587            0.000        0.000        0.000        4246991                     3565712                     0                           0                           
GPU 6           73.440            0.000        0.000        0.000        3079810                     2623154                     0                           0                           
GPU 7           73.032            0.000        0.000        0.000        4285719                     3689946                     0                           0                           
GPU 0           344.936           0.402        0.175        0.117        12382727763                 11448813868                 0                           0                           
GPU 1           72.266            0.000        0.000        0.000        500987                      303422                      0                           0                           
GPU 2           71.243            0.000        0.000        0.000        1059398                     4285844                     0                           0                           
GPU 3           71.050            0.000        0.000        0.000        1115676                     853657                      0                           0                           
GPU 4           343.827           0.394        0.111        0.114        11030942349                 10916101964                 0                           0                           
GPU 5           73.587            0.000        0.000        0.000        4246991                     211796                      0                           0                           
GPU 6           73.440            0.000        0.000        0.000        3079810                     2623154                     0                           0                           
GPU 7           73.032            0.000        0.000        0.000        1924391                     3689946                     0                           0                           
GPU 0           305.938           0.444        0.064        0.225        6063117382                  6349806208                  0                           0                           
GPU 1           72.356            0.000        0.000        0.000        507812                      307097                      0                           0                           
GPU 2           71.170            0.000        0.000        0.000        3713363                     3157844                     0                           0                           
GPU 3           70.950            0.000        0.000        0.000        511978                      311798                      0                           0                           
GPU 4           287.603           0.458        0.064        0.227        5150204966                  5522003102                  0                           0                           
GPU 5           73.561            0.000        0.000        0.000        5698809                     4882635                     0                           0                           
GPU 6           73.401            0.000        0.000        0.000        2200747                     1819375                     0                           0                           
GPU 7           72.988            0.000        0.000        0.000        2392725                     1985688                     0                           0                           
GPU 0           280.369           0.439        0.056        0.231        5364033101                  5807158442                  0                           0                           
GPU 1           72.443            0.000        0.000        0.000        4616951                     3896895                     0                           0                           
GPU 2           71.082            0.000        0.000        0.000        3236527                     2699091                     0                           0                           
GPU 3           71.039            0.000        0.000        0.000        4170660                     3517733                     0                           0                           
GPU 4           264.051           0.460        0.062        0.225        6227454145                  6552005348                  0                           0                           
GPU 5           73.553            0.000        0.000        0.000        700035                      447184                      0                           0                           
GPU 6           73.304            0.000        0.000        0.000        4127710                     3515654                     0                           0                           
GPU 7           73.007            0.000        0.000        0.000        2453182                     2018819                     0                           0                           
#Entity         POWER             SMACT        TENSO        DRAMA        PCITX                       PCIRX                       NVLTX                       NVLRX                       
ID               W                                                                                                                                                                       
GPU 0           280.369           0.439        0.060        0.231        5364033101                  5807158442                  0                           0                           
GPU 1           72.443            0.000        0.000        0.000        4616951                     3896895                     0                           0                           
GPU 2           71.082            0.000        0.000        0.000        1197832                     2699091                     0                           0                           
GPU 3           71.039            0.000        0.000        0.000        4170660                     3517733                     0                           0                           
GPU 4           264.051           0.460        0.062        0.214        6227454145                  6444943996                  0                           0                           
GPU 5           73.553            0.000        0.000        0.000        700035                      4307312                     0                           0                           
GPU 6           73.304            0.000        0.000        0.000        4127710                     3515654                     0                           0                           
GPU 7           73.007            0.000        0.000        0.000        2145505                     2018819                     0                           0                           
GPU 0           305.727           0.444        0.058        0.223        5953113587                  6585925317                  0                           0                           
GPU 1           72.284            0.000        0.000        0.000        2949242                     354025                      0                           0                           
GPU 2           71.280            0.000        0.000        0.000        3835013                     3234675                     0                           0                           
GPU 3           71.005            0.000        0.000        0.000        1281407                     967001                      0                           0                           
GPU 4           303.018           0.459        0.058        0.228        5545320936                  5885462291                  0                           0                           
GPU 5           73.351            0.000        0.000        0.000        1826764                     1431545                     0                           0                           
GPU 6           73.415            0.000        0.000        0.000        541902                      3733972                     0                           0                           
GPU 7           73.041            0.000        0.000        0.000        4066221                     1765037                     0                           0                           
GPU 0           290.648           0.447        0.055        0.239        5401304375                  5693589427                  0                           0                           
GPU 1           72.310            0.000        0.000        0.000        552000                      3352756                     0                           0                           
GPU 2           71.219            0.000        0.000        0.000        508384                      324422                      0                           0                           
GPU 3           71.001            0.000        0.000        0.000        3738009                     3174484                     0                           0                           
GPU 4           303.783           0.459        0.057        0.262        5011769212                  5402884185                  0                           0                           
GPU 5           73.503            0.000        0.000        0.000        2253623                     1853305                     0                           0                           
GPU 6           73.402            0.000        0.000        0.000        4375429                     23345                       0                           0                           
GPU 7           72.952            0.000        0.000        0.000        475866                      3443631                     0                           0                           
GPU 0           299.644           0.483        0.052        0.268        4908096629                  5279378792                  0                           0                           
GPU 1           72.319            0.000        0.000        0.000        3989675                     343545                      0                           0                           
GPU 2           71.148            0.000        0.000        0.000        4209248                     3573563                     0                           0                           
GPU 3           70.999            0.000        0.000        0.000        3519285                     2940671                     0                           0                           
GPU 4           267.718           0.489        0.054        0.239        4459713437                  4822011193                  0                           0                           
GPU 5           73.553            0.000        0.000        0.000        4224984                     3551041                     0                           0                           
GPU 6           73.341            0.000        0.000        0.000        203916                      4140214                     0                           0                           
GPU 7           72.948            0.000        0.000        0.000        4363699                     279335                      0                           0                           
GPU 0           281.716           0.429        0.072        0.230        4759912911                  5057914051                  0                           0                           
GPU 1           72.400            0.000        0.000        0.000        543849                      3666858                     0                           0                           
GPU 2           71.223            0.000        0.000        0.000        507341                      313944                      0                           0                           
GPU 3           70.932            0.000        0.000        0.000        581673                      377301                      0                           0                           
GPU 4           297.894           0.454        0.049        0.193        8108210266                  7940693689                  0                           0                           
GPU 5           73.465            0.000        0.000        0.000        519836                      314941                      0                           0                           
GPU 6           73.289            0.000        0.000        0.000        4836073                     827521                      0                           0                           
GPU 7           72.883            0.000        0.000        0.000        219634                      3740388                     0                           0                           
GPU 0           273.430           0.427        0.060        0.206        7286092476                  7333863618                  0                           0                           
GPU 1           72.257            0.000        0.000        0.000        4347225                     311291                      0                           0                           
GPU 2           71.091            0.000        0.000        0.000        4497112                     3845683                     0                           0                           
GPU 3           70.852            0.000        0.000        0.000        3833098                     3216639                     0                           0                           
GPU 4           291.895           0.429        0.079        0.236        5852745861                  6140473981                  0                           0                           
GPU 5           73.398            0.000        0.000        0.000        4613596                     3909294                     0                           0                           
GPU 6           73.456            0.000        0.000        0.000        1115734                     3095306                     0                           0                           
GPU 7           72.922            0.000        0.000        0.000        4797934                     34779                       0                           0                           
GPU 0           297.148           0.431        0.055        0.218        5623219106                  6409363558                  0                           0                           
GPU 1           72.237            0.000        0.000        0.000        516198                      3846791                     0                           0                           
GPU 2           71.113            0.000        0.000        0.000        717980                      481194                      0                           0                           
GPU 3           70.820            0.000        0.000        0.000        520360                      317561                      0                           0                           
GPU 4           278.125           0.473        0.054        0.224        5625638467                  6198185133                  0                           0                           
GPU 5           73.252            0.000        0.000        0.000        1050348                     749393                      0                           0                           
GPU 6           73.358            0.000        0.000        0.000        2032081                     1642522                     0                           0                           
GPU 7           72.900            0.000        0.000        0.000        2051250                     1653715                     0                           0                           
GPU 0           285.189           0.438        0.055        0.221        5429533819                  6196580303                  0                           0                           
GPU 1           72.298            0.000        0.000        0.000        4559975                     523581                      0                           0                           
GPU 2           71.138            0.000        0.000        0.000        4277760                     3650013                     0                           0                           
GPU 3           70.892            0.000        0.000        0.000        4378680                     3722087                     0                           0                           
GPU 4           283.198           0.468        0.049        0.227        4930145240                  5372295917                  0                           0                           
GPU 5           73.467            0.000        0.000        0.000        3892215                     3288441                     0                           0                           
GPU 6           73.299            0.000        0.000        0.000        2508574                     2071844                     0                           0                           
GPU 7           72.800            0.000        0.000        0.000        1625875                     1318206                     0                           0                           
GPU 0           299.105           0.457        0.068        0.241        6842625171                  5751701142                  0                           0                           
GPU 1           72.442            0.000        0.000        0.000        775129                      3742361                     0                           0                           
GPU 2           71.079            0.000        0.000        0.000        1166778                     882349                      0                           0                           
GPU 3           70.965            0.000        0.000        0.000        287685                      96419                       0                           0                           
GPU 4           300.788           0.455        0.066        0.222        6821215826                  6876957461                  0                           0                           
GPU 5           73.363            0.000        0.000        0.000        1750304                     1374899                     0                           0                           
GPU 6           73.378            0.000        0.000        0.000        3549066                     2982536                     0                           0                           
GPU 7           72.939            0.000        0.000        0.000        4145189                     3525245                     0                           0                           
GPU 0           280.910           0.444        0.053        0.223        4897456618                  6845996826                  0                           0                           
GPU 1           72.294            0.000        0.000        0.000        4444017                     1948640                     0                           0                           
GPU 2           71.120            0.000        0.000        0.000        3751959                     3184769                     0                           0                           
GPU 3           70.979            0.000        0.000        0.000        4455738                     3800189                     0                           0                           
GPU 4           302.592           0.490        0.056        0.257        5519905410                  5756390433                  0                           0                           
GPU 5           73.415            0.000        0.000        0.000        3161677                     2656275                     0                           0                           
GPU 6           73.355            0.000        0.000        0.000        1097403                     838512                      0                           0                           
GPU 7           72.940            0.000        0.000        0.000        459619                      264661                      0                           0                           
GPU 0           287.493           0.494        0.058        0.217        6054729103                  5253123446                  0                           0                           
GPU 1           72.366            0.000        0.000        0.000        2411562                     1753869                     0                           0                           
GPU 2           71.113            0.000        0.000        0.000        2935495                     980080                      0                           0                           
GPU 3           70.901            0.000        0.000        0.000        232084                      35624                       0                           0                           
GPU 4           267.428           0.472        0.051        0.229        5165878328                  5640123189                  0                           0                           
GPU 5           73.424            0.000        0.000        0.000        2801711                     2314830                     0                           0                           
GPU 6           73.358            0.000        0.000        0.000        4197467                     3579715                     0                           0                           
GPU 7           72.862            0.000        0.000        0.000        4381315                     3744557                     0                           0                           
GPU 0           287.493           0.425        0.063        0.217        7125065146                  6388843938                  0                           0                           
GPU 1           72.109            0.000        0.000        0.000        3251386                     1753869                     0                           0                           
GPU 2           71.092            0.000        0.000        0.000        3501530                     980080                      0                           0                           
GPU 3           70.901            0.000        0.000        0.000        4463321                     2346274                     0                           0                           
GPU 4           290.563           0.462        0.068        0.253        5165878328                  7081015934                  0                           0                           
GPU 5           73.212            0.000        0.000        0.000        1747692                     1387673                     0                           0                           
GPU 6           73.471            0.000        0.000        0.000        458035                      3579715                     0                           0                           
GPU 7           72.862            0.000        0.000        0.000        204911                      21486                       0                           0                           
GPU 0           333.544           0.529        0.056        0.321        5247547176                  5464125779                  0                           0                           
GPU 1           72.333            0.000        0.000        0.000        573188                      376011                      0                           0                           
GPU 2           71.173            0.000        0.000        0.000        503663                      318130                      0                           0                           
GPU 3           70.815            0.000        0.000        0.000        521940                      325426                      0                           0                           
GPU 4           324.009           0.537        0.060        0.330        4645796738                  4837693794                  0                           0                           
GPU 5           73.330            0.000        0.000        0.000        4348921                     3664014                     0                           0                           
GPU 6           73.209            0.000        0.000        0.000        4446858                     3818031                     0                           0                           
GPU 7           72.913            0.000        0.000        0.000        4368824                     3736998                     0                           0                           
