#Entity         POWER             SMACT        TENSO        DRAMA        PCITX                       PCIRX                       NVLTX                       NVLRX                       
ID               W                                                                                                                                                                       
GPU 0           153.725           0.194        0.017        0.125        9778162                     41728826                    765263091                   765264139                   
GPU 1           151.342           0.309        0.029        0.195        12459430                    62170838                    1592146120                  1592147168                  
GPU 2           70.861            0.000        0.000        0.000        277714                      94318                       0                           0                           
GPU 3           70.812            0.000        0.000        0.000        1756764                     1389025                     0                           0                           
GPU 4           71.428            0.000        0.000        0.000        876524                      630206                      0                           0                           
GPU 5           72.897            0.000        0.000        0.000        511962                      312312                      0                           0                           
GPU 6           73.003            0.000        0.000        0.000        673437                      435856                      0                           0                           
GPU 7           72.632            0.000        0.000        0.000        1475578                     1150314                     0                           0                           
GPU 0           153.725           0.194        0.017        0.125        9778162                     41728826                    765263091                   765264139                   
GPU 1           151.342           0.309        0.029        0.195        2694085                     62170838                    1592146120                  1592147168                  
GPU 2           70.861            0.000        0.000        0.000        277714                      94318                       0                           0                           
GPU 3           70.812            0.000        0.000        0.000        1756764                     1928613                     0                           0                           
GPU 4           71.428            0.000        0.000        0.000        876524                      630206                      0                           0                           
GPU 5           72.897            0.000        0.000        0.000        511962                      312312                      0                           0                           
GPU 6           73.003            0.000        0.000        0.000        673437                      435856                      0                           0                           
GPU 7           72.632            0.000        0.000        0.000        1475578                     1150314                     0                           0                           
GPU 0           108.406           0.000        0.000        0.000        2694104                     2182080                     0                           0                           
GPU 1           108.398           0.000        0.000        0.000        539868                      2184686                     0                           0                           
GPU 2           70.966            0.000        0.000        0.000        3859209                     3272706                     0                           0                           
GPU 3           70.747            0.000        0.000        0.000        2347178                     3832045                     0                           0                           
GPU 4           71.486            0.000        0.000        0.000        3524471                     2968302                     0                           0                           
GPU 5           72.992            0.000        0.000        0.000        3359926                     2817475                     0                           0                           
GPU 6           73.079            0.000        0.000        0.000        2464342                     2648658                     0                           0                           
GPU 7           72.663            0.000        0.000        0.000        2854519                     2380804                     0                           0                           
GPU 0           107.836           0.000        0.000        0.000        5850593                     316586                      0                           0                           
GPU 1           108.949           0.000        0.000        0.000        3837031                     340693                      0                           0                           
GPU 2           70.907            0.000        0.000        0.000        5790654                     329647                      0                           0                           
GPU 3           70.726            0.000        0.000        0.000        4459753                     1333163                     0                           0                           
GPU 4           71.489            0.000        0.000        0.000        919762                      5014271                     0                           0                           
GPU 5           72.999            0.000        0.000        0.000        882465                      4510458                     0                           0                           
GPU 6           73.037            0.000        0.000        0.000        3751787                     3149596                     0                           0                           
GPU 7           72.668            0.000        0.000        0.000        4698311                     1831145                     0                           0                           
GPU 0           107.831           0.000        0.000        0.000        5046992                     4904322                     0                           0                           
GPU 1           108.540           0.000        0.000        0.000        6854790                     3148871                     0                           0                           
GPU 2           70.929            0.000        0.000        0.000        4193087                     4937271                     0                           0                           
GPU 3           70.664            0.000        0.000        0.000        1704200                     5582400                     0                           0                           
GPU 4           71.507            0.000        0.000        0.000        4461081                     3807528                     0                           0                           
GPU 5           72.982            0.000        0.000        0.000        5302983                     4399171                     0                           0                           
GPU 6           73.046            0.000        0.000        0.000        5224818                     4657109                     0                           0                           
GPU 7           72.697            0.000        0.000        0.000        5742238                     3979011                     0                           0                           
GPU 0           107.524           0.000        0.000        0.000        6677237                     4119244                     0                           0                           
GPU 1           108.093           0.000        0.000        0.000        4069168                     3329677                     0                           0                           
GPU 2           70.816            0.000        0.000        0.000        6736266                     3566002                     0                           0                           
GPU 3           70.664            0.000        0.000        0.000        5855576                     4998050                     0                           0                           
GPU 4           71.510            0.000        0.000        0.000        4461081                     5529617                     0                           0                           
GPU 5           72.950            0.000        0.000        0.000        5148087                     4539704                     0                           0                           
GPU 6           73.031            0.000        0.000        0.000        5449728                     4657109                     0                           0                           
GPU 7           72.687            0.000        0.000        0.000        5430233                     4926884                     0                           0                           
GPU 0           106.754           0.000        0.000        0.000        4752991                     3915321                     0                           0                           
GPU 1           107.726           0.000        0.000        0.000        6632108                     380845                      0                           0                           
GPU 2           70.812            0.000        0.000        0.000        4707425                     5770539                     0                           0                           
GPU 3           70.633            0.000        0.000        0.000        5323049                     4524568                     0                           0                           
GPU 4           71.468            0.000        0.000        0.000        5104445                     4406849                     0                           0                           
GPU 5           72.955            0.000        0.000        0.000        5315680                     6313589                     0                           0                           
GPU 6           73.041            0.000        0.000        0.000        6328249                     3857816                     0                           0                           
GPU 7           72.646            0.000        0.000        0.000        5362029                     4588727                     0                           0                           
GPU 0           106.505           0.000        0.000        0.000        540921                      341745                      0                           0                           
GPU 1           107.452           0.000        0.000        0.000        578839                      3271612                     0                           0                           
GPU 2           70.870            0.000        0.000        0.000        1235762                     4077078                     0                           0                           
GPU 3           70.608            0.000        0.000        0.000        3288844                     2806286                     0                           0                           
GPU 4           71.464            0.000        0.000        0.000        1614133                     1275672                     0                           0                           
GPU 5           72.927            0.000        0.000        0.000        7316505                     370487                      0                           0                           
GPU 6           73.024            0.000        0.000        0.000        4464002                     1678747                     0                           0                           
GPU 7           72.645            0.000        0.000        0.000        2160993                     1798294                     0                           0                           
GPU 0           106.213           0.000        0.000        0.000        4258210                     3580482                     0                           0                           
GPU 1           107.252           0.000        0.000        0.000        3931490                     301905                      0                           0                           
GPU 2           70.890            0.000        0.000        0.000        3816199                     934682                      0                           0                           
GPU 3           70.586            0.000        0.000        0.000        3935653                     3322985                     0                           0                           
GPU 4           71.444            0.000        0.000        0.000        2879861                     2431847                     0                           0                           
GPU 5           72.968            0.000        0.000        0.000        576430                      3884228                     0                           0                           
GPU 6           73.017            0.000        0.000        0.000        2075288                     2054992                     0                           0                           
GPU 7           72.585            0.000        0.000        0.000        4466576                     3835082                     0                           0                           
GPU 0           106.213           0.000        0.000        0.000        4279976                     2667825                     0                           0                           
GPU 1           107.233           0.000        0.000        0.000        5790663                     301905                      0                           0                           
GPU 2           70.828            0.000        0.000        0.000        3814034                     3264122                     0                           0                           
GPU 3           70.643            0.000        0.000        0.000        532425                      5449772                     0                           0                           
GPU 4           71.487            0.000        0.000        0.000        4161494                     3517379                     0                           0                           
GPU 5           72.935            0.000        0.000        0.000        1874416                     1485021                     0                           0                           
GPU 6           72.981            0.000        0.000        0.000        3924783                     3312941                     0                           0                           
GPU 7           72.664            0.000        0.000        0.000        6205220                     153864                      0                           0                           
GPU 0           105.727           0.000        0.000        0.000        492168                      3558396                     0                           0                           
GPU 1           106.874           0.000        0.000        0.000        496890                      296142                      0                           0                           
GPU 2           70.878            0.000        0.000        0.000        4475019                     3213774                     0                           0                           
GPU 3           70.580            0.000        0.000        0.000        6353992                     967230                      0                           0                           
GPU 4           71.486            0.000        0.000        0.000        4569336                     3907839                     0                           0                           
GPU 5           72.948            0.000        0.000        0.000        7354607                     6344470                     0                           0                           
GPU 6           73.036            0.000        0.000        0.000        4321860                     3701124                     0                           0                           
GPU 7           72.641            0.000        0.000        0.000        2163601                     5346310                     0                           0                           
GPU 0           105.407           0.000        0.000        0.000        4236172                     293519                      0                           0                           
GPU 1           106.681           0.000        0.000        0.000        4232962                     3564158                     0                           0                           
GPU 2           70.839            0.000        0.000        0.000        954748                      3823154                     0                           0                           
GPU 3           70.588            0.000        0.000        0.000        1242667                     3717527                     0                           0                           
GPU 4           71.449            0.000        0.000        0.000        1936889                     1566543                     0                           0                           
GPU 5           72.946            0.000        0.000        0.000        558595                      353707                      0                           0                           
GPU 6           73.004            0.000        0.000        0.000        1785459                     1438181                     0                           0                           
GPU 7           72.654            0.000        0.000        0.000        4477602                     1787801                     0                           0                           
GPU 0           105.407           0.000        0.000        0.000        4236172                     3556875                     0                           0                           
GPU 1           106.681           0.000        0.000        0.000        680911                      3564158                     0                           0                           
GPU 2           70.771            0.000        0.000        0.000        954748                      706532                      0                           0                           
GPU 3           70.588            0.000        0.000        0.000        4354144                     328050                      0                           0                           
GPU 4           71.450            0.000        0.000        0.000        1936889                     1566543                     0                           0                           
GPU 5           72.955            0.000        0.000        0.000        4553138                     353707                      0                           0                           
GPU 6           73.003            0.000        0.000        0.000        1785459                     1438181                     0                           0                           
GPU 7           72.654            0.000        0.000        0.000        4477602                     3847677                     0                           0                           
GPU 0           105.138           0.000        0.000        0.000        3099288                     2536441                     0                           0                           
GPU 1           131.330           0.000        0.000        0.000        4406164                     429322                      0                           0                           
GPU 2           70.764            0.000        0.000        0.000        3664230                     3097849                     0                           0                           
GPU 3           70.566            0.000        0.000        0.000        528235                      4005539                     0                           0                           
GPU 4           71.502            0.000        0.000        0.000        2730979                     2282027                     0                           0                           
GPU 5           72.933            0.000        0.000        0.000        2231618                     1808651                     0                           0                           
GPU 6           72.982            0.000        0.000        0.000        4260147                     2340548                     0                           0                           
GPU 7           72.650            0.000        0.000        0.000        1073943                     792960                      0                           0                           
GPU 0           260.676           0.059        0.005        0.036        12770080                    17699555                    214747890                   214746143                   
GPU 1           503.732           0.597        0.001        0.005        12208201                    6390860                     100020396                   100020396                   
GPU 2           70.762            0.000        0.000        0.000        518845                      329650                      0                           0                           
GPU 3           70.646            0.000        0.000        0.000        4659505                     872513                      0                           0                           
GPU 4           71.321            0.000        0.000        0.000        4267475                     3620253                     0                           0                           
GPU 5           72.879            0.000        0.000        0.000        1729285                     1396529                     0                           0                           
GPU 6           73.009            0.000        0.000        0.000        443080                      3632838                     0                           0                           
GPU 7           72.524            0.000        0.000        0.000        3684884                     3139255                     0                           0                           
#Entity         POWER             SMACT        TENSO        DRAMA        PCITX                       PCIRX                       NVLTX                       NVLRX                       
ID               W                                                                                                                                                                       
GPU 0           490.406           0.652        0.226        0.212        9431082                     62595178                    18200376619                 18183217707                 
GPU 1           462.955           0.652        0.201        0.200        9522004                     63725409                    15443491981                 15443492384                 
GPU 2           70.809            0.000        0.000        0.000        4661034                     4014411                     0                           0                           
GPU 3           70.605            0.000        0.000        0.000        1174268                     3316445                     0                           0                           
GPU 4           71.441            0.000        0.000        0.000        516732                      331736                      0                           0                           
GPU 5           72.865            0.000        0.000        0.000        4479952                     3825960                     0                           0                           
GPU 6           72.817            0.000        0.000        0.000        5021294                     245838                      0                           0                           
GPU 7           72.585            0.000        0.000        0.000        2305912                     1888084                     0                           0                           
GPU 0           348.962           0.642        0.238        0.215        16475341                    61714280                    12446019764                 12463195729                 
GPU 1           357.510           0.567        0.252        0.209        16446109                    61327345                    12814691999                 12814691999                 
GPU 2           70.695            0.000        0.000        0.000        1169581                     882208                      0                           0                           
GPU 3           70.791            0.000        0.000        0.000        3641209                     3066511                     0                           0                           
GPU 4           71.272            0.000        0.000        0.000        1508949                     1182407                     0                           0                           
GPU 5           73.062            0.000        0.000        0.000        266724                      75982                       0                           0                           
GPU 6           72.893            0.000        0.000        0.000        1620481                     1290741                     0                           0                           
GPU 7           72.526            0.000        0.000        0.000        2152928                     1778209                     0                           0                           
GPU 0           352.239           0.564        0.065        0.327        15704272                    91556342                    4641812567                  4641812567                  
GPU 1           360.106           0.570        0.063        0.322        12672354                    91781186                    4654993097                  4654992573                  
GPU 2           70.759            0.000        0.000        0.000        3868759                     3315580                     0                           0                           
GPU 3           70.688            0.000        0.000        0.000        521422                      320714                      0                           0                           
GPU 4           71.310            0.000        0.000        0.000        3185078                     2533218                     0                           0                           
GPU 5           72.996            0.000        0.000        0.000        4526742                     1232754                     0                           0                           
GPU 6           72.859            0.000        0.000        0.000        2693238                     2248295                     0                           0                           
GPU 7           72.466            0.000        0.000        0.000        4480075                     3847551                     0                           0                           
GPU 0           344.109           0.568        0.066        0.334        12358312                    90906361                    4570786276                  4570785873                  
GPU 1           354.506           0.552        0.064        0.329        16350791                    87951830                    4605426312                  4605426312                  
GPU 2           70.926            0.000        0.000        0.000        3563503                     2998845                     0                           0                           
GPU 3           70.800            0.000        0.000        0.000        4519968                     3860707                     0                           0                           
GPU 4           71.508            0.000        0.000        0.000        3023472                     1137228                     0                           0                           
GPU 5           73.110            0.000        0.000        0.000        1587777                     2634169                     0                           0                           
GPU 6           72.937            0.000        0.000        0.000        4159418                     3534745                     0                           0                           
GPU 7           72.494            0.000        0.000        0.000        203917                      22392                       0                           0                           
GPU 0           350.408           0.530        0.064        0.252        13337888                    79461775                    9267145976                  9267145976                  
GPU 1           390.179           0.538        0.087        0.273        13963935                    84682888                    7237496282                  7237495879                  
GPU 2           70.702            0.000        0.000        0.000        546207                      357538                      0                           0                           
GPU 3           70.840            0.000        0.000        0.000        736512                      483544                      0                           0                           
GPU 4           71.370            0.000        0.000        0.000        1439091                     3878496                     0                           0                           
GPU 5           72.991            0.000        0.000        0.000        3309976                     2769270                     0                           0                           
GPU 6           72.929            0.000        0.000        0.000        510454                      314972                      0                           0                           
GPU 7           72.473            0.000        0.000        0.000        4917869                     902272                      0                           0                           
GPU 0           395.977           0.576        0.102        0.281        11332233                    80848285                    8929993528                  8929993528                  
GPU 1           375.292           0.575        0.125        0.253        10362263                    74187867                    11277578998                 11277579580                 
GPU 2           70.848            0.000        0.000        0.000        513191                      3703627                     0                           0                           
GPU 3           70.783            0.000        0.000        0.000        4509476                     3883564                     0                           0                           
GPU 4           71.448            0.000        0.000        0.000        272998                      94334                       0                           0                           
GPU 5           72.869            0.000        0.000        0.000        1150757                     884029                      0                           0                           
GPU 6           72.643            0.000        0.000        0.000        4555344                     481190                      0                           0                           
GPU 7           72.416            0.000        0.000        0.000        3616734                     3085666                     0                           0                           
GPU 0           354.597           0.579        0.064        0.335        16435869                    91663654                    4667726580                  4667727104                  
GPU 1           360.180           0.578        0.061        0.327        15811902                    88664099                    4690956341                  4690956777                  
GPU 2           70.943            0.000        0.000        0.000        4669874                     331294                      0                           0                           
GPU 3           70.660            0.000        0.000        0.000        2145106                     1732938                     0                           0                           
GPU 4           71.403            0.000        0.000        0.000        5100121                     4406793                     0                           0                           
GPU 5           73.012            0.000        0.000        0.000        4567860                     3922345                     0                           0                           
GPU 6           72.894            0.000        0.000        0.000        717497                      3752197                     0                           0                           
GPU 7           72.468            0.000        0.000        0.000        2791854                     2314952                     0                           0                           
GPU 0           351.610           0.580        0.064        0.338        12662920                    88154135                    4643956925                  4643956925                  
GPU 1           357.082           0.580        0.061        0.331        12689508                    91035297                    4646943888                  4646945053                  
GPU 2           70.770            0.000        0.000        0.000        1166080                     4029548                     0                           0                           
GPU 3           70.544            0.000        0.000        0.000        2592584                     3688165                     0                           0                           
GPU 4           71.313            0.000        0.000        0.000        1643420                     1298402                     0                           0                           
GPU 5           72.964            0.000        0.000        0.000        728864                      476381                      0                           0                           
GPU 6           72.927            0.000        0.000        0.000        2111128                     1715018                     0                           0                           
GPU 7           72.435            0.000        0.000        0.000        1623076                     1307580                     0                           0                           
GPU 0           327.888           0.567        0.063        0.324        16495992                    90901674                    4688335116                  4688334592                  
GPU 1           341.473           0.562        0.061        0.319        16365548                    80963474                    4657038591                  4657037019                  
GPU 2           70.802            0.000        0.000        0.000        3859510                     876088                      0                           0                           
GPU 3           70.509            0.000        0.000        0.000        4340590                     322782                      0                           0                           
GPU 4           71.222            0.000        0.000        0.000        3189578                     2707473                     0                           0                           
GPU 5           72.891            0.000        0.000        0.000        4388054                     3751041                     0                           0                           
GPU 6           72.924            0.000        0.000        0.000        2465512                     2055563                     0                           0                           
GPU 7           72.431            0.000        0.000        0.000        4481356                     3850969                     0                           0                           
GPU 0           378.832           0.504        0.092        0.245        13244004                    82727359                    8133904643                  8133905046                  
GPU 1           374.999           0.522        0.087        0.252        11091550                    96015615                    7706925559                  7706925996                  
GPU 2           70.756            0.000        0.000        0.000        3956735                     3349765                     0                           0                           
GPU 3           70.488            0.000        0.000        0.000        522949                      3914159                     0                           0                           
GPU 4           71.384            0.000        0.000        0.000        2476239                     2035588                     0                           0                           
GPU 5           72.874            0.000        0.000        0.000        2390482                     1949144                     0                           0                           
GPU 6           72.758            0.000        0.000        0.000        3966476                     3376404                     0                           0                           
GPU 7           72.606            0.000        0.000        0.000        672567                      435421                      0                           0                           
GPU 0           374.539           0.613        0.079        0.305        13937636                    96341185                    6837842543                  6837840214                  
GPU 1           388.169           0.588        0.084        0.313        16707824                    99784658                    7722490750                  7722490095                  
GPU 2           70.771            0.000        0.000        0.000        546198                      363356                      0                           0                           
GPU 3           70.661            0.000        0.000        0.000        4570799                     545944                      0                           0                           
GPU 4           71.312            0.000        0.000        0.000        2302538                     1917821                     0                           0                           
GPU 5           72.827            0.000        0.000        0.000        1728517                     1405337                     0                           0                           
GPU 6           72.871            0.000        0.000        0.000        796064                      578574                      0                           0                           
GPU 7           72.541            0.000        0.000        0.000        4341690                     3732595                     0                           0                           
GPU 0           309.737           0.526        0.064        0.194        16038965                    93747635                    5543389285                  5543390333                  
GPU 1           320.151           0.610        0.068        0.374        15191457                    79497578                    5756888832                  5756889356                  
GPU 2           70.686            0.000        0.000        0.000        3994832                     3397870                     0                           0                           
GPU 3           70.642            0.000        0.000        0.000        796526                      3873393                     0                           0                           
GPU 4           71.393            0.000        0.000        0.000        4343455                     3708287                     0                           0                           
GPU 5           72.822            0.000        0.000        0.000        4476303                     3827776                     0                           0                           
GPU 6           72.984            0.000        0.000        0.000        4540159                     3916045                     0                           0                           
GPU 7           72.447            0.000        0.000        0.000        1747541                     1394507                     0                           0                           
GPU 0           375.153           0.412        0.088        0.382        9130961                     77054771                    8346781145                  8346782194                  
GPU 1           385.483           0.602        0.085        0.183        16999293                    100331467                   5990979282                  5994779951                  
GPU 2           70.860            0.000        0.000        0.000        501956                      309792                      0                           0                           
GPU 3           70.765            0.000        0.000        0.000        4508671                     2670187                     0                           0                           
GPU 4           71.423            0.000        0.000        0.000        434034                      240601                      0                           0                           
GPU 5           73.060            0.000        0.000        0.000        746668                      503455                      0                           0                           
GPU 6           72.991            0.000        0.000        0.000        1075548                     794970                      0                           0                           
GPU 7           72.498            0.000        0.000        0.000        3069372                     2595369                     0                           0                           
GPU 0           348.492           0.620        0.068        0.245        18453049                    102476649                   5760513252                  5760514300                  
GPU 1           352.645           0.522        0.068        0.349        11112835                    84811363                    8151959085                  8151959668                  
GPU 2           70.906            0.000        0.000        0.000        4621743                     3986646                     0                           0                           
GPU 3           70.745            0.000        0.000        0.000        3185211                     325432                      0                           0                           
GPU 4           71.141            0.000        0.000        0.000        5049019                     4346198                     0                           0                           
GPU 5           72.930            0.000        0.000        0.000        4385714                     3754525                     0                           0                           
GPU 6           72.884            0.000        0.000        0.000        3748993                     3204606                     0                           0                           
GPU 7           72.624            0.000        0.000        0.000        2496404                     2061996                     0                           0                           
#Entity         POWER             SMACT        TENSO        DRAMA        PCITX                       PCIRX                       NVLTX                       NVLRX                       
ID               W                                                                                                                                                                       
GPU 0           332.831           0.500        0.097        0.240        10323422                    82420732                    9061215539                  9061214491                  
GPU 1           354.996           0.494        0.087        0.247        13178314                    83011432                    9224493634                  9224494158                  
GPU 2           70.721            0.000        0.000        0.000        1197939                     903149                      0                           0                           
GPU 3           70.712            0.000        0.000        0.000        524046                      3991205                     0                           0                           
GPU 4           71.295            0.000        0.000        0.000        1635853                     1296542                     0                           0                           
GPU 5           72.801            0.000        0.000        0.000        2814475                     2325509                     0                           0                           
GPU 6           72.869            0.000        0.000        0.000        2267696                     1865727                     0                           0                           
GPU 7           72.489            0.000        0.000        0.000        2197994                     1816463                     0                           0                           
GPU 0           332.831           0.488        0.097        0.240        10323422                    85692367                    8275079779                  8275079779                  
GPU 1           354.996           0.494        0.096        0.203        14649096                    83011432                    6072788393                  6072787869                  
GPU 2           70.751            0.000        0.000        0.000        1197939                     3718987                     0                           0                           
GPU 3           70.712            0.000        0.000        0.000        4642082                     483064                      0                           0                           
GPU 4           71.452            0.000        0.000        0.000        1635853                     1296542                     0                           0                           
GPU 5           72.986            0.000        0.000        0.000        1254753                     2325509                     0                           0                           
GPU 6           72.939            0.000        0.000        0.000        2267696                     1865727                     0                           0                           
GPU 7           72.489            0.000        0.000        0.000        2197994                     3851239                     0                           0                           
GPU 0           314.769           0.535        0.067        0.318        9024593                     94682803                    5807517809                  5807517405                  
GPU 1           311.429           0.437        0.073        0.383        13496689                    99524140                    6473158661                  6473159186                  
GPU 2           70.900            0.000        0.000        0.000        3391998                     2851794                     0                           0                           
GPU 3           70.723            0.000        0.000        0.000        735553                      3846610                     0                           0                           
GPU 4           71.405            0.000        0.000        0.000        3869572                     3268793                     0                           0                           
GPU 5           72.806            0.000        0.000        0.000        4295616                     978183                      0                           0                           
GPU 6           72.947            0.000        0.000        0.000        4238698                     2058578                     0                           0                           
GPU 7           72.491            0.000        0.000        0.000        1091279                     808280                      0                           0                           
GPU 0           300.981           0.409        0.074        0.193        16120298                    78386674                    6979079846                  6979079846                  
GPU 1           356.533           0.508        0.069        0.205        13793643                    84182429                    5573652865                  5573652388                  
GPU 2           70.899            0.000        0.000        0.000        513601                      324407                      0                           0                           
GPU 3           70.663            0.000        0.000        0.000        4489459                     1796842                     0                           0                           
GPU 4           71.288            0.000        0.000        0.000        540845                      345889                      0                           0                           
GPU 5           72.972            0.000        0.000        0.000        472149                      3654706                     0                           0                           
GPU 6           72.977            0.000        0.000        0.000        444031                      3606142                     0                           0                           
GPU 7           72.474            0.000        0.000        0.000        4133589                     3554493                     0                           0                           
GPU 0           357.079           0.514        0.062        0.303        11060466                    94050182                    5474170983                  5474172031                  
GPU 1           320.964           0.507        0.061        0.252        13200103                    89801125                    5463652440                  5463651276                  
GPU 2           70.922            0.000        0.000        0.000        4585004                     3943554                     0                           0                           
GPU 3           70.521            0.000        0.000        0.000        2202932                     2082783                     0                           0                           
GPU 4           71.290            0.000        0.000        0.000        4544425                     3903007                     0                           0                           
GPU 5           72.914            0.000        0.000        0.000        4530380                     265682                      0                           0                           
GPU 6           72.865            0.000        0.000        0.000        4997346                     252030                      0                           0                           
GPU 7           72.499            0.000        0.000        0.000        2765794                     2291393                     0                           0                           
GPU 0           314.319           0.478        0.071        0.254        13660968                    85894834                    6488255779                  6488256827                  
GPU 1           334.071           0.498        0.089        0.221        13354462                    84349879                    8453074236                  8453075110                  
GPU 2           70.767            0.000        0.000        0.000        522624                      318720                      0                           0                           
GPU 3           70.664            0.000        0.000        0.000        4360854                     3711153                     0                           0                           
GPU 4           71.422            0.000        0.000        0.000        715802                      475600                      0                           0                           
GPU 5           72.796            0.000        0.000        0.000        2232551                     3871654                     0                           0                           
GPU 6           72.793            0.000        0.000        0.000        1151199                     860779                      0                           0                           
GPU 7           72.548            0.000        0.000        0.000        1398207                     1121056                     0                           0                           
GPU 0           346.766           0.436        0.083        0.211        13940274                    82839892                    7720561402                  7720559306                  
GPU 1           368.449           0.535        0.062        0.304        12415161                    91948712                    5431190535                  5431191059                  
GPU 2           70.964            0.000        0.000        0.000        4869197                     4205957                     0                           0                           
GPU 3           70.690            0.000        0.000        0.000        537660                      340623                      0                           0                           
GPU 4           71.352            0.000        0.000        0.000        4431876                     3805323                     0                           0                           
GPU 5           72.892            0.000        0.000        0.000        1726643                     1807071                     0                           0                           
GPU 6           72.870            0.000        0.000        0.000        3730905                     3185274                     0                           0                           
GPU 7           72.507            0.000        0.000        0.000        3650102                     3087782                     0                           0                           
GPU 0           343.875           0.550        0.065        0.330        13617523                    94522722                    5668661891                  5668661891                  
GPU 1           375.005           0.528        0.080        0.276        15720588                    92197896                    7285685025                  7285684501                  
GPU 2           70.593            0.000        0.000        0.000        774574                      531406                      0                           0                           
GPU 3           70.679            0.000        0.000        0.000        4605323                     3953483                     0                           0                           
GPU 4           71.390            0.000        0.000        0.000        1753250                     1395454                     0                           0                           
GPU 5           73.049            0.000        0.000        0.000        4469133                     1399131                     0                           0                           
GPU 6           72.916            0.000        0.000        0.000        2288517                     1878832                     0                           0                           
GPU 7           72.424            0.000        0.000        0.000        1046026                     804958                      0                           0                           
GPU 0           335.357           0.446        0.098        0.237        13617523                    84798006                    5668661891                  5668661891                  
GPU 1           375.005           0.528        0.089        0.207        15720588                    81126412                    7285685025                  7285684501                  
GPU 2           70.868            0.000        0.000        0.000        4073837                     3373438                     0                           0                           
GPU 3           70.685            0.000        0.000        0.000        267773                      3953483                     0                           0                           
GPU 4           71.282            0.000        0.000        0.000        3178250                     2687944                     0                           0                           
GPU 5           72.860            0.000        0.000        0.000        4469133                     3810397                     0                           0                           
GPU 6           72.916            0.000        0.000        0.000        2288517                     2068542                     0                           0                           
GPU 7           72.370            0.000        0.000        0.000        4479663                     804958                      0                           0                           
GPU 0           356.724           0.603        0.076        0.365        13707934                    96336934                    6116731227                  6116730645                  
GPU 1           380.026           0.588        0.068        0.353        16579572                    98876513                    5724253462                  5724252879                  
GPU 2           70.667            0.000        0.000        0.000        3971806                     318117                      0                           0                           
GPU 3           70.663            0.000        0.000        0.000        4666460                     4007758                     0                           0                           
GPU 4           71.358            0.000        0.000        0.000        3062034                     2563137                     0                           0                           
GPU 5           72.957            0.000        0.000        0.000        1724071                     1382925                     0                           0                           
GPU 6           72.816            0.000        0.000        0.000        4210237                     3586091                     0                           0                           
GPU 7           72.475            0.000        0.000        0.000        1075959                     3165372                     0                           0                           
GPU 0           363.590           0.478        0.073        0.221        13563700                    85269300                    9356661518                  9356662042                  
GPU 1           342.465           0.542        0.100        0.259        14263582                    89115948                    9270771812                  9270771335                  
GPU 2           70.827            0.000        0.000        0.000        501021                      3759240                     0                           0                           
GPU 3           70.822            0.000        0.000        0.000        1285985                     978376                      0                           0                           
GPU 4           71.328            0.000        0.000        0.000        1744684                     1410840                     0                           0                           
GPU 5           72.775            0.000        0.000        0.000        4531553                     3882241                     0                           0                           
GPU 6           72.937            0.000        0.000        0.000        482615                      291570                      0                           0                           
GPU 7           72.449            0.000        0.000        0.000        3708074                     2295417                     0                           0                           
GPU 0           314.228           0.481        0.100        0.285        13563700                    88268005                    9356661518                  9356662042                  
GPU 1           342.465           0.542        0.060        0.249        14263582                    88097808                    9270771812                  9270771335                  
GPU 2           70.725            0.000        0.000        0.000        4388487                     255367                      0                           0                           
GPU 3           70.604            0.000        0.000        0.000        3581463                     978376                      0                           0                           
GPU 4           71.328            0.000        0.000        0.000        4521814                     3884599                     0                           0                           
GPU 5           72.815            0.000        0.000        0.000        4531553                     3882241                     0                           0                           
GPU 6           72.937            0.000        0.000        0.000        482615                      4332589                     0                           0                           
GPU 7           72.620            0.000        0.000        0.000        2768508                     2295417                     0                           0                           
GPU 0           348.584           0.482        0.062        0.285        11616293                    92334104                    5435907133                  5435907133                  
GPU 1           355.656           0.557        0.065        0.316        16265731                    95609056                    5613833859                  5613834812                  
GPU 2           70.898            0.000        0.000        0.000        447368                      4482523                     0                           0                           
GPU 3           70.618            0.000        0.000        0.000        3648988                     3074740                     0                           0                           
GPU 4           71.276            0.000        0.000        0.000        730219                      496130                      0                           0                           
GPU 5           72.803            0.000        0.000        0.000        1437825                     1110740                     0                           0                           
GPU 6           72.880            0.000        0.000        0.000        1821535                     1459174                     0                           0                           
GPU 7           72.479            0.000        0.000        0.000        1798769                     1472673                     0                           0                           
GPU 0           352.596           0.487        0.063        0.254        15852789                    89814309                    5557391239                  5557391239                  
GPU 1           369.038           0.515        0.105        0.213        9777399                     78915186                    9889056746                  9889055173                  
GPU 2           70.670            0.000        0.000        0.000        5177696                     1734671                     0                           0                           
GPU 3           70.610            0.000        0.000        0.000        526649                      324898                      0                           0                           
GPU 4           71.276            0.000        0.000        0.000        4464594                     3841600                     0                           0                           
GPU 5           72.803            0.000        0.000        0.000        3152852                     2664841                     0                           0                           
GPU 6           72.899            0.000        0.000        0.000        2496330                     2089300                     0                           0                           
GPU 7           72.383            0.000        0.000        0.000        4204962                     3580296                     0                           0                           
#Entity         POWER             SMACT        TENSO        DRAMA        PCITX                       PCIRX                       NVLTX                       NVLRX                       
ID               W                                                                                                                                                                       
GPU 0           355.238           0.589        0.103        0.355        14246220                    95339140                    10432097276                 10432096800                 
GPU 1           360.319           0.570        0.069        0.309        16967216                    96875336                    6143247022                  6143247546                  
GPU 2           70.750            0.000        0.000        0.000        2133838                     2145839                     0                           0                           
GPU 3           70.633            0.000        0.000        0.000        4664372                     4005669                     0                           0                           
GPU 4           71.293            0.000        0.000        0.000        2089838                     1693354                     0                           0                           
GPU 5           72.824            0.000        0.000        0.000        2819834                     2335101                     0                           0                           
GPU 6           72.882            0.000        0.000        0.000        3597770                     3029149                     0                           0                           
GPU 7           72.488            0.000        0.000        0.000        478476                      283522                      0                           0                           
GPU 0           310.889           0.456        0.081        0.228        12937246                    82017851                    5964413181                  5964413763                  
GPU 1           324.329           0.563        0.094        0.283        11829132                    85936247                    8158516354                  8158516354                  
GPU 2           70.823            0.000        0.000        0.000        4225805                     3584912                     0                           0                           
GPU 3           70.596            0.000        0.000        0.000        717922                      465911                      0                           0                           
GPU 4           71.315            0.000        0.000        0.000        2563126                     2149625                     0                           0                           
GPU 5           73.050            0.000        0.000        0.000        1946795                     1578397                     0                           0                           
GPU 6           72.848            0.000        0.000        0.000        1116786                     857897                      0                           0                           
GPU 7           72.336            0.000        0.000        0.000        1122393                     3862992                     0                           0                           
GPU 0           272.338           0.375        0.049        0.208        8579193                     66532570                    6967329138                  6967329138                  
GPU 1           288.289           0.434        0.048        0.198        13032168                    79506289                    3972445289                  3972444241                  
GPU 2           70.744            0.000        0.000        0.000        521451                      339074                      0                           0                           
GPU 3           70.767            0.000        0.000        0.000        4374478                     3746309                     0                           0                           
GPU 4           71.262            0.000        0.000        0.000        4138527                     3490784                     0                           0                           
GPU 5           72.763            0.000        0.000        0.000        4312465                     3671543                     0                           0                           
GPU 6           72.766            0.000        0.000        0.000        4407550                     3784488                     0                           0                           
GPU 7           72.402            0.000        0.000        0.000        3597486                     833278                      0                           0                           
GPU 0           222.073           0.250        0.033        0.140        10046250                    56858529                    4002651262                  4002650680                  
GPU 1           239.642           0.439        0.041        0.175        12453212                    72096369                    3431155804                  3431156757                  
GPU 2           70.707            0.000        0.000        0.000        4647066                     4000418                     0                           0                           
GPU 3           70.554            0.000        0.000        0.000        3383950                     2838568                     0                           0                           
GPU 4           71.385            0.000        0.000        0.000        507789                      326473                      0                           0                           
GPU 5           72.857            0.000        0.000        0.000        309140                      101935                      0                           0                           
GPU 6           72.763            0.000        0.000        0.000        721171                      481098                      0                           0                           
GPU 7           72.504            0.000        0.000        0.000        2584839                     3062929                     0                           0                           
GPU 0           222.073           0.250        0.055        0.140        10045276                    56858529                    2717266599                  2717267123                  
GPU 1           312.973           0.440        0.041        0.175        9814797                     72096369                    3481087197                  3481086615                  
GPU 2           70.707            0.000        0.000        0.000        727980                      4000418                     0                           0                           
GPU 3           70.554            0.000        0.000        0.000        3383950                     367410                      0                           0                           
GPU 4           71.385            0.000        0.000        0.000        507789                      480710                      0                           0                           
GPU 5           72.857            0.000        0.000        0.000        5056621                     4366605                     0                           0                           
GPU 6           72.840            0.000        0.000        0.000        4366671                     481098                      0                           0                           
GPU 7           72.504            0.000        0.000        0.000        1880900                     2148474                     0                           0                           
GPU 0           350.313           0.437        0.063        0.246        16795026                    75957972                    4376476805                  4376476805                  
GPU 1           363.556           0.569        0.041        0.179        15864340                    90794181                    4655055546                  4655056498                  
GPU 2           70.679            0.000        0.000        0.000        4507638                     486431                      0                           0                           
GPU 3           70.584            0.000        0.000        0.000        568875                      3702642                     0                           0                           
GPU 4           71.455            0.000        0.000        0.000        4456956                     3834473                     0                           0                           
GPU 5           72.824            0.000        0.000        0.000        1965111                     1577329                     0                           0                           
GPU 6           72.704            0.000        0.000        0.000        2617219                     2160854                     0                           0                           
GPU 7           72.444            0.000        0.000        0.000        4464598                     1536060                     0                           0                           
GPU 0           350.313           0.577        0.063        0.336        15398051                    91267544                    4641384058                  4641384058                  
GPU 1           353.896           0.564        0.060        0.320        12356515                    90794181                    4496413084                  4496413608                  
GPU 2           70.772            0.000        0.000        0.000        3656352                     3881658                     0                           0                           
GPU 3           70.713            0.000        0.000        0.000        4357527                     288529                      0                           0                           
GPU 4           71.155            0.000        0.000        0.000        2945263                     2453848                     0                           0                           
GPU 5           72.757            0.000        0.000        0.000        2808870                     2357538                     0                           0                           
GPU 6           72.731            0.000        0.000        0.000        1678087                     1355257                     0                           0                           
GPU 7           72.444            0.000        0.000        0.000        203912                      3827846                     0                           0                           
GPU 0           319.613           0.555        0.082        0.319        9556504                     89940972                    4800487506                  4800487069                  
GPU 1           333.835           0.537        0.058        0.319        15160322                    88854572                    6539128644                  6539128120                  
GPU 2           70.774            0.000        0.000        0.000        554844                      3089906                     0                           0                           
GPU 3           70.561            0.000        0.000        0.000        491550                      3984006                     0                           0                           
GPU 4           71.099            0.000        0.000        0.000        1101138                     848417                      0                           0                           
GPU 5           72.806            0.000        0.000        0.000        2509248                     2071741                     0                           0                           
GPU 6           72.781            0.000        0.000        0.000        4532152                     3901172                     0                           0                           
GPU 7           72.390            0.000        0.000        0.000        4938522                     21439                       0                           0                           
GPU 0           345.987           0.454        0.067        0.256        13994839                    87418286                    7740449794                  7740449212                  
GPU 1           335.954           0.511        0.073        0.225        12692467                    86809965                    6863743248                  6863743248                  
GPU 2           70.869            0.000        0.000        0.000        3966666                     3367807                     0                           0                           
GPU 3           70.531            0.000        0.000        0.000        2002368                     1604957                     0                           0                           
GPU 4           71.264            0.000        0.000        0.000        4285579                     3650446                     0                           0                           
GPU 5           72.777            0.000        0.000        0.000        2088042                     1710260                     0                           0                           
GPU 6           72.862            0.000        0.000        0.000        204394                      21487                       0                           0                           
GPU 7           72.384            0.000        0.000        0.000        2389468                     4256643                     0                           0                           
GPU 0           337.195           0.524        0.079        0.296        11996809                    88323702                    6135523994                  6135525304                  
GPU 1           368.760           0.593        0.066        0.338        14656388                    96367061                    5587408161                  5587406996                  
GPU 2           70.662            0.000        0.000        0.000        512542                      321780                      0                           0                           
GPU 3           70.671            0.000        0.000        0.000        2589081                     2170961                     0                           0                           
GPU 4           71.448            0.000        0.000        0.000        506260                      311303                      0                           0                           
GPU 5           72.700            0.000        0.000        0.000        4538354                     3880135                     0                           0                           
GPU 6           72.803            0.000        0.000        0.000        4514322                     3872863                     0                           0                           
GPU 7           72.424            0.000        0.000        0.000        1573595                     1962778                     0                           0                           
GPU 0           337.930           0.457        0.090        0.227        13822005                    83312498                    7011743422                  7011743422                  
GPU 1           341.893           0.521        0.092        0.219        13653334                    84550813                    8714681912                  8714683342                  
GPU 2           70.778            0.000        0.000        0.000        4464063                     3823120                     0                           0                           
GPU 3           70.682            0.000        0.000        0.000        4158557                     3509306                     0                           0                           
GPU 4           71.304            0.000        0.000        0.000        4505424                     3852434                     0                           0                           
GPU 5           72.785            0.000        0.000        0.000        216941                      20960                       0                           0                           
GPU 6           72.833            0.000        0.000        0.000        762551                      514132                      0                           0                           
GPU 7           72.337            0.000        0.000        0.000        4145306                     1271921                     0                           0                           
GPU 0           337.930           0.457        0.071        0.227        14886930                    83312498                    8372215368                  8372214844                  
GPU 1           362.174           0.552        0.092        0.219        11275418                    84550813                    7293077134                  7293076552                  
GPU 2           70.778            0.000        0.000        0.000        1133207                     3823120                     0                           0                           
GPU 3           70.511            0.000        0.000        0.000        4158557                     314407                      0                           0                           
GPU 4           71.304            0.000        0.000        0.000        1129800                     838506                      0                           0                           
GPU 5           72.785            0.000        0.000        0.000        4502742                     3853505                     0                           0                           
GPU 6           72.833            0.000        0.000        0.000        3866576                     1810004                     0                           0                           
GPU 7           72.337            0.000        0.000        0.000        458037                      3525946                     0                           0                           
GPU 0           507.775           0.528        0.164        0.248        10882418                    92960544                    6186351424                  6186473374                  
GPU 1           420.714           0.578        0.068        0.324        16709224                    53400945                    5879730529                  5879729480                  
GPU 2           70.606            0.000        0.000        0.000        3700047                     3150339                     0                           0                           
GPU 3           70.489            0.000        0.000        0.000        4215153                     3582671                     0                           0                           
GPU 4           71.236            0.000        0.000        0.000        3762931                     3214388                     0                           0                           
GPU 5           72.802            0.000        0.000        0.000        1958692                     1565261                     0                           0                           
GPU 6           72.802            0.000        0.000        0.000        2229273                     2024708                     0                           0                           
GPU 7           72.460            0.000        0.000        0.000        4435639                     262559                      0                           0                           
GPU 0           335.050           0.577        0.217        0.196        11913705                    63372852                    12430943845                 12430794189                 
GPU 1           460.571           0.674        0.105        0.229        8415761                     79868298                    16365736508                 16364994064                 
GPU 2           70.906            0.000        0.000        0.000        3661319                     3102776                     0                           0                           
GPU 3           70.611            0.000        0.000        0.000        468998                      262010                      0                           0                           
GPU 4           71.215            0.000        0.000        0.000        2262527                     1845658                     0                           0                           
GPU 5           72.838            0.000        0.000        0.000        2195193                     1799020                     0                           0                           
GPU 6           72.790            0.000        0.000        0.000        2424758                     3030170                     0                           0                           
GPU 7           72.397            0.000        0.000        0.000        204893                      3816725                     0                           0                           
#Entity         POWER             SMACT        TENSO        DRAMA        PCITX                       PCIRX                       NVLTX                       NVLRX                       
ID               W                                                                                                                                                                       
GPU 0           325.975           0.474        0.076        0.251        10706051                    81090214                    10908923772                 10908926154                 
GPU 1           336.960           0.512        0.070        0.240        13909618                    81985037                    6035345289                  6036088847                  
GPU 2           70.906            0.000        0.000        0.000        563660                      369174                      0                           0                           
GPU 3           70.444            0.000        0.000        0.000        4638495                     3982366                     0                           0                           
GPU 4           71.215            0.000        0.000        0.000        2330567                     1934366                     0                           0                           
GPU 5           72.838            0.000        0.000        0.000        4298202                     3659393                     0                           0                           
GPU 6           72.790            0.000        0.000        0.000        3597737                     850064                      0                           0                           
GPU 7           72.283            0.000        0.000        0.000        4493059                     22009                       0                           0                           
GPU 0           318.828           0.422        0.056        0.241        13517063                    84259778                    6232822345                  6232819434                  
GPU 1           305.772           0.494        0.055        0.264        10776434                    87956599                    5797668707                  5797667278                  
GPU 2           70.805            0.000        0.000        0.000        4207901                     3570928                     0                           0                           
GPU 3           70.537            0.000        0.000        0.000        1618878                     1261213                     0                           0                           
GPU 4           71.421            0.000        0.000        0.000        4179386                     3538176                     0                           0                           
GPU 5           72.729            0.000        0.000        0.000        885247                      627268                      0                           0                           
GPU 6           72.803            0.000        0.000        0.000        1110534                     3788895                     0                           0                           
GPU 7           72.320            0.000        0.000        0.000        2033166                     3862573                     0                           0                           
GPU 0           318.828           0.422        0.062        0.241        11701241                    84259778                    4197429665                  4197430618                  
GPU 1           342.975           0.508        0.055        0.264        15064698                    87956599                    4215895425                  4215897172                  
GPU 2           70.805            0.000        0.000        0.000        508522                      3570928                     0                           0                           
GPU 3           70.687            0.000        0.000        0.000        1618878                     2626873                     0                           0                           
GPU 4           71.421            0.000        0.000        0.000        901065                      660402                      0                           0                           
GPU 5           72.729            0.000        0.000        0.000        4270319                     3629247                     0                           0                           
GPU 6           72.803            0.000        0.000        0.000        4420901                     426688                      0                           0                           
GPU 7           72.320            0.000        0.000        0.000        2377169                     1635790                     0                           0                           
GPU 0           347.867           0.510        0.062        0.294        16205130                    85118042                    4543645857                  4543645333                  
GPU 1           353.265           0.534        0.059        0.297        14702186                    85986012                    4478829282                  4478828879                  
GPU 2           70.677            0.000        0.000        0.000        4532876                     316647                      0                           0                           
GPU 3           70.610            0.000        0.000        0.000        3878361                     3278098                     0                           0                           
GPU 4           71.206            0.000        0.000        0.000        4819464                     4141450                     0                           0                           
GPU 5           72.707            0.000        0.000        0.000        2327957                     1886552                     0                           0                           
GPU 6           72.815            0.000        0.000        0.000        664707                      3267431                     0                           0                           
GPU 7           72.318            0.000        0.000        0.000        3670135                     1976509                     0                           0                           
GPU 0           347.867           0.542        0.068        0.317        12531379                    90453884                    4457747408                  4457732209                  
GPU 1           354.092           0.548        0.064        0.304        12071685                    85986012                    4775324613                  4775324613                  
GPU 2           70.615            0.000        0.000        0.000        1145107                     3899918                     0                           0                           
GPU 3           70.610            0.000        0.000        0.000        553149                      361585                      0                           0                           
GPU 4           71.153            0.000        0.000        0.000        4819464                     1156083                     0                           0                           
GPU 5           72.786            0.000        0.000        0.000        1675354                     1343637                     0                           0                           
GPU 6           72.910            0.000        0.000        0.000        3835498                     3267431                     0                           0                           
GPU 7           72.385            0.000        0.000        0.000        883057                      3093122                     0                           0                           
GPU 0           342.849           0.518        0.126        0.295        13466700                    86072786                    5107412644                  5107427412                  
GPU 1           396.048           0.561        0.108        0.254        14350117                    86094396                    9643296349                  9643296873                  
GPU 2           70.642            0.000        0.000        0.000        4199721                     860796                      0                           0                           
GPU 3           70.362            0.000        0.000        0.000        4093447                     3485122                     0                           0                           
GPU 4           71.286            0.000        0.000        0.000        3449693                     2918417                     0                           0                           
GPU 5           72.769            0.000        0.000        0.000        4179641                     3537707                     0                           0                           
GPU 6           72.720            0.000        0.000        0.000        2978568                     884036                      0                           0                           
GPU 7           72.353            0.000        0.000        0.000        4351358                     650370                      0                           0                           
GPU 0           388.608           0.548        0.077        0.246        14617187                    79448120                    6776716547                  6776716950                  
GPU 1           385.043           0.524        0.078        0.255        11161985                    98095837                    7224907904                  7224907904                  
GPU 2           70.714            0.000        0.000        0.000        3273488                     3595082                     0                           0                           
GPU 3           70.602            0.000        0.000        0.000        295207                      101896                      0                           0                           
GPU 4           71.272            0.000        0.000        0.000        2217585                     1806462                     0                           0                           
GPU 5           72.866            0.000        0.000        0.000        426379                      217239                      0                           0                           
GPU 6           72.764            0.000        0.000        0.000        1152508                     3585340                     0                           0                           
GPU 7           72.372            0.000        0.000        0.000        662966                      423634                      0                           0                           
GPU 0           353.138           0.518        0.091        0.296        11387740                    90922365                    8246546384                  8246546384                  
GPU 1           360.976           0.624        0.089        0.350        17328262                    78551112                    7743594190                  7743594714                  
GPU 2           70.788            0.000        0.000        0.000        515681                      2734088                     0                           0                           
GPU 3           70.344            0.000        0.000        0.000        4519925                     3864864                     0                           0                           
GPU 4           71.193            0.000        0.000        0.000        2270318                     1875685                     0                           0                           
GPU 5           72.650            0.000        0.000        0.000        4931223                     4221439                     0                           0                           
GPU 6           72.724            0.000        0.000        0.000        4203159                     273046                      0                           0                           
GPU 7           72.294            0.000        0.000        0.000        4280654                     3673374                     0                           0                           
GPU 0           508.942           0.521        0.214        0.280        12995978                    85873587                    14279696406                 14279695882                 
GPU 1           526.912           0.558        0.117        0.231        10952055                    55198711                    10152263313                 10153640241                 
GPU 2           70.759            0.000        0.000        0.000        4508894                     325445                      0                           0                           
GPU 3           70.357            0.000        0.000        0.000        721167                      466329                      0                           0                           
GPU 4           71.090            0.000        0.000        0.000        4280784                     3648806                     0                           0                           
GPU 5           72.687            0.000        0.000        0.000        1508742                     1167330                     0                           0                           
GPU 6           72.669            0.000        0.000        0.000        469053                      3850814                     0                           0                           
GPU 7           72.389            0.000        0.000        0.000        2079121                     1685219                     0                           0                           
GPU 0           508.942           0.611        0.214        0.211        12995978                    64199025                    10134582829                 10134583877                 
GPU 1           526.912           0.558        0.301        0.181        13577223                    55198711                    15468761065                 15467077031                 
GPU 2           70.748            0.000        0.000        0.000        4508894                     3876894                     0                           0                           
GPU 3           70.357            0.000        0.000        0.000        4493185                     3868937                     0                           0                           
GPU 4           71.176            0.000        0.000        0.000        4280784                     3648806                     0                           0                           
GPU 5           72.683            0.000        0.000        0.000        3503192                     1167330                     0                           0                           
GPU 6           72.715            0.000        0.000        0.000        469053                      3850814                     0                           0                           
GPU 7           72.383            0.000        0.000        0.000        2079121                     1826395                     0                           0                           
GPU 0           324.071           0.577        0.186        0.222        9702562                     68655822                    5611496876                  5611495828                  
GPU 1           349.071           0.511        0.078        0.245        11797327                    84860594                    5959397921                  5959397921                  
GPU 2           70.683            0.000        0.000        0.000        278813                      94859                       0                           0                           
GPU 3           70.455            0.000        0.000        0.000        3385522                     2840147                     0                           0                           
GPU 4           71.215            0.000        0.000        0.000        447365                      253935                      0                           0                           
GPU 5           72.683            0.000        0.000        0.000        2803102                     2321468                     0                           0                           
GPU 6           72.670            0.000        0.000        0.000        734067                      492077                      0                           0                           
GPU 7           72.322            0.000        0.000        0.000        2202156                     3777225                     0                           0                           
GPU 0           345.801           0.460        0.071        0.249        14522268                    85092843                    4687804566                  4687805002                  
GPU 1           353.489           0.542        0.071        0.288        15348296                    85761794                    5691285136                  5691285136                  
GPU 2           70.767            0.000        0.000        0.000        4657803                     4012167                     0                           0                           
GPU 3           70.431            0.000        0.000        0.000        564208                      362746                      0                           0                           
GPU 4           71.240            0.000        0.000        0.000        5063181                     4364992                     0                           0                           
GPU 5           72.732            0.000        0.000        0.000        1720422                     1380844                     0                           0                           
GPU 6           72.731            0.000        0.000        0.000        4378957                     3762793                     0                           0                           
GPU 7           72.257            0.000        0.000        0.000        4410256                     93810                       0                           0                           
GPU 0           347.217           0.527        0.065        0.304        15105624                    88682510                    4821003437                  4821002855                  
GPU 1           336.559           0.533        0.061        0.296        11417857                    89028503                    4565577929                  4565578405                  
GPU 2           70.662            0.000        0.000        0.000        3170241                     2659264                     0                           0                           
GPU 3           70.594            0.000        0.000        0.000        4380417                     3730690                     0                           0                           
GPU 4           71.191            0.000        0.000        0.000        1675431                     1334782                     0                           0                           
GPU 5           72.713            0.000        0.000        0.000        4553239                     3899781                     0                           0                           
GPU 6           72.726            0.000        0.000        0.000        2579719                     2134699                     0                           0                           
GPU 7           72.324            0.000        0.000        0.000        276715                      3848269                     0                           0                           
GPU 0           396.597           0.522        0.111        0.247        11964063                    77217777                    8941390211                  8941390648                  
GPU 1           474.318           0.519        0.063        0.274        13496864                    84503467                    4870422250                  4870421726                  
GPU 2           70.676            0.000        0.000        0.000        3964007                     3364642                     0                           0                           
GPU 3           70.463            0.000        0.000        0.000        494216                      298206                      0                           0                           
GPU 4           71.205            0.000        0.000        0.000        2949968                     2478881                     0                           0                           
GPU 5           72.522            0.000        0.000        0.000        224385                      30013                       0                           0                           
GPU 6           72.684            0.000        0.000        0.000        1672211                     1348354                     0                           0                           
GPU 7           72.260            0.000        0.000        0.000        1232533                     933333                      0                           0                           
#Entity         POWER             SMACT        TENSO        DRAMA        PCITX                       PCIRX                       NVLTX                       NVLRX                       
ID               W                                                                                                                                                                       
GPU 0           481.957           0.674        0.302        0.180        13380018                    50653147                    15315904566                 15310019458                 
GPU 1           474.318           0.613        0.186        0.230        12469467                    67890490                    13319259517                 13319259517                 
GPU 2           70.634            0.000        0.000        0.000        520401                      341169                      0                           0                           
GPU 3           70.343            0.000        0.000        0.000        4643764                     1310553                     0                           0                           
GPU 4           71.045            0.000        0.000        0.000        3651522                     3084509                     0                           0                           
GPU 5           72.569            0.000        0.000        0.000        5066900                     4381727                     0                           0                           
GPU 6           72.683            0.000        0.000        0.000        4522211                     3892277                     0                           0                           
GPU 7           72.302            0.000        0.000        0.000        3675986                     3139116                     0                           0                           
GPU 0           349.361           0.509        0.084        0.271        14955552                    84486975                    6173488845                  6178786542                  
GPU 1           332.289           0.491        0.175        0.236        10507316                    71755865                    9688658800                  9688659149                  
GPU 2           70.559            0.000        0.000        0.000        4651163                     4002883                     0                           0                           
GPU 3           70.410            0.000        0.000        0.000        1669088                     2721156                     0                           0                           
GPU 4           71.177            0.000        0.000        0.000        1149183                     3899515                     0                           0                           
GPU 5           72.685            0.000        0.000        0.000        1970760                     1886040                     0                           0                           
GPU 6           72.566            0.000        0.000        0.000        4883153                     440231                      0                           0                           
GPU 7           72.082            0.000        0.000        0.000        1636317                     2123635                     0                           0                           
GPU 0           325.077           0.466        0.070        0.253        10551703                    82404854                    5547100471                  5547099423                  
GPU 1           346.803           0.506        0.069        0.245        14830114                    82528846                    5630685930                  5630685930                  
GPU 2           70.562            0.000        0.000        0.000        729914                      486927                      0                           0                           
GPU 3           70.308            0.000        0.000        0.000        3969808                     3361047                     0                           0                           
GPU 4           71.094            0.000        0.000        0.000        734128                      498735                      0                           0                           
GPU 5           72.598            0.000        0.000        0.000        2284838                     3643080                     0                           0                           
GPU 6           72.614            0.000        0.000        0.000        1623310                     1281353                     0                           0                           
GPU 7           72.207            0.000        0.000        0.000        4484351                     1325511                     0                           0                           
GPU 0           346.283           0.505        0.064        0.284        14835769                    86216781                    5246278759                  5246277187                  
GPU 1           345.462           0.540        0.066        0.259        12136950                    85640621                    4640278228                  4640276656                  
GPU 2           70.500            0.000        0.000        0.000        3405052                     3891254                     0                           0                           
GPU 3           70.357            0.000        0.000        0.000        548482                      355756                      0                           0                           
GPU 4           71.073            0.000        0.000        0.000        4434536                     1705788                     0                           0                           
GPU 5           72.598            0.000        0.000        0.000        4287117                     1210472                     0                           0                           
GPU 6           72.563            0.000        0.000        0.000        3120378                     2646411                     0                           0                           
GPU 7           72.262            0.000        0.000        0.000        204392                      3857653                     0                           0                           
GPU 0           341.743           0.529        0.072        0.306        11182840                    88361536                    4519350751                  4519351154                  
GPU 1           339.903           0.525        0.063        0.305        15896526                    86716912                    4303865611                  4303865611                  
GPU 2           70.609            0.000        0.000        0.000        521972                      2873756                     0                           0                           
GPU 3           70.267            0.000        0.000        0.000        4362400                     3722134                     0                           0                           
GPU 4           71.104            0.000        0.000        0.000        2101883                     1922865                     0                           0                           
GPU 5           72.568            0.000        0.000        0.000        1538854                     2682418                     0                           0                           
GPU 6           72.723            0.000        0.000        0.000        3304903                     857402                      0                           0                           
GPU 7           72.245            0.000        0.000        0.000        4468943                     20963                       0                           0                           
GPU 0           358.873           0.481        0.087        0.266        14194542                    81828682                    5523558257                  5523559567                  
GPU 1           367.619           0.521        0.060        0.301        10732646                    89535095                    7252779060                  7252778107                  
GPU 2           70.656            0.000        0.000        0.000        4441260                     338024                      0                           0                           
GPU 3           70.500            0.000        0.000        0.000        532420                      336431                      0                           0                           
GPU 4           71.147            0.000        0.000        0.000        2304923                     3546406                     0                           0                           
GPU 5           72.703            0.000        0.000        0.000        3159280                     2483150                     0                           0                           
GPU 6           72.554            0.000        0.000        0.000        1110011                     3736093                     0                           0                           
GPU 7           72.141            0.000        0.000        0.000        753571                      3844297                     0                           0                           
GPU 0           339.907           0.525        0.070        0.275        11066831                    82494523                    7020799689                  7020799689                  
GPU 1           353.468           0.542        0.089        0.254        15276107                    77728317                    6031439134                  6031440881                  
GPU 2           70.581            0.000        0.000        0.000        789562                      3786284                     0                           0                           
GPU 3           70.500            0.000        0.000        0.000        4490116                     3827709                     0                           0                           
GPU 4           71.128            0.000        0.000        0.000        4189969                     814282                      0                           0                           
GPU 5           72.695            0.000        0.000        0.000        2985125                     1330658                     0                           0                           
GPU 6           72.561            0.000        0.000        0.000        4378602                     3736093                     0                           0                           
GPU 7           72.313            0.000        0.000        0.000        3794097                     505699                      0                           0                           
GPU 0           361.485           0.447        0.066        0.237        14077007                    84852478                    5703890570                  5703889405                  
GPU 1           321.491           0.508        0.080        0.298        13355739                    83815830                    5484514028                  5484513653                  
GPU 2           70.647            0.000        0.000        0.000        4492446                     3862397                     0                           0                           
GPU 3           70.359            0.000        0.000        0.000        552549                      2451544                     0                           0                           
GPU 4           71.094            0.000        0.000        0.000        4112248                     3518878                     0                           0                           
GPU 5           72.676            0.000        0.000        0.000        1660309                     3847659                     0                           0                           
GPU 6           72.560            0.000        0.000        0.000        1420395                     2633625                     0                           0                           
GPU 7           72.137            0.000        0.000        0.000        2423576                     1996222                     0                           0                           
GPU 0           344.144           0.561        0.081        0.301        11815551                    83214061                    6582604543                  6582603495                  
GPU 1           349.958           0.571        0.059        0.304        16084439                    90571773                    4635201387                  4635201911                  
GPU 2           70.515            0.000        0.000        0.000        1356834                     1044484                     0                           0                           
GPU 3           70.419            0.000        0.000        0.000        4370644                     3728149                     0                           0                           
GPU 4           71.025            0.000        0.000        0.000        1900245                     1529734                     0                           0                           
GPU 5           72.596            0.000        0.000        0.000        245367                      55267                       0                           0                           
GPU 6           72.592            0.000        0.000        0.000        3059429                     2554851                     0                           0                           
GPU 7           72.205            0.000        0.000        0.000        2037110                     3843987                     0                           0                           
GPU 0           344.144           0.561        0.061        0.301        16221848                    83214061                    6582604543                  6582603495                  
GPU 1           349.958           0.550        0.059        0.304        16084439                    90571773                    4635201387                  4635201911                  
GPU 2           70.515            0.000        0.000        0.000        3486139                     1044484                     0                           0                           
GPU 3           70.419            0.000        0.000        0.000        4370644                     3728149                     0                           0                           
GPU 4           71.025            0.000        0.000        0.000        1900245                     2426992                     0                           0                           
GPU 5           72.596            0.000        0.000        0.000        245367                      4354207                     0                           0                           
GPU 6           72.592            0.000        0.000        0.000        3059429                     2554851                     0                           0                           
GPU 7           72.205            0.000        0.000        0.000        4475481                     3843987                     0                           0                           
GPU 0           306.903           0.455        0.063        0.257        13234855                    86179755                    5406547653                  5406549399                  
GPU 1           332.314           0.513        0.064        0.247        12504984                    86132034                    5545070103                  5545069230                  
GPU 2           70.536            0.000        0.000        0.000        3657646                     3092076                     0                           0                           
GPU 3           70.235            0.000        0.000        0.000        458207                      250061                      0                           0                           
GPU 4           71.175            0.000        0.000        0.000        3951484                     3347232                     0                           0                           
GPU 5           72.629            0.000        0.000        0.000        1974161                     1591181                     0                           0                           
GPU 6           72.641            0.000        0.000        0.000        1683543                     3874973                     0                           0                           
GPU 7           72.228            0.000        0.000        0.000        1421382                     1100944                     0                           0                           
GPU 0           377.834           0.454        0.072        0.251        10632634                    83545375                    6427151768                  6427153515                  
GPU 1           342.450           0.499        0.068        0.223        12311065                    98651560                    6279330945                  6279332110                  
GPU 2           70.571            0.000        0.000        0.000        520400                      327543                      0                           0                           
GPU 3           70.280            0.000        0.000        0.000        5172114                     4469260                     0                           0                           
GPU 4           71.147            0.000        0.000        0.000        877815                      648797                      0                           0                           
GPU 5           72.628            0.000        0.000        0.000        2262427                     1869895                     0                           0                           
GPU 6           72.554            0.000        0.000        0.000        4520627                     20963                       0                           0                           
GPU 7           72.130            0.000        0.000        0.000        3058147                     2589992                     0                           0                           
