#Entity         POWER             SMACT        TENSO        DRAMA        PCITX                       PCIRX                       NVLTX                       NVLRX                       
ID               W                                                                                                                                                                       
GPU 0           146.820           N/A          N/A          N/A          N/A                         N/A                         N/A                         N/A                         
GPU 1           150.986           N/A          N/A          N/A          N/A                         N/A                         N/A                         N/A                         
GPU 2           71.577            N/A          N/A          N/A          N/A                         N/A                         N/A                         N/A                         
GPU 3           71.587            N/A          N/A          N/A          N/A                         N/A                         N/A                         N/A                         
GPU 4           148.881           N/A          N/A          N/A          N/A                         N/A                         N/A                         N/A                         
GPU 5           152.219           N/A          N/A          N/A          N/A                         N/A                         N/A                         N/A                         
GPU 6           73.677            N/A          N/A          N/A          N/A                         N/A                         N/A                         N/A                         
GPU 7           73.565            N/A          N/A          N/A          N/A                         N/A                         N/A                         N/A                         
GPU 0           97.877            0.000        0.000        0.000        4192414                     3508965                     0                           0                           
GPU 1           99.608            0.000        0.000        0.000        4175470                     3503495                     0                           0                           
GPU 2           71.553            0.000        0.000        0.000        4534249                     3887023                     0                           0                           
GPU 3           71.524            0.000        0.000        0.000        4509751                     3852625                     0                           0                           
GPU 4           97.702            0.000        0.000        0.000        4128806                     3453250                     0                           0                           
GPU 5           99.944            0.000        0.000        0.000        4072207                     3406522                     0                           0                           
GPU 6           73.666            0.000        0.000        0.000        4420523                     3780710                     0                           0                           
GPU 7           73.619            0.000        0.000        0.000        4374494                     3735488                     0                           0                           
GPU 0           97.877            0.000        0.000        0.000        4192414                     3508965                     0                           0                           
GPU 1           99.608            0.000        0.000        0.000        4736180                     3503495                     0                           0                           
GPU 2           71.553            0.000        0.000        0.000        4534249                     3887023                     0                           0                           
GPU 3           71.524            0.000        0.000        0.000        4509751                     1715780                     0                           0                           
GPU 4           97.702            0.000        0.000        0.000        4128806                     3453250                     0                           0                           
GPU 5           99.944            0.000        0.000        0.000        4072207                     3406522                     0                           0                           
GPU 6           73.666            0.000        0.000        0.000        4420523                     3780710                     0                           0                           
GPU 7           73.619            0.000        0.000        0.000        4374494                     3735488                     0                           0                           
GPU 0           97.854            0.000        0.000        0.000        4352401                     3633747                     0                           0                           
GPU 1           99.466            0.000        0.000        0.000        5161816                     3975021                     0                           0                           
GPU 2           71.562            0.000        0.000        0.000        4736208                     4043055                     0                           0                           
GPU 3           71.504            0.000        0.000        0.000        2125402                     7319733                     0                           0                           
GPU 4           97.617            0.000        0.000        0.000        3360381                     2770422                     0                           0                           
GPU 5           99.652            0.000        0.000        0.000        3444286                     2845363                     0                           0                           
GPU 6           73.644            0.000        0.000        0.000        8075613                     2380548                     0                           0                           
GPU 7           73.617            0.000        0.000        0.000        3660393                     3093851                     0                           0                           
GPU 0           97.718            0.000        0.000        0.000        6191771                     5263227                     0                           0                           
GPU 1           99.485            0.000        0.000        0.000        5072104                     4365634                     0                           0                           
GPU 2           71.591            0.000        0.000        0.000        6783513                     5877271                     0                           0                           
GPU 3           71.527            0.000        0.000        0.000        8169469                     7104729                     0                           0                           
GPU 4           97.559            0.000        0.000        0.000        6995461                     5980212                     0                           0                           
GPU 5           99.603            0.000        0.000        0.000        6205611                     5302309                     0                           0                           
GPU 6           73.602            0.000        0.000        0.000        6444171                     7054880                     0                           0                           
GPU 7           73.573            0.000        0.000        0.000        6976708                     6089097                     0                           0                           
GPU 0           97.704            0.000        0.000        0.000        8497835                     7252161                     0                           0                           
GPU 1           99.458            0.000        0.000        0.000        7018130                     4305085                     0                           0                           
GPU 2           71.574            0.000        0.000        0.000        7550999                     6539722                     0                           0                           
GPU 3           71.519            0.000        0.000        0.000        6920222                     5972228                     0                           0                           
GPU 4           97.571            0.000        0.000        0.000        6413644                     5436971                     0                           0                           
GPU 5           99.633            0.000        0.000        0.000        6731828                     5726771                     0                           0                           
GPU 6           73.634            0.000        0.000        0.000        7360393                     5597620                     0                           0                           
GPU 7           73.564            0.000        0.000        0.000        7384172                     6440335                     0                           0                           
GPU 0           97.683            0.000        0.000        0.000        560255                      351179                      0                           0                           
GPU 1           99.416            0.000        0.000        0.000        519455                      5962449                     0                           0                           
GPU 2           71.575            0.000        0.000        0.000        549761                      357423                      0                           0                           
GPU 3           71.516            0.000        0.000        0.000        581154                      374160                      0                           0                           
GPU 4           97.501            0.000        0.000        0.000        1712013                     1333022                     0                           0                           
GPU 5           99.635            0.000        0.000        0.000        2027244                     1606594                     0                           0                           
GPU 6           73.602            0.000        0.000        0.000        204919                      6381531                     0                           0                           
GPU 7           73.502            0.000        0.000        0.000        5420713                     4657705                     0                           0                           
GPU 0           97.658            0.000        0.000        0.000        3519748                     2889843                     0                           0                           
GPU 1           99.452            0.000        0.000        0.000        4027094                     319745                      0                           0                           
GPU 2           71.561            0.000        0.000        0.000        4308332                     3653251                     0                           0                           
GPU 3           71.519            0.000        0.000        0.000        4339376                     3684436                     0                           0                           
GPU 4           97.489            0.000        0.000        0.000        4083165                     3360973                     0                           0                           
GPU 5           99.623            0.000        0.000        0.000        2901756                     2317840                     0                           0                           
GPU 6           73.588            0.000        0.000        0.000        4671187                     22011                       0                           0                           
GPU 7           73.445            0.000        0.000        0.000        747831                      506240                      0                           0                           
GPU 0           97.571            0.000        0.000        0.000        536380                      321478                      0                           0                           
GPU 1           99.402            0.000        0.000        0.000        719045                      3358881                     0                           0                           
GPU 2           71.558            0.000        0.000        0.000        281429                      112152                      0                           0                           
GPU 3           71.523            0.000        0.000        0.000        293446                      109518                      0                           0                           
GPU 4           97.490            0.000        0.000        0.000        449732                      255267                      0                           0                           
GPU 5           99.523            0.000        0.000        0.000        1611313                     1252778                     0                           0                           
GPU 6           73.614            0.000        0.000        0.000        1132018                     3973595                     0                           0                           
GPU 7           73.455            0.000        0.000        0.000        3681632                     3109341                     0                           0                           
GPU 0           97.592            0.000        0.000        0.000        3865028                     3186263                     0                           0                           
GPU 1           99.370            0.000        0.000        0.000        6604862                     5551782                     0                           0                           
GPU 2           71.564            0.000        0.000        0.000        6037595                     5194132                     0                           0                           
GPU 3           71.513            0.000        0.000        0.000        6345703                     5441650                     0                           0                           
GPU 4           97.373            0.000        0.000        0.000        5679702                     4755360                     0                           0                           
GPU 5           99.608            0.000        0.000        0.000        3812926                     3155600                     0                           0                           
GPU 6           73.609            0.000        0.000        0.000        5889929                     5048510                     0                           0                           
GPU 7           73.456            0.000        0.000        0.000        2654963                     2206518                     0                           0                           
GPU 0           97.405            0.000        0.000        0.000        4155409                     3457250                     0                           0                           
GPU 1           99.340            0.000        0.000        0.000        280957                      99068                       0                           0                           
GPU 2           71.583            0.000        0.000        0.000        2063687                     1664809                     0                           0                           
GPU 3           71.512            0.000        0.000        0.000        310219                      116332                      0                           0                           
GPU 4           97.311            0.000        0.000        0.000        316460                      127108                      0                           0                           
GPU 5           99.495            0.000        0.000        0.000        4347282                     3572175                     0                           0                           
GPU 6           73.569            0.000        0.000        0.000        1930735                     1550248                     0                           0                           
GPU 7           73.516            0.000        0.000        0.000        5957477                     5121473                     0                           0                           
GPU 0           97.577            0.000        0.000        0.000        3516064                     2884230                     0                           0                           
GPU 1           99.365            0.000        0.000        0.000        4104292                     3432823                     0                           0                           
GPU 2           71.596            0.000        0.000        0.000        4182770                     3543379                     0                           0                           
GPU 3           71.517            0.000        0.000        0.000        4467390                     3810251                     0                           0                           
GPU 4           97.420            0.000        0.000        0.000        4102625                     3431696                     0                           0                           
GPU 5           99.482            0.000        0.000        0.000        2483558                     2004667                     0                           0                           
GPU 6           73.576            0.000        0.000        0.000        4447808                     3810535                     0                           0                           
GPU 7           73.504            0.000        0.000        0.000        708464                      466433                      0                           0                           
GPU 0           123.241           0.000        0.000        0.000        541613                      329045                      0                           0                           
GPU 1           99.365            0.000        0.002        0.020        4104292                     665242051                   0                           0                           
GPU 2           71.540            0.000        0.000        0.000        465916                      274099                      0                           0                           
GPU 3           71.580            0.000        0.000        0.000        3247637                     3810251                     0                           0                           
GPU 4           97.420            0.000        0.000        0.011        98963800                    1190648750                  0                           175144                      
GPU 5           99.482            0.000        0.000        0.000        2483558                     1346523                     0                           0                           
GPU 6           73.576            0.000        0.000        0.000        4447808                     925900                      0                           0                           
GPU 7           73.401            0.000        0.000        0.000        4248457                     466433                      0                           0                           
GPU 0           140.420           0.058        0.003        0.027        104402991                   1182746569                  407208138                   440174                      
GPU 1           145.212           0.042        0.005        0.051        959683729                   1942703846                  878363                      731305996                   
GPU 2           71.470            0.000        0.000        0.000        4424978                     3785651                     0                           0                           
GPU 3           71.597            0.000        0.000        0.000        540349                      353439                      0                           0                           
GPU 4           141.590           0.115        0.005        0.053        306878692                   3755358591                  727103177                   872631                      
GPU 5           145.159           0.079        0.004        0.037        672278402                   1083904517                  593295                      533263779                   
GPU 6           73.673            0.000        0.000        0.000        3680539                     3153084                     0                           0                           
GPU 7           73.425            0.000        0.000        0.000        1886668                     2128805                     0                           0                           
GPU 0           145.691           0.114        0.004        0.051        168816180                   1972385068                  732029083                   879433                      
GPU 1           151.317           0.112        0.006        0.062        1005498741                  1985105266                  888787                      780750859                   
GPU 2           71.498            0.000        0.000        0.000        1197762                     894272                      0                           0                           
GPU 3           71.558            0.000        0.000        0.000        4207540                     3551439                     0                           0                           
GPU 4           147.195           0.120        0.005        0.056        344986116                   4221818252                  773030503                   889127                      
GPU 5           148.433           0.117        0.005        0.054        967090602                   1539305711                  882853                      772335957                   
GPU 6           73.724            0.000        0.000        0.000        2234926                     1813763                     0                           0                           
GPU 7           73.485            0.000        0.000        0.000        2547544                     3529306                     0                           0                           
#Entity         POWER             SMACT        TENSO        DRAMA        PCITX                       PCIRX                       NVLTX                       NVLRX                       
ID               W                                                                                                                                                                       
GPU 0           146.252           0.126        0.006        0.061        180288404                   2377728727                  732029083                   879433                      
GPU 1           151.317           0.126        0.007        0.064        1005498741                  2387801848                  888787                      780750859                   
GPU 2           71.531            0.000        0.000        0.000        3690631                     3123468                     0                           0                           
GPU 3           71.578            0.000        0.000        0.000        499914                      3551439                     0                           0                           
GPU 4           147.195           0.120        0.005        0.069        343638927                   4230559655                  773030503                   884389                      
GPU 5           148.765           0.117        0.005        0.054        967090602                   1550810828                  882853                      772335957                   
GPU 6           73.724            0.000        0.000        0.000        2234926                     2014213                     0                           0                           
GPU 7           73.463            0.000        0.000        0.000        4154467                     3529306                     0                           0                           
GPU 0           146.274           0.127        0.006        0.061        204934805                   2042833158                  770468212                   886475                      
GPU 1           151.030           0.129        0.006        0.063        1033663179                  2963667489                  886757                      779904174                   
GPU 2           71.490            0.000        0.000        0.000        3484493                     2919393                     0                           0                           
GPU 3           71.484            0.000        0.000        0.000        4451193                     293975                      0                           0                           
GPU 4           149.912           0.126        0.006        0.061        364782056                   4349100250                  734975258                   883593                      
GPU 5           151.324           0.129        0.007        0.063        959042110                   1510989171                  883315                      767082101                   
GPU 6           73.781            0.000        0.000        0.000        2426489                     3521577                     0                           0                           
GPU 7           73.441            0.000        0.000        0.000        676069                      452023                      0                           0                           
GPU 0           143.577           0.118        0.006        0.056        173913797                   1998716398                  732543200                   880856                      
GPU 1           151.564           0.128        0.006        0.059        1037997389                  2636104155                  883103                      733179888                   
GPU 2           71.505            0.000        0.000        0.000        507313                      316022                      0                           0                           
GPU 3           71.519            0.000        0.000        0.000        1228501                     3791951                     0                           0                           
GPU 4           142.942           0.129        0.006        0.064        333810812                   3988180781                  776241008                   854781                      
GPU 5           145.608           0.118        0.007        0.067        921025477                   1535950485                  878129                      730659963                   
GPU 6           73.722            0.000        0.000        0.000        4146238                     264658                      0                           0                           
GPU 7           73.364            0.000        0.000        0.000        4540512                     3893032                     0                           0                           
GPU 0           144.262           0.122        0.005        0.058        173579523                   2040252651                  745799509                   846345                      
GPU 1           150.534           0.120        0.006        0.061        1021937714                  2911146476                  851355                      743918102                   
GPU 2           71.434            0.000        0.000        0.000        4463522                     3824678                     0                           0                           
GPU 3           71.525            0.000        0.000        0.000        3687531                     921257                      0                           0                           
GPU 4           145.784           0.118        0.005        0.056        377555783                   4614842290                  735309214                   868458                      
GPU 5           148.682           0.125        0.006        0.056        939106248                   1502168742                  848000                      746829693                   
GPU 6           73.746            0.000        0.000        0.000        459003                      4771130                     0                           0                           
GPU 7           73.406            0.000        0.000        0.000        2074753                     1680852                     0                           0                           
GPU 0           144.647           0.124        0.005        0.059        173847932                   2064650517                  722937917                   871021                      
GPU 1           150.916           0.124        0.006        0.060        1012533797                  2431944547                  864769                      720133991                   
GPU 2           71.489            0.000        0.000        0.000        748926                      498410                      0                           0                           
GPU 3           71.474            0.000        0.000        0.000        3788307                     3125056                     0                           0                           
GPU 4           145.792           0.122        0.005        0.058        387712584                   4749117212                  761466595                   873912                      
GPU 5           148.489           0.126        0.006        0.060        916323089                   1616382791                  869472                      720560705                   
GPU 6           73.670            0.000        0.000        0.000        1191275                     895203                      0                           0                           
GPU 7           73.523            0.000        0.000        0.000        2384568                     1992089                     0                           0                           
GPU 0           147.156           0.130        0.006        0.063        179413647                   2116398991                  774766860                   879432                      
GPU 1           152.363           0.123        0.007        0.064        1034019820                  1924433198                  879962                      773488699                   
GPU 2           71.489            0.000        0.000        0.000        4275210                     2228478                     0                           0                           
GPU 3           71.537            0.000        0.000        0.000        546733                      3173278                     0                           0                           
GPU 4           145.792           0.122        0.005        0.060        358095340                   4359373402                  738489602                   890396                      
GPU 5           148.489           0.126        0.006        0.060        990246351                   1671155890                  887834                      780028303                   
GPU 6           73.670            0.000        0.000        0.000        3599898                     3064077                     0                           0                           
GPU 7           73.375            0.000        0.000        0.000        4127981                     3499639                     0                           0                           
GPU 0           147.394           0.131        0.006        0.064        183020837                   1978198957                  782376346                   899259                      
GPU 1           152.202           0.129        0.006        0.062        955686541                   1801800293                  893559                      742313495                   
GPU 2           71.513            0.000        0.000        0.000        2693896                     1379017                     0                           0                           
GPU 3           71.623            0.000        0.000        0.000        4190884                     347603                      0                           0                           
GPU 4           148.330           0.129        0.006        0.061        363582640                   4389475316                  783370998                   897984                      
GPU 5           149.193           0.133        0.007        0.064        1014490334                  2032404169                  895837                      775814913                   
GPU 6           73.591            0.000        0.000        0.000        2446933                     2005133                     0                           0                           
GPU 7           73.384            0.000        0.000        0.000        426252                      237583                      0                           0                           
GPU 0           148.120           0.126        0.006        0.062        168322522                   1939566607                  734432866                   884137                      
GPU 1           152.222           0.126        0.007        0.063        1005486487                  1915274857                  893060                      786043086                   
GPU 2           71.381            0.000        0.000        0.000        1710799                     3511462                     0                           0                           
GPU 3           71.429            0.000        0.000        0.000        474809                      3540168                     0                           0                           
GPU 4           146.226           0.123        0.006        0.063        324113208                   3837832369                  730374510                   876335                      
GPU 5           146.918           0.127        0.006        0.061        957673213                   2015636883                  874661                      726409461                   
GPU 6           73.776            0.000        0.000        0.000        2193782                     1806489                     0                           0                           
GPU 7           73.382            0.000        0.000        0.000        5448736                     4704595                     0                           0                           
GPU 0           146.365           0.130        0.006        0.063        168069344                   2073062451                  730105875                   873443                      
GPU 1           150.859           0.128        0.006        0.060        948714950                   1942631818                  876649                      729469723                   
GPU 2           71.473            0.000        0.000        0.000        4151291                     322838                      0                           0                           
GPU 3           71.559            0.000        0.000        0.000        4426553                     273041                      0                           0                           
GPU 4           148.304           0.130        0.006        0.060        381399313                   4515403944                  728422471                   855876                      
GPU 5           149.741           0.128        0.006        0.062        922357682                   2061068935                  876200                      727965596                   
GPU 6           73.744            0.000        0.000        0.000        4489779                     3878775                     0                           0                           
GPU 7           73.445            0.000        0.000        0.000        1182983                     3115361                     0                           0                           
GPU 0           147.661           0.130        0.006        0.064        180526739                   2081975945                  727305606                   876223                      
GPU 1           151.510           0.124        0.006        0.062        1001869674                  2046193306                  886248                      775751673                   
GPU 2           71.464            0.000        0.000        0.000        4439053                     3792925                     0                           0                           
GPU 3           71.545            0.000        0.000        0.000        3037184                     316914                      0                           0                           
GPU 4           148.171           0.128        0.006        0.062        377731580                   4620956902                  731300235                   882072                      
GPU 5           148.934           0.128        0.006        0.061        937970586                   1806685814                  881588                      732158098                   
GPU 6           73.781            0.000        0.000        0.000        3692494                     3134049                     0                           0                           
GPU 7           73.505            0.000        0.000        0.000        2174698                     1855281                     0                           0                           
GPU 0           147.152           0.128        0.006        0.062        178799344                   2101819668                  772511635                   879935                      
GPU 1           152.099           0.124        0.006        0.061        926764575                   2023155963                  848493                      706787903                   
GPU 2           71.629            0.000        0.000        0.000        754684                      506267                      0                           0                           
GPU 3           71.488            0.000        0.000        0.000        514920                      3797255                     0                           0                           
GPU 4           146.389           0.123        0.006        0.059        385614023                   4723074634                  757416930                   863313                      
GPU 5           147.993           0.122        0.006        0.058        962388549                   1899359801                  862165                      750232404                   
GPU 6           73.779            0.000        0.000        0.000        2440349                     2019563                     0                           0                           
GPU 7           73.358            0.000        0.000        0.000        4421359                     1797834                     0                           0                           
GPU 0           147.929           0.126        0.006        0.061        216423809                   2516428653                  702338440                   846324                      
GPU 1           150.896           0.121        0.006        0.060        954404637                   1756843020                  855318                      753828845                   
GPU 2           71.467            0.000        0.000        0.000        3507289                     2946542                     0                           0                           
GPU 3           71.408            0.000        0.000        0.000        220631                      34588                       0                           0                           
GPU 4           147.406           0.126        0.006        0.061        304470982                   3754030947                  749984748                   864687                      
GPU 5           148.080           0.120        0.006        0.057        964749420                   1847429157                  850779                      754234106                   
GPU 6           73.665            0.000        0.000        0.000        2227885                     1834821                     0                           0                           
GPU 7           73.366            0.000        0.000        0.000        666765                      3787865                     0                           0                           
GPU 0           147.707           0.129        0.006        0.063        185425687                   2176579791                  751473611                   859498                      
GPU 1           151.863           0.123        0.006        0.061        910437999                   1748840945                  858452                      711720427                   
GPU 2           71.435            0.000        0.000        0.000        542138                      359872                      0                           0                           
GPU 3           71.537            0.000        0.000        0.000        4420466                     3787998                     0                           0                           
GPU 4           147.612           0.125        0.006        0.061        317661463                   3938035250                  719806896                   855368                      
GPU 5           148.329           0.124        0.006        0.059        916625719                   1711264724                  865823                      718680849                   
GPU 6           73.675            0.000        0.000        0.000        4174800                     3555340                     0                           0                           
GPU 7           73.448            0.000        0.000        0.000        4281012                     430100                      0                           0                           
GPU 0           146.777           0.125        0.006        0.061        231157940                   2677631142                  710367167                   857169                      
GPU 1           150.451           0.120        0.006        0.060        948896545                   1759930668                  853331                      747393474                   
GPU 2           71.528            0.000        0.000        0.000        4271804                     3628230                     0                           0                           
GPU 3           71.471            0.000        0.000        0.000        1874501                     1489330                     0                           0                           
GPU 4           145.961           0.122        0.006        0.059        433757692                   5266175687                  711794033                   846968                      
GPU 5           147.821           0.124        0.006        0.060        911168698                   1770597196                  856362                      712579177                   
GPU 6           73.682            0.000        0.000        0.000        434982                      237739                      0                           0                           
GPU 7           73.456            0.000        0.000        0.000        1731836                     3687576                     0                           0                           
#Entity         POWER             SMACT        TENSO        DRAMA        PCITX                       PCIRX                       NVLTX                       NVLRX                       
ID               W                                                                                                                                                                       
GPU 0           149.267           0.134        0.006        0.066        184063377                   2162662791                  744633964                   844799                      
GPU 1           153.299           0.125        0.006        0.063        921111103                   1805060742                  863597                      719847542                   
GPU 2           71.392            0.000        0.000        0.000        357805                      170088                      0                           0                           
GPU 3           71.442            0.000        0.000        0.000        2776460                     2323674                     0                           0                           
GPU 4           145.961           0.122        0.006        0.065        376937090                   4620800853                  744362775                   885266                      
GPU 5           147.821           0.122        0.006        0.058        1072294599                  3221032561                  847991                      747006553                   
GPU 6           73.739            0.000        0.000        0.000        4933308                     4255582                     0                           0                           
GPU 7           73.340            0.000        0.000        0.000        3003606                     1372605                     0                           0                           
GPU 0           146.172           0.131        0.006        0.064        214666366                   2491471769                  731916679                   879943                      
GPU 1           151.555           0.128        0.007        0.064        968175354                   1809721912                  887151                      761078252                   
GPU 2           71.425            0.000        0.000        0.000        4933160                     4242645                     0                           0                           
GPU 3           71.550            0.000        0.000        0.000        4168292                     3531047                     0                           0                           
GPU 4           144.395           0.121        0.005        0.058        380689839                   4625582673                  735290569                   875537                      
GPU 5           145.670           0.117        0.006        0.063        1054128969                  3170886895                  886598                      736110574                   
GPU 6           73.745            0.000        0.000        0.000        1917319                     1536355                     0                           0                           
GPU 7           73.368            0.000        0.000        0.000        4079373                     2534929                     0                           0                           
GPU 0           145.899           0.122        0.005        0.058        178813406                   2098246186                  779162937                   885143                      
GPU 1           148.467           0.117        0.006        0.057        931315594                   1674982353                  872624                      739080370                   
GPU 2           71.418            0.000        0.000        0.000        1212766                     912671                      0                           0                           
GPU 3           71.601            0.000        0.000        0.000        506768                      320726                      0                           0                           
GPU 4           145.180           0.119        0.005        0.056        334126027                   4120678669                  776114199                   878105                      
GPU 5           144.819           0.116        0.005        0.054        1019205217                  2183589488                  875828                      776446991                   
GPU 6           73.605            0.000        0.000        0.000        2427104                     2016569                     0                           0                           
GPU 7           73.444            0.000        0.000        0.000        513076                      3451012                     0                           0                           
GPU 0           145.400           0.123        0.005        0.058        178398591                   2051184172                  725621755                   873574                      
GPU 1           148.776           0.118        0.006        0.057        939678403                   1864008240                  876776                      730548107                   
GPU 2           71.544            0.000        0.000        0.000        3743175                     3195706                     0                           0                           
GPU 3           71.506            0.000        0.000        0.000        4505733                     3861158                     0                           0                           
GPU 4           144.008           0.119        0.005        0.056        335312469                   4121792919                  730456510                   869968                      
GPU 5           145.011           0.115        0.005        0.053        963019949                   2165431682                  877355                      728290623                   
GPU 6           73.699            0.000        0.000        0.000        4128015                     3518534                     0                           0                           
GPU 7           73.357            0.000        0.000        0.000        4320015                     317069                      0                           0                           
GPU 0           147.056           0.127        0.005        0.060        201641579                   2329505424                  725721256                   873693                      
GPU 1           150.612           0.119        0.006        0.057        937097682                   1896819532                  877870                      728492898                   
GPU 2           71.457            0.000        0.000        0.000        3800953                     3204464                     0                           0                           
GPU 3           71.479            0.000        0.000        0.000        1509138                     1179014                     0                           0                           
GPU 4           146.324           0.122        0.005        0.058        336422403                   4093375798                  722875483                   896173                      
GPU 5           146.887           0.119        0.005        0.053        969180493                   2357435058                  868416                      721189695                   
GPU 6           73.653            0.000        0.000        0.000        441656                      248223                      0                           0                           
GPU 7           73.379            0.000        0.000        0.000        1795350                     3695908                     0                           0                           
GPU 0           146.329           0.126        0.006        0.060        286115574                   3504763144                  739834183                   892702                      
GPU 1           149.402           0.121        0.006        0.059        1010101169                  1608842668                  915211                      813109291                   
GPU 2           71.486            0.000        0.000        0.000        502600                      312880                      0                           0                           
GPU 3           71.593            0.000        0.000        0.000        3066275                     2571921                     0                           0                           
GPU 4           145.409           0.123        0.005        0.058        374541466                   4606610931                  781031201                   906647                      
GPU 5           147.202           0.122        0.005        0.055        1036828032                  2204976023                  900417                      791668689                   
GPU 6           73.706            0.000        0.000        0.000        4901336                     4208965                     0                           0                           
GPU 7           73.347            0.000        0.000        0.000        2386926                     1432237                     0                           0                           
GPU 0           146.648           0.126        0.005        0.058        286684441                   3508438786                  792655267                   900909                      
GPU 1           150.248           0.120        0.006        0.057        952581408                   1678127036                  908864                      756077975                   
GPU 2           71.440            0.000        0.000        0.000        4444565                     3797349                     0                           0                           
GPU 3           71.491            0.000        0.000        0.000        4150292                     3498403                     0                           0                           
GPU 4           145.693           0.122        0.005        0.057        381016369                   4651270502                  755832419                   917204                      
GPU 5           147.569           0.122        0.005        0.056        1061117266                  2943556260                  912878                      758306886                   
GPU 6           73.632            0.000        0.000        0.000        761290                      511893                      0                           0                           
GPU 7           73.486            0.000        0.000        0.000        4122594                     1981049                     0                           0                           
GPU 0           148.955           0.129        0.005        0.060        298275925                   3685170492                  759926674                   914501                      
GPU 1           150.853           0.122        0.006        0.059        964623715                   1779267541                  920668                      763128310                   
GPU 2           71.503            0.000        0.000        0.000        1127587                     841978                      0                           0                           
GPU 3           71.483            0.000        0.000        0.000        511977                      311273                      0                           0                           
GPU 4           146.304           0.124        0.005        0.058        357275525                   4381202292                  760899597                   930034                      
GPU 5           149.117           0.125        0.006        0.056        1079240201                  3125104216                  914808                      760023201                   
GPU 6           73.737            0.000        0.000        0.000        3898152                     1809209                     0                           0                           
GPU 7           73.461            0.000        0.000        0.000        462813                      3492258                     0                           0                           
GPU 0           146.978           0.130        0.006        0.061        299467382                   3667945192                  770755631                   928954                      
GPU 1           151.688           0.124        0.006        0.060        981492484                   1805892230                  930280                      773711228                   
GPU 2           71.454            0.000        0.000        0.000        3693908                     3148905                     0                           0                           
GPU 3           71.346            0.000        0.000        0.000        4489201                     3851480                     0                           0                           
GPU 4           145.631           0.124        0.005        0.058        355337036                   4334206418                  772860621                   928723                      
GPU 5           147.496           0.122        0.006        0.058        1090953121                  3136433179                  930452                      772138092                   
GPU 6           73.551            0.000        0.000        0.000        2226022                     2040034                     0                           0                           
GPU 7           73.363            0.000        0.000        0.000        4388574                     276744                      0                           0                           
GPU 0           150.340           0.131        0.006        0.063        306711824                   3750164581                  772381207                   927707                      
GPU 1           152.515           0.122        0.006        0.059        994128040                   1601154880                  914544                      801876669                   
GPU 2           71.507            0.000        0.000        0.000        3835560                     3228616                     0                           0                           
GPU 3           71.378            0.000        0.000        0.000        714104                      461619                      0                           0                           
GPU 4           149.815           0.129        0.006        0.062        349832732                   4298563586                  772564299                   907733                      
GPU 5           151.521           0.133        0.007        0.057        1097535942                  2792730309                  913453                      802919200                   
GPU 6           73.754            0.000        0.000        0.000        2436045                     3492141                     0                           0                           
GPU 7           73.377            0.000        0.000        0.000        720853                      3759689                     0                           0                           
GPU 0           150.020           0.139        0.006        0.068        262670288                   3272331573                  767615401                   923546                      
GPU 1           155.009           0.131        0.007        0.066        964415747                   1720911292                  926758                      805661643                   
GPU 2           71.371            0.000        0.000        0.000        503643                      316545                      0                           0                           
GPU 3           71.412            0.000        0.000        0.000        4383165                     3743274                     0                           0                           
GPU 4           150.769           0.138        0.006        0.067        304576434                   3792330885                  765537322                   922387                      
GPU 5           152.473           0.135        0.007        0.065        1075109306                  2070707314                  926665                      808011054                   
GPU 6           73.618            0.000        0.000        0.000        4118358                     302915                      0                           0                           
GPU 7           73.401            0.000        0.000        0.000        4236751                     3621269                     0                           0                           
GPU 0           149.746           0.135        0.006        0.065        317670333                   3882068482                  814123943                   928684                      
GPU 1           154.172           0.132        0.007        0.066        1014964435                  1807716974                  919523                      764456147                   
GPU 2           71.445            0.000        0.000        0.000        4390892                     3748578                     0                           0                           
GPU 3           71.493            0.000        0.000        0.000        2677230                     2200385                     0                           0                           
GPU 4           148.962           0.130        0.006        0.062        383289338                   4652128754                  816294891                   929676                      
GPU 5           150.768           0.130        0.006        0.062        1087795822                  2517329049                  926500                      771243679                   
GPU 6           73.563            0.000        0.000        0.000        499443                      3828965                     0                           0                           
GPU 7           73.290            0.000        0.000        0.000        2220628                     1804230                     0                           0                           
GPU 0           147.950           0.133        0.006        0.065        253225367                   3146993423                  746512075                   898285                      
GPU 1           153.067           0.131        0.006        0.061        965385612                   1732176866                  868576                      760629945                   
GPU 2           71.366            0.000        0.000        0.000        865611                      617981                      0                           0                           
GPU 3           71.425            0.000        0.000        0.000        1607876                     1285253                     0                           0                           
GPU 4           147.138           0.126        0.006        0.061        392754120                   4801060145                  762359859                   878833                      
GPU 5           148.687           0.125        0.006        0.060        1032221232                  3080352697                  870325                      757111818                   
GPU 6           73.498            0.000        0.000        0.000        4468873                     873320                      0                           0                           
GPU 7           73.383            0.000        0.000        0.000        2215834                     1832203                     0                           0                           
GPU 0           147.627           0.125        0.006        0.060        205969186                   2573927348                  768439826                   874544                      
GPU 1           151.199           0.123        0.006        0.061        937381760                   1695682221                  883401                      734217429                   
GPU 2           71.305            0.000        0.000        0.000        4585064                     3931927                     0                           0                           
GPU 3           71.549            0.000        0.000        0.000        4146007                     315480                      0                           0                           
GPU 4           146.876           0.122        0.005        0.058        329911133                   4063047310                  736528493                   885739                      
GPU 5           149.037           0.124        0.006        0.059        943595991                   2607067231                  883135                      734011011                   
GPU 6           73.772            0.000        0.000        0.000        1157586                     3150182                     0                           0                           
GPU 7           73.371            0.000        0.000        0.000        4371696                     3744398                     0                           0                           
#Entity         POWER             SMACT        TENSO        DRAMA        PCITX                       PCIRX                       NVLTX                       NVLRX                       
ID               W                                                                                                                                                                       
GPU 0           149.993           0.130        0.006        0.064        275278801                   2536223629                  729750951                   876782                      
GPU 1           153.982           0.128        0.007        0.064        935754391                   1644174422                  882067                      733289819                   
GPU 2           71.452            0.000        0.000        0.000        3328388                     2793073                     0                           0                           
GPU 3           71.429            0.000        0.000        0.000        505188                      3966752                     0                           0                           
GPU 4           149.400           0.129        0.006        0.063        329970852                   4062634001                  726330919                   875178                      
GPU 5           150.281           0.130        0.006        0.063        954584424                   1871281401                  886023                      736345014                   
GPU 6           73.518            0.000        0.000        0.000        2510327                     2073247                     0                           0                           
GPU 7           73.252            0.000        0.000        0.000        203915                      20486                       0                           0                           
GPU 0           150.968           0.135        0.006        0.065        255540457                   3447979538                  774662828                   932825                      
GPU 1           156.018           0.132        0.007        0.066        1006384470                  1451230298                  936210                      815917307                   
GPU 2           71.397            0.000        0.000        0.000        564205                      382541                      0                           0                           
GPU 3           71.404            0.000        0.000        0.000        1208124                     897518                      0                           0                           
GPU 4           151.077           0.133        0.006        0.064        354277077                   4330334150                  819036348                   934477                      
GPU 5           152.643           0.134        0.007        0.064        1083661719                  1973621142                  934476                      809300257                   
GPU 6           73.719            0.000        0.000        0.000        2263483                     1872523                     0                           0                           
GPU 7           73.262            0.000        0.000        0.000        5047559                     1486317                     0                           0                           
GPU 0           151.769           0.140        0.006        0.069        271548447                   3154077750                  799782314                   910858                      
GPU 1           152.750           0.134        0.007        0.066        971117918                   1478746416                  935821                      777855429                   
GPU 2           71.437            0.000        0.000        0.000        4337780                     3681636                     0                           0                           
GPU 3           71.502            0.000        0.000        0.000        3712463                     3146510                     0                           0                           
GPU 4           149.521           0.136        0.006        0.067        356513896                   4359484261                  775143977                   932316                      
GPU 5           150.406           0.130        0.006        0.062        1077051782                  2559698187                  920329                      806386461                   
GPU 6           73.677            0.000        0.000        0.000        4452491                     3821586                     0                           0                           
GPU 7           73.445            0.000        0.000        0.000        1856150                     2227616                     0                           0                           
GPU 0           148.225           0.131        0.006        0.063        222630491                   3356931002                  732370806                   883048                      
GPU 1           152.892           0.123        0.006        0.060        962106286                   1473054778                  886043                      770471507                   
GPU 2           71.535            0.000        0.000        0.000        310260                      128925                      0                           0                           
GPU 3           71.517            0.000        0.000        0.000        3490911                     2914330                     0                           0                           
GPU 4           147.457           0.126        0.006        0.060        352364880                   4360423021                  783268371                   895218                      
GPU 5           149.814           0.126        0.006        0.060        1014903400                  2494550373                  885130                      734842025                   
GPU 6           73.601            0.000        0.000        0.000        671687                      434543                      0                           0                           
GPU 7           73.319            0.000        0.000        0.000        2662656                     3525877                     0                           0                           
GPU 0           148.956           0.130        0.006        0.063        222630491                   2727501403                  769279184                   878536                      
GPU 1           152.892           0.123        0.006        0.063        929880553                   1620685285                  883397                      732974886                   
GPU 2           71.422            0.000        0.000        0.000        4439492                     3791204                     0                           0                           
GPU 3           71.522            0.000        0.000        0.000        547911                      357131                      0                           0                           
GPU 4           148.358           0.128        0.006        0.062        317352250                   3879313638                  766760744                   884018                      
GPU 5           149.901           0.127        0.006        0.061        1009220492                  2723154583                  881504                      733063399                   
GPU 6           73.584            0.000        0.000        0.000        671687                      3693035                     0                           0                           
GPU 7           73.362            0.000        0.000        0.000        4143220                     316024                      0                           0                           
GPU 0           147.844           0.130        0.006        0.063        197608967                   2632490318                  732596016                   882193                      
GPU 1           152.713           0.124        0.006        0.061        1006726064                  1970215535                  879406                      772857500                   
GPU 2           71.317            0.000        0.000        0.000        1201423                     897494                      0                           0                           
GPU 3           71.386            0.000        0.000        0.000        4379645                     3715729                     0                           0                           
GPU 4           148.141           0.126        0.006        0.061        342398904                   4059417383                  733207725                   880044                      
GPU 5           148.950           0.124        0.006        0.059        980932030                   1776493496                  880495                      772996666                   
GPU 6           73.525            0.000        0.000        0.000        2789107                     1390155                     0                           0                           
GPU 7           73.282            0.000        0.000        0.000        4397609                     3765263                     0                           0                           
GPU 0           148.994           0.130        0.006        0.064        199384267                   2538931320                  734162906                   881761                      
GPU 1           153.394           0.127        0.006        0.063        960906314                   1980752521                  882054                      733237743                   
GPU 2           71.385            0.000        0.000        0.000        3699452                     3145583                     0                           0                           
GPU 3           71.432            0.000        0.000        0.000        280590                      88131                       0                           0                           
GPU 4           148.447           0.129        0.006        0.063        342464591                   4389021456                  777589198                   882227                      
GPU 5           151.051           0.128        0.006        0.062        939652980                   1846035340                  880450                      733609743                   
GPU 6           73.562            0.000        0.000        0.000        4430019                     2332641                     0                           0                           
GPU 7           73.329            0.000        0.000        0.000        1496059                     1166289                     0                           0                           
GPU 0           151.573           0.136        0.006        0.065        213721449                   2750782992                  852334536                   976375                      
GPU 1           156.694           0.137        0.007        0.067        1062603595                  1956924662                  899333                      791026581                   
GPU 2           71.394            0.000        0.000        0.000        510458                      319167                      0                           0                           
GPU 3           71.480            0.000        0.000        0.000        1723641                     4246723                     0                           0                           
GPU 4           148.265           0.127        0.006        0.064        270685780                   3395308511                  821115139                   986798                      
GPU 5           151.431           0.130        0.006        0.061        1055587436                  1937779215                  946313                      832822314                   
GPU 6           73.540            0.000        0.000        0.000        204388                      20438                       0                           0                           
GPU 7           73.361            0.000        0.000        0.000        2993671                     2519668                     0                           0                           
GPU 0           152.674           0.141        0.006        0.067        219465892                   2800384563                  825761719                   993119                      
GPU 1           156.286           0.136        0.007        0.066        1120114113                  1935128913                  995746                      827412642                   
GPU 2           71.351            0.000        0.000        0.000        4457173                     3816241                     0                           0                           
GPU 3           71.437            0.000        0.000        0.000        3103314                     1352520                     0                           0                           
GPU 4           152.834           0.137        0.006        0.065        264727805                   3258337331                  825929327                   994188                      
GPU 5           153.324           0.137        0.006        0.064        1046003098                  1953294958                  992790                      825392531                   
GPU 6           73.599            0.000        0.000        0.000        4447157                     3817239                     0                           0                           
GPU 7           73.324            0.000        0.000        0.000        2967780                     2463629                     0                           0                           
GPU 0           153.944           0.146        0.007        0.071        216364641                   2787629618                  865591474                   996101                      
GPU 1           159.177           0.144        0.007        0.072        1065182053                  2090755898                  1001620                     879322306                   
GPU 2           71.481            0.000        0.000        0.000        1134999                     848956                      0                           0                           
GPU 3           71.427            0.000        0.000        0.000        3812720                     3202513                     0                           0                           
GPU 4           153.948           0.142        0.006        0.069        272680302                   3293776057                  857215464                   992919                      
GPU 5           155.411           0.143        0.007        0.065        1109538468                  2069901530                  999366                      876757713                   
GPU 6           73.618            0.000        0.000        0.000        2056580                     1656531                     0                           0                           
GPU 7           73.399            0.000        0.000        0.000        1636171                     1325917                     0                           0                           
GPU 0           153.569           0.148        0.007        0.073        217896658                   2772479599                  819288873                   985991                      
GPU 1           158.337           0.142        0.007        0.071        1113673914                  2005523780                  985652                      819411323                   
GPU 2           71.343            0.000        0.000        0.000        3700119                     3146994                     0                           0                           
GPU 3           71.362            0.000        0.000        0.000        513028                      313371                      0                           0                           
GPU 4           152.829           0.143        0.007        0.070        280059243                   3351628080                  876143978                   998075                      
GPU 5           155.044           0.142        0.007        0.069        1065780707                  1930245654                  988952                      821280494                   
GPU 6           73.604            0.000        0.000        0.000        2207412                     1819071                     0                           0                           
GPU 7           73.271            0.000        0.000        0.000        4397900                     3762217                     0                           0                           
GPU 0           154.073           0.148        0.007        0.078        222569345                   2642632684                  949756956                   1096762                     
GPU 1           159.061           0.143        0.007        0.071        1069984154                  1988615230                  998884                      872437137                   
GPU 2           71.402            0.000        0.000        0.000        3769317                     3167693                     0                           0                           
GPU 3           71.436            0.000        0.000        0.000        4446150                     3796312                     0                           0                           
GPU 4           153.953           0.144        0.006        0.070        256066141                   3066817525                  832565836                   1000483                     
GPU 5           155.371           0.144        0.007        0.069        1110247341                  1763931055                  1000479                     874948153                   
GPU 6           73.464            0.000        0.000        0.000        4364994                     3719337                     0                           0                           
GPU 7           73.401            0.000        0.000        0.000        207727                      21439                       0                           0                           
GPU 0           154.073           0.148        0.007        0.078        190267606                   2642632684                  831560831                   998686                      
GPU 1           158.019           0.141        0.007        0.071        1095404701                  1988615230                  1001574                     831067978                   
GPU 2           71.402            0.000        0.000        0.000        535730                      3167693                     0                           0                           
GPU 3           71.388            0.000        0.000        0.000        4446150                     494911                      0                           0                           
GPU 4           153.953           0.144        0.006        0.069        258087495                   3102781422                  872822888                   1000493                     
GPU 5           155.371           0.144        0.007        0.069        1051704928                  1920033293                  1000974                     829428758                   
GPU 6           73.464            0.000        0.000        0.000        275660                      93284                       0                           0                           
GPU 7           73.401            0.000        0.000        0.000        1639376                     4189585                     0                           0                           
GPU 0           154.128           0.148        0.007        0.072        203352857                   2253923109                  876950974                   1004142                     
GPU 1           159.039           0.144        0.007        0.071        1064602962                  1903840893                  1000994                     865440456                   
GPU 2           71.381            0.000        0.000        0.000        4268005                     3627070                     0                           0                           
GPU 3           71.406            0.000        0.000        0.000        4425853                     3796416                     0                           0                           
GPU 4           155.288           0.145        0.007        0.071        256476910                   3039126512                  834172236                   1004028                     
GPU 5           156.677           0.146        0.007        0.070        1072930744                  1998903802                  1002129                     864518255                   
GPU 6           73.524            0.000        0.000        0.000        4562143                     3928526                     0                           0                           
GPU 7           73.277            0.000        0.000        0.000        2934837                     1296351                     0                           0                           
#Entity         POWER             SMACT        TENSO        DRAMA        PCITX                       PCIRX                       NVLTX                       NVLRX                       
ID               W                                                                                                                                                                       
GPU 0           155.166           0.148        0.007        0.072        192436364                   2473807940                  834116966                   1009920                     
GPU 1           157.933           0.142        0.007        0.070        1112675101                  1881550284                  1004541                     834605391                   
GPU 2           71.354            0.000        0.000        0.000        509940                      325984                      0                           0                           
GPU 3           71.407            0.000        0.000        0.000        3499302                     2918924                     0                           0                           
GPU 4           152.611           0.145        0.007        0.071        256814269                   3089321988                  875031376                   1011483                     
GPU 5           157.013           0.143        0.007        0.069        1130194135                  2046272339                  1003927                     834365878                   
GPU 6           73.603            0.000        0.000        0.000        1233369                     938484                      0                           0                           
GPU 7           73.295            0.000        0.000        0.000        4097980                     2475221                     0                           0                           
GPU 0           154.228           0.147        0.007        0.072        214079568                   2388463448                  883445672                   1009920                     
GPU 1           159.573           0.143        0.007        0.071        1076543848                  2069976277                  1011516                     878092787                   
GPU 2           71.354            0.000        0.000        0.000        1494476                     1176539                     0                           0                           
GPU 3           71.540            0.000        0.000        0.000        542658                      345857                      0                           0                           
GPU 4           152.611           0.145        0.007        0.070        257179373                   3069575752                  834073611                   1002310                     
GPU 5           157.013           0.143        0.007        0.069        1130194135                  2014195944                  1011978                     882322363                   
GPU 6           73.603            0.000        0.000        0.000        3673139                     2804005                     0                           0                           
GPU 7           73.390            0.000        0.000        0.000        504164                      3476994                     0                           0                           
GPU 0           153.509           0.147        0.007        0.071        206257591                   2326806318                  834118810                   1003912                     
GPU 1           157.605           0.140        0.007        0.069        1108616068                  1827564607                  1004712                     877738703                   
GPU 2           71.400            0.000        0.000        0.000        3352956                     2831786                     0                           0                           
GPU 3           71.495            0.000        0.000        0.000        4313936                     3670409                     0                           0                           
GPU 4           155.342           0.145        0.007        0.071        253515778                   3078112593                  834207877                   1004654                     
GPU 5           155.024           0.139        0.007        0.066        1123877826                  1972057203                  1003918                     881288883                   
GPU 6           73.406            0.000        0.000        0.000        3337467                     894740                      0                           0                           
GPU 7           73.328            0.000        0.000        0.000        4512519                     3880525                     0                           0                           
GPU 0           150.762           0.143        0.006        0.070        198438609                   2234543570                  798136308                   959445                      
GPU 1           157.581           0.143        0.007        0.071        1051675466                  1752991126                  1003415                     833706980                   
GPU 2           71.396            0.000        0.000        0.000        4152361                     3506845                     0                           0                           
GPU 3           71.393            0.000        0.000        0.000        485255                      282978                      0                           0                           
GPU 4           150.565           0.135        0.006        0.065        309413651                   3027345920                  821732462                   937599                      
GPU 5           152.664           0.141        0.007        0.068        1059042570                  2062145386                  983981                      816969620                   
GPU 6           73.534            0.000        0.000        0.000        1146861                     3854221                     0                           0                           
GPU 7           73.306            0.000        0.000        0.000        707015                      464038                      0                           0                           
GPU 0           148.837           0.129        0.006        0.063        193036312                   2097127059                  798136308                   959445                      
GPU 1           153.432           0.127        0.006        0.062        1025891543                  1951305897                  1003415                     833706980                   
GPU 2           71.369            0.000        0.000        0.000        502073                      320739                      0                           0                           
GPU 3           71.463            0.000        0.000        0.000        1615249                     3776841                     0                           0                           
GPU 4           147.489           0.125        0.005        0.060        333563994                   3648265767                  821732462                   897726                      
GPU 5           150.447           0.141        0.007        0.068        1059042570                  2151619645                  983981                      816969620                   
GPU 6           73.534            0.000        0.000        0.000        4471001                     471668                      0                           0                           
GPU 7           73.282            0.000        0.000        0.000        4227559                     464038                      0                           0                           
GPU 0           147.878           0.131        0.006        0.063        178654702                   2056814222                  740430334                   889820                      
GPU 1           153.578           0.127        0.007        0.063        996378844                   2260872511                  899713                      794172934                   
GPU 2           71.244            0.000        0.000        0.000        4393495                     3749534                     0                           0                           
GPU 3           71.444            0.000        0.000        0.000        3058060                     1262855                     0                           0                           
GPU 4           146.914           0.124        0.005        0.059        344677435                   3981976099                  740994618                   890927                      
GPU 5           150.073           0.127        0.006        0.061        979629535                   2189762851                  891430                      739653844                   
GPU 6           73.584            0.000        0.000        0.000        713696                      3660427                     0                           0                           
GPU 7           73.336            0.000        0.000        0.000        2232054                     1779250                     0                           0                           
GPU 0           149.905           0.130        0.006        0.063        178620098                   2129394730                  784759437                   898278                      
GPU 1           154.076           0.128        0.006        0.063        966923071                   2207124125                  886790                      738928378                   
GPU 2           71.354            0.000        0.000        0.000        732399                      496127                      0                           0                           
GPU 3           71.450            0.000        0.000        0.000        4156087                     3504717                     0                           0                           
GPU 4           149.048           0.126        0.006        0.061        333421759                   4070990346                  782115517                   895716                      
GPU 5           151.946           0.126        0.006        0.060        1062445131                  2585326354                  899325                      789689166                   
GPU 6           73.476            0.000        0.000        0.000        1743285                     1388815                     0                           0                           
GPU 7           73.241            0.000        0.000        0.000        2163401                     3765391                     0                           0                           
GPU 0           149.797           0.133        0.006        0.065        182529210                   2085496677                  734639435                   885399                      
GPU 1           154.076           0.128        0.006        0.061        966923071                   1912116638                  885722                      777476482                   
GPU 2           71.432            0.000        0.000        0.000        4253561                     3629030                     0                           0                           
GPU 3           71.398            0.000        0.000        0.000        516705                      3504717                     0                           0                           
GPU 4           148.416           0.130        0.006        0.063        311522829                   3968926346                  736374278                   885102                      
GPU 5           150.495           0.131        0.007        0.063        1066382571                  3301932107                  888076                      775854139                   
GPU 6           73.642            0.000        0.000        0.000        1743285                     2292320                     0                           0                           
GPU 7           73.347            0.000        0.000        0.000        4407892                     21439                       0                           0                           
GPU 0           149.823           0.130        0.006        0.064        177877843                   2078839713                  771948365                   888509                      
GPU 1           154.130           0.128        0.006        0.063        996175369                   1885751346                  893596                      742392843                   
GPU 2           71.476            0.000        0.000        0.000        3488468                     2927798                     0                           0                           
GPU 3           71.485            0.000        0.000        0.000        4399282                     3759434                     0                           0                           
GPU 4           150.082           0.128        0.006        0.062        345225488                   4112024721                  779446522                   885647                      
GPU 5           150.818           0.127        0.006        0.061        1062609844                  2756389828                  892666                      743268001                   
GPU 6           73.469            0.000        0.000        0.000        4192549                     3574148                     0                           0                           
GPU 7           73.177            0.000        0.000        0.000        203911                      4170221                     0                           0                           
GPU 0           148.991           0.131        0.006        0.063        183179728                   2087884851                  740455487                   892129                      
GPU 1           153.386           0.129        0.007        0.064        998869002                   2234808955                  892362                      740723139                   
GPU 2           71.334            0.000        0.000        0.000        512559                      328604                      0                           0                           
GPU 3           71.460            0.000        0.000        0.000        757476                      502125                      0                           0                           
GPU 4           149.843           0.131        0.006        0.064        331010883                   3938973124                  742187851                   893046                      
GPU 5           150.948           0.127        0.006        0.061        977299182                   2121960809                  885612                      735710453                   
GPU 6           73.469            0.000        0.000        0.000        461188                      266755                      0                           0                           
GPU 7           73.387            0.000        0.000        0.000        4850028                     1249023                     0                           0                           
GPU 0           148.036           0.129        0.006        0.062        177686178                   2109135661                  785172174                   896180                      
GPU 1           153.164           0.126        0.006        0.062        1023782251                  2319916742                  897345                      792573962                   
GPU 2           71.414            0.000        0.000        0.000        4424168                     3771181                     0                           0                           
GPU 3           71.445            0.000        0.000        0.000        4319842                     3682259                     0                           0                           
GPU 4           146.954           0.127        0.006        0.061        358987103                   4242777104                  785926875                   897224                      
GPU 5           150.386           0.128        0.006        0.061        980563934                   2296896439                  906226                      794099202                   
GPU 6           73.565            0.000        0.000        0.000        4470405                     3831551                     0                           0                           
GPU 7           73.328            0.000        0.000        0.000        1592723                     2853603                     0                           0                           
GPU 0           146.832           0.127        0.005        0.060        179050226                   2084449014                  746785597                   896187                      
GPU 1           151.908           0.123        0.006        0.059        1014390919                  1924631803                  894801                      783404437                   
GPU 2           71.314            0.000        0.000        0.000        700301                      456863                      0                           0                           
GPU 3           71.379            0.000        0.000        0.000        2948988                     2445044                     0                           0                           
GPU 4           146.704           0.122        0.005        0.057        330912954                   3906050615                  777483468                   896148                      
GPU 5           149.722           0.128        0.006        0.061        1012684813                  1937271200                  894614                      785306025                   
GPU 6           73.643            0.000        0.000        0.000        1596275                     1252563                     0                           0                           
GPU 7           73.317            0.000        0.000        0.000        3370475                     2000518                     0                           0                           
GPU 0           148.540           0.125        0.006        0.060        183906056                   2056881943                  785953048                   896186                      
GPU 1           154.836           0.128        0.006        0.063        997165796                   2276909368                  895175                      743380388                   
GPU 2           71.395            0.000        0.000        0.000        4323490                     3703852                     0                           0                           
GPU 3           71.360            0.000        0.000        0.000        1185030                     899512                      0                           0                           
GPU 4           149.171           0.125        0.005        0.060        333608118                   3944570404                  744942285                   896789                      
GPU 5           151.597           0.123        0.006        0.058        1032319071                  2736660855                  892851                      742531549                   
GPU 6           73.446            0.000        0.000        0.000        3045455                     2562724                     0                           0                           
GPU 7           73.294            0.000        0.000        0.000        2433317                     1775546                     0                           0                           
GPU 0           148.419           0.129        0.006        0.062        179890810                   2124159209                  739866686                   890416                      
GPU 1           153.358           0.128        0.007        0.063        1046490692                  2253997530                  895168                      787135946                   
GPU 2           71.306            0.000        0.000        0.000        3262042                     2725118                     0                           0                           
GPU 3           71.364            0.000        0.000        0.000        4395498                     3738374                     0                           0                           
GPU 4           149.498           0.131        0.006        0.064        332147027                   3918528937                  739303849                   889026                      
GPU 5           151.493           0.130        0.006        0.062        1025304288                  2773664621                  895635                      791655758                   
GPU 6           73.521            0.000        0.000        0.000        3015327                     2524301                     0                           0                           
GPU 7           73.400            0.000        0.000        0.000        2159689                     3807361                     0                           0                           
#Entity         POWER             SMACT        TENSO        DRAMA        PCITX                       PCIRX                       NVLTX                       NVLRX                       
ID               W                                                                                                                                                                       
GPU 0           149.149           0.129        0.006        0.063        179745647                   2111017075                  741247535                   890940                      
GPU 1           154.427           0.128        0.007        0.063        962684332                   1901933322                  891921                      738856255                   
GPU 2           71.261            0.000        0.000        0.000        1194920                     935787                      0                           0                           
GPU 3           71.363            0.000        0.000        0.000        286645                      94849                       0                           0                           
GPU 4           149.996           0.129        0.006        0.063        329899453                   3683210497                  792257358                   896138                      
GPU 5           151.612           0.128        0.006        0.062        1008107644                  2571507316                  892583                      741048619                   
GPU 6           73.546            0.000        0.000        0.000        1639629                     1328891                     0                           0                           
GPU 7           73.258            0.000        0.000        0.000        4433100                     430176                      0                           0                           
GPU 0           149.429           0.131        0.006        0.064        178058273                   2076755949                  785277416                   896197                      
GPU 1           154.163           0.129        0.007        0.064        972151660                   1944178126                  890331                      740464015                   
GPU 2           71.308            0.000        0.000        0.000        499978                      3531551                     0                           0                           
GPU 3           71.490            0.000        0.000        0.000        4457570                     3805204                     0                           0                           
GPU 4           150.113           0.131        0.006        0.062        310995383                   4151263651                  741487105                   892487                      
GPU 5           150.766           0.128        0.006        0.061        992235600                   2356665616                  891038                      739097925                   
GPU 6           73.441            0.000        0.000        0.000        4427412                     3783844                     0                           0                           
GPU 7           73.232            0.000        0.000        0.000        4239803                     3621389                     0                           0                           
GPU 0           152.823           0.130        0.006        0.063        192485892                   2088623772                  754134024                   905094                      
GPU 1           154.133           0.127        0.006        0.062        1035120231                  2113364084                  900574                      783219281                   
GPU 2           71.334            0.000        0.000        0.000        4431871                     309735                      0                           0                           
GPU 3           71.462            0.000        0.000        0.000        1703176                     1335385                     0                           0                           
GPU 4           151.281           0.129        0.006        0.067        323948983                   3837380846                  777757674                   912478                      
GPU 5           152.721           0.131        0.007        0.063        1015584170                  1803938098                  916126                      804340541                   
GPU 6           73.522            0.000        0.000        0.000        667271                      3745486                     0                           0                           
GPU 7           73.308            0.000        0.000        0.000        1724185                     1366389                     0                           0                           
GPU 0           152.624           0.133        0.007        0.065        212660565                   2217099652                  861319881                   990918                      
GPU 1           156.569           0.140        0.007        0.070        1032308531                  1972706554                  947068                      789133703                   
GPU 2           71.314            0.000        0.000        0.000        1125893                     3791112                     0                           0                           
GPU 3           71.465            0.000        0.000        0.000        3090611                     3188171                     0                           0                           
GPU 4           154.653           0.137        0.006        0.069        274011635                   3283450739                  867517186                   1000052                     
GPU 5           155.790           0.142        0.007        0.069        1067597555                  2027024685                  958545                      838834399                   
GPU 6           73.359            0.000        0.000        0.000        2991426                     2487106                     0                           0                           
GPU 7           73.165            0.000        0.000        0.000        2717864                     2268730                     0                           0                           
GPU 0           151.644           0.145        0.006        0.070        177213828                   2466851697                  768888427                   925342                      
GPU 1           153.747           0.136        0.007        0.067        1092396205                  2056153553                  975469                      851567765                   
GPU 2           71.316            0.000        0.000        0.000        3676743                     831099                      0                           0                           
GPU 3           71.463            0.000        0.000        0.000        3798367                     319669                      0                           0                           
GPU 4           150.111           0.142        0.006        0.062        311922468                   3688890524                  750788123                   903829                      
GPU 5           153.306           0.136        0.007        0.065        1030538769                  1934560217                  958583                      798335108                   
GPU 6           73.430            0.000        0.000        0.000        1218340                     965587                      0                           0                           
GPU 7           73.263            0.000        0.000        0.000        4143363                     3533413                     0                           0                           
GPU 0           153.580           0.135        0.006        0.065        195064297                   2068321207                  839294135                   968226                      
GPU 1           157.176           0.130        0.007        0.064        1000459001                  1831725588                  919072                      763717457                   
GPU 2           71.307            0.000        0.000        0.000        3489537                     3121795                     0                           0                           
GPU 3           71.483            0.000        0.000        0.000        512518                      3784908                     0                           0                           
GPU 4           151.784           0.128        0.006        0.068        271063210                   3227348694                  860992193                   987883                      
GPU 5           154.761           0.136        0.007        0.065        1057456626                  2005267866                  947221                      820235458                   
GPU 6           73.694            0.000        0.000        0.000        4238570                     3616515                     0                           0                           
GPU 7           73.222            0.000        0.000        0.000        435936                      242504                      0                           0                           
GPU 0           153.580           0.141        0.006        0.068        195064297                   2255550580                  834890492                   1005063                     
GPU 1           157.176           0.130        0.007        0.068        1109983444                  1831725588                  1012572                     882593607                   
GPU 2           71.200            0.000        0.000        0.000        3489537                     2924835                     0                           0                           
GPU 3           71.483            0.000        0.000        0.000        4446206                     843383                      0                           0                           
GPU 4           153.580           0.140        0.006        0.068        271063210                   3227348694                  836010987                   987883                      
GPU 5           156.122           0.146        0.007        0.071        1071944490                  2005267866                  1005640                     836078317                   
GPU 6           73.528            0.000        0.000        0.000        4238570                     3616515                     0                           0                           
GPU 7           73.280            0.000        0.000        0.000        435936                      4193138                     0                           0                           
GPU 0           153.207           0.141        0.006        0.067        204744731                   2398158611                  886481540                   1014638                     
GPU 1           157.964           0.138        0.007        0.067        1078320065                  1867085921                  1011892                     877387521                   
GPU 2           71.381            0.000        0.000        0.000        535148                      342984                      0                           0                           
GPU 3           71.471            0.000        0.000        0.000        1138916                     3121602                     0                           0                           
GPU 4           153.168           0.142        0.006        0.069        260630876                   3132453494                  883175831                   1004686                     
GPU 5           154.965           0.142        0.007        0.068        1107255422                  1802718050                  1011006                     879640721                   
GPU 6           73.419            0.000        0.000        0.000        4883735                     204391                      0                           0                           
GPU 7           73.332            0.000        0.000        0.000        1500447                     1167865                     0                           0                           
GPU 0           154.726           0.144        0.006        0.069        210708430                   2430844794                  833300782                   1003090                     
GPU 1           160.169           0.142        0.007        0.070        1127144496                  2081530207                  1003950                     834318216                   
GPU 2           71.231            0.000        0.000        0.000        4326021                     3688485                     0                           0                           
GPU 3           71.310            0.000        0.000        0.000        3696895                     3100911                     0                           0                           
GPU 4           155.766           0.140        0.006        0.067        258564133                   3068067347                  834042609                   1012952                     
GPU 5           154.648           0.142        0.007        0.068        1057604715                  1818087674                  1004154                     834156241                   
GPU 6           73.458            0.000        0.000        0.000        1220628                     4189053                     0                           0                           
GPU 7           73.276            0.000        0.000        0.000        2706907                     2260909                     0                           0                           
GPU 0           154.872           0.149        0.007        0.072        204226141                   2443738722                  884261799                   1014590                     
GPU 1           158.459           0.144        0.008        0.072        1068926707                  1956970888                  1014692                     885287531                   
GPU 2           71.448            0.000        0.000        0.000        3225097                     149155                      0                           0                           
GPU 3           71.436            0.000        0.000        0.000        3695463                     445445                      0                           0                           
GPU 4           155.798           0.145        0.007        0.071        249994426                   3069587215                  892308330                   1003876                     
GPU 5           155.783           0.145        0.007        0.070        1119159461                  1995670653                  1014640                     885096156                   
GPU 6           73.403            0.000        0.000        0.000        3672537                     920474                      0                           0                           
GPU 7           73.321            0.000        0.000        0.000        488339                      3858993                     0                           0                           
GPU 0           154.827           0.147        0.007        0.072        204376371                   2394605093                  873527329                   996875                      
GPU 1           159.009           0.141        0.007        0.070        1103083920                  1870771889                  996324                      869647939                   
GPU 2           71.357            0.000        0.000        0.000        532239                      344732                      0                           0                           
GPU 3           71.390            0.000        0.000        0.000        4158136                     3506331                     0                           0                           
GPU 4           155.466           0.146        0.007        0.072        272255888                   3289000791                  865868720                   992607                      
GPU 5           155.982           0.143        0.007        0.069        1108103665                  1864377811                  996319                      875242629                   
GPU 6           73.477            0.000        0.000        0.000        2765589                     1313352                     0                           0                           
GPU 7           73.243            0.000        0.000        0.000        4862427                     4179440                     0                           0                           
GPU 0           154.414           0.148        0.007        0.072        220105773                   2551566513                  868398407                   998603                      
GPU 1           161.048           0.148        0.008        0.075        1054060732                  1927659643                  990959                      824181477                   
GPU 2           71.371            0.000        0.000        0.000        4118249                     3473102                     0                           0                           
GPU 3           71.455            0.000        0.000        0.000        508856                      307095                      0                           0                           
GPU 4           156.232           0.146        0.007        0.072        267472755                   3274208740                  876547609                   1001556                     
GPU 5           156.951           0.147        0.008        0.072        1099455769                  1846086344                  999388                      872454541                   
GPU 6           73.466            0.000        0.000        0.000        1635664                     3819285                     0                           0                           
GPU 7           73.231            0.000        0.000        0.000        706066                      464517                      0                           0                           
GPU 0           154.414           0.148        0.007        0.072        202018382                   2551566513                  868398407                   998603                      
GPU 1           158.837           0.143        0.008        0.075        1113628099                  1927659643                  990959                      824181477                   
GPU 2           71.371            0.000        0.000        0.000        506256                      3473102                     0                           0                           
GPU 3           71.455            0.000        0.000        0.000        508856                      3773608                     0                           0                           
GPU 4           156.232           0.146        0.007        0.070        267472755                   3262919087                  876547609                   1001556                     
GPU 5           156.951           0.147        0.008        0.072        1099455769                  2153881090                  999388                      872454541                   
GPU 6           73.466            0.000        0.000        0.000        4450242                     3819285                     0                           0                           
GPU 7           73.231            0.000        0.000        0.000        4262733                     464517                      0                           0                           
GPU 0           151.363           0.148        0.007        0.072        215416848                   2359110440                  827898551                   994599                      
GPU 1           159.275           0.143        0.007        0.071        1102154183                  1873560553                  1002614                     866356779                   
GPU 2           71.371            0.000        0.000        0.000        4438992                     311824                      0                           0                           
GPU 3           71.324            0.000        0.000        0.000        1545151                     1198469                     0                           0                           
GPU 4           154.860           0.144        0.007        0.070        271382358                   3277260150                  827223667                   1010910                     
GPU 5           156.586           0.143        0.007        0.076        1154835794                  1877202021                  1094835                     909711665                   
GPU 6           73.438            0.000        0.000        0.000        665085                      3745647                     0                           0                           
GPU 7           73.270            0.000        0.000        0.000        1716592                     1358313                     0                           0                           
#Entity         POWER             SMACT        TENSO        DRAMA        PCITX                       PCIRX                       NVLTX                       NVLRX                       
ID               W                                                                                                                                                                       
GPU 0           154.996           0.147        0.006        0.071        205922605                   2482933631                  879589318                   1008327                     
GPU 1           160.549           0.143        0.007        0.070        1061624992                  1789719012                  1002200                     833197235                   
GPU 2           71.314            0.000        0.000        0.000        1220602                     3799685                     0                           0                           
GPU 3           71.429            0.000        0.000        0.000        2978953                     2489836                     0                           0                           
GPU 4           154.695           0.143        0.007        0.068        270408595                   3252957252                  886271713                   1013510                     
GPU 5           158.033           0.144        0.007        0.070        1107447702                  1862442244                  1008620                     880234124                   
GPU 6           73.422            0.000        0.000        0.000        4338475                     1818572                     0                           0                           
GPU 7           73.315            0.000        0.000        0.000        2737218                     2303812                     0                           0                           
GPU 0           156.361           0.140        0.007        0.065        211133886                   2410042833                  832313308                   1002588                     
GPU 1           158.471           0.142        0.007        0.070        1112681134                  1808618525                  1014602                     883593281                   
GPU 2           71.385            0.000        0.000        0.000        3678486                     923789                      0                           0                           
GPU 3           71.391            0.000        0.000        0.000        4166516                     3521442                     0                           0                           
GPU 4           153.058           0.142        0.006        0.071        267446987                   3199020947                  884551726                   998390                      
GPU 5           155.301           0.144        0.007        0.069        1108135828                  1953104755                  1012596                     878934915                   
GPU 6           73.570            0.000        0.000        0.000        2234505                     1845082                     0                           0                           
GPU 7           73.190            0.000        0.000        0.000        4132358                     3503988                     0                           0                           
GPU 0           152.993           0.150        0.007        0.073        203366887                   2354636888                  867785740                   1005802                     
GPU 1           158.525           0.147        0.008        0.074        1100074441                  1884469117                  1003916                     874041675                   
GPU 2           71.176            0.000        0.000        0.000        3788821                     3184268                     0                           0                           
GPU 3           71.382            0.000        0.000        0.000        522460                      326996                      0                           0                           
GPU 4           154.474           0.142        0.006        0.069        265084849                   3158084568                  880931603                   1009395                     
GPU 5           155.763           0.142        0.007        0.068        1106876228                  1949093154                  1006214                     869110577                   
GPU 6           73.595            0.000        0.000        0.000        2226046                     3647475                     0                           0                           
GPU 7           73.254            0.000        0.000        0.000        418384                      224914                      0                           0                           
GPU 0           153.489           0.145        0.006        0.070        190793324                   2230347412                  832993616                   1003347                     
GPU 1           158.127           0.138        0.007        0.067        1067302738                  2078888837                  1003286                     833748270                   
GPU 2           71.341            0.000        0.000        0.000        504698                      314977                      0                           0                           
GPU 3           71.318            0.000        0.000        0.000        4451535                     3791796                     0                           0                           
GPU 4           154.245           0.142        0.006        0.068        259209842                   3100048898                  833548280                   1003106                     
GPU 5           155.448           0.140        0.007        0.067        1070662751                  1993691002                  1002580                     833471593                   
GPU 6           73.566            0.000        0.000        0.000        4275302                     187622                      0                           0                           
GPU 7           73.250            0.000        0.000        0.000        4380774                     3742446                     0                           0                           
GPU 0           153.109           0.146        0.006        0.070        199007269                   2291030428                  831368859                   1000844                     
GPU 1           158.816           0.141        0.007        0.075        1161694287                  1927976098                  1092505                     906771673                   
GPU 2           71.412            0.000        0.000        0.000        4277037                     3651435                     0                           0                           
GPU 3           71.353            0.000        0.000        0.000        723148                      476859                      0                           0                           
GPU 4           154.214           0.144        0.006        0.070        255806275                   3030966101                  832633790                   1000969                     
GPU 5           156.607           0.143        0.007        0.069        1078266735                  2081721646                  1002054                     831181804                   
GPU 6           73.510            0.000        0.000        0.000        384154                      3784819                     0                           0                           
GPU 7           73.207            0.000        0.000        0.000        1760186                     1405767                     0                           0                           
GPU 0           154.815           0.146        0.006        0.070        190705925                   2230934912                  833270326                   1002060                     
GPU 1           157.641           0.141        0.007        0.070        1106733652                  1839116705                  1006751                     874463689                   
GPU 2           71.284            0.000        0.000        0.000        387819                      199674                      0                           0                           
GPU 3           71.355            0.000        0.000        0.000        4281483                     2748171                     0                           0                           
GPU 4           154.410           0.144        0.006        0.070        255965815                   3076490026                  831638288                   1001965                     
GPU 5           156.556           0.145        0.007        0.070        1071928791                  2046537674                  1001015                     831518732                   
GPU 6           73.522            0.000        0.000        0.000        1610323                     1271492                     0                           0                           
GPU 7           73.203            0.000        0.000        0.000        2979119                     2515014                     0                           0                           
GPU 0           153.453           0.145        0.007        0.069        204478053                   2352521965                  878905028                   1005756                     
GPU 1           158.055           0.142        0.007        0.070        1066946463                  1936337767                  1002705                     833525066                   
GPU 2           71.386            0.000        0.000        0.000        4439644                     3792534                     0                           0                           
GPU 3           71.375            0.000        0.000        0.000        3303220                     499352                      0                           0                           
GPU 4           153.584           0.143        0.007        0.069        260869417                   3089916043                  885592002                   1009735                     
GPU 5           155.875           0.142        0.007        0.069        1121442947                  1871519385                  1010295                     886074417                   
GPU 6           73.655            0.000        0.000        0.000        3058217                     2573165                     0                           0                           
GPU 7           73.286            0.000        0.000        0.000        4090075                     3467000                     0                           0                           
GPU 0           153.174           0.145        0.006        0.069        208009204                   2415062269                  834159822                   1003853                     
GPU 1           158.617           0.143        0.007        0.070        1062796031                  1843090480                  1003670                     833658282                   
GPU 2           71.235            0.000        0.000        0.000        1233692                     940750                      0                           0                           
GPU 3           71.379            0.000        0.000        0.000        732000                      3720895                     0                           0                           
GPU 4           152.863           0.143        0.006        0.069        257649652                   3098936609                  832695191                   1003202                     
GPU 5           155.588           0.143        0.007        0.069        1056071668                  1777855921                  1003193                     833637030                   
GPU 6           73.788            0.000        0.000        0.000        2995648                     2489385                     0                           0                           
GPU 7           73.272            0.000        0.000        0.000        507822                      317061                      0                           0                           
GPU 0           153.174           0.144        0.006        0.069        210847684                   2448520922                  833410553                   1002769                     
GPU 1           157.691           0.141        0.007        0.071        1111886743                  1843090480                  1001503                     875069082                   
GPU 2           71.340            0.000        0.000        0.000        3805991                     3144973                     0                           0                           
GPU 3           71.420            0.000        0.000        0.000        4381130                     86230                       0                           0                           
GPU 4           153.251           0.142        0.006        0.069        259658292                   3115416186                  833840128                   1003330                     
GPU 5           156.569           0.141        0.007        0.068        1096399468                  1742645418                  1002043                     875369142                   
GPU 6           73.515            0.000        0.000        0.000        1634618                     1312831                     0                           0                           
GPU 7           73.272            0.000        0.000        0.000        704156                      3747671                     0                           0                           
GPU 0           154.543           0.144        0.007        0.073        205918548                   2441686464                  866108485                   1000468                     
GPU 1           159.743           0.146        0.007        0.070        1070661930                  2026854222                  996322                      828928215                   
GPU 2           71.399            0.000        0.000        0.000        542123                      359280                      0                           0                           
GPU 3           71.270            0.000        0.000        0.000        277747                      4254644                     0                           0                           
GPU 4           153.711           0.141        0.006        0.069        253297606                   3008974908                  872183623                   998357                      
GPU 5           155.079           0.145        0.007        0.070        1048526099                  1742874119                  997848                      829568558                   
GPU 6           73.499            0.000        0.000        0.000        4368077                     3730290                     0                           0                           
GPU 7           73.233            0.000        0.000        0.000        4209543                     462132                      0                           0                           
GPU 0           155.357           0.150        0.007        0.072        216772483                   2418720718                  827926848                   998089                      
GPU 1           161.286           0.142        0.008        0.073        1108241982                  1878618418                  1010187                     874099056                   
GPU 2           71.295            0.000        0.000        0.000        4166698                     3526836                     0                           0                           
GPU 3           71.210            0.000        0.000        0.000        4961423                     2701978                     0                           0                           
GPU 4           155.468           0.146        0.007        0.072        254037527                   3052198086                  879746240                   1007297                     
GPU 5           157.982           0.143        0.007        0.069        1106475551                  1850752849                  1009046                     876918834                   
GPU 6           73.388            0.000        0.000        0.000        679560                      441539                      0                           0                           
GPU 7           73.169            0.000        0.000        0.000        1720620                     3602773                     0                           0                           
GPU 0           155.183           0.148        0.007        0.073        204898538                   2499684934                  885054345                   1011939                     
GPU 1           161.182           0.142        0.007        0.070        1063455612                  1907823305                  1003903                     834055556                   
GPU 2           71.412            0.000        0.000        0.000        470097                      273568                      0                           0                           
GPU 3           71.306            0.000        0.000        0.000        3251806                     344712                      0                           0                           
GPU 4           153.944           0.145        0.006        0.071        252138197                   2988524983                  834144936                   1004114                     
GPU 5           158.965           0.144        0.007        0.069        1077984976                  2042472226                  1003951                     834207701                   
GPU 6           73.452            0.000        0.000        0.000        4297185                     3689873                     0                           0                           
GPU 7           73.227            0.000        0.000        0.000        2776867                     1361443                     0                           0                           
