#Entity         POWER             SMACT        TENSO        DRAMA        PCITX                       PCIRX                       NVLTX                       NVLRX                       
ID               W                                                                                                                                                                       
GPU 0           112.276           0.152        0.012        0.085        346253439                   4095418240                  2504100947                  1311317                     
GPU 1           116.784           0.174        0.014        0.096        3409657088                  1361778550                  1464365                     3025514702                  
GPU 2           71.195            0.000        0.000        0.000        3871029                     3269367                     0                           0                           
GPU 3           71.336            0.000        0.000        0.000        516664                      316496                      0                           0                           
GPU 4           116.255           0.301        0.027        0.164        849033313                   10188916265                 6747244035                  2117252                     
GPU 5           120.425           0.107        0.008        0.059        1904950646                  922382553                   962175                      1675158859                  
GPU 6           73.487            0.000        0.000        0.000        2427684                     2017150                     0                           0                           
GPU 7           73.181            0.000        0.000        0.000        458567                      264658                      0                           0                           
GPU 0           102.927           0.000        0.000        0.000        2704550                     2206245                     0                           0                           
GPU 1           105.173           0.000        0.000        0.000        2870594                     2350637                     0                           0                           
GPU 2           71.091            0.000        0.000        0.000        522494                      342739                      0                           0                           
GPU 3           71.298            0.000        0.000        0.000        2785682                     2328285                     0                           0                           
GPU 4           102.598           0.013        0.001        0.007        31571032                    351271372                   92885544                    120544                      
GPU 5           106.684           0.000        0.000        0.000        2371010                     1917392                     0                           0                           
GPU 6           73.473            0.000        0.000        0.000        2554875                     2116106                     0                           0                           
GPU 7           73.170            0.000        0.000        0.000        3020155                     2546432                     0                           0                           
GPU 0           102.824           0.000        0.000        0.000        4068763                     3370632                     0                           0                           
GPU 1           104.935           0.000        0.000        0.000        4043387                     3360492                     0                           0                           
GPU 2           71.114            0.000        0.000        0.000        4309731                     3651533                     0                           0                           
GPU 3           71.355            0.000        0.000        0.000        4323379                     3660985                     0                           0                           
GPU 4           102.455           0.000        0.000        0.000        4361310                     3570918                     0                           0                           
GPU 5           106.407           0.000        0.000        0.000        4119586                     3359184                     0                           0                           
GPU 6           73.551            0.000        0.000        0.000        4000331                     3371954                     0                           0                           
GPU 7           73.207            0.000        0.000        0.000        3965677                     3337311                     0                           0                           
GPU 0           102.824           0.000        0.000        0.000        4068763                     3370632                     0                           0                           
GPU 1           104.935           0.000        0.000        0.000        3019098                     3360492                     0                           0                           
GPU 2           71.114            0.000        0.000        0.000        4309731                     3651533                     0                           0                           
GPU 3           71.355            0.000        0.000        0.000        4323379                     91947                       0                           0                           
GPU 4           102.455           0.000        0.000        0.000        4361310                     3570918                     0                           0                           
GPU 5           106.407           0.000        0.000        0.000        4119586                     3359184                     0                           0                           
GPU 6           73.551            0.000        0.000        0.000        4000331                     3371954                     0                           0                           
GPU 7           73.207            0.000        0.000        0.000        3965677                     3337311                     0                           0                           
GPU 0           102.371           0.000        0.000        0.000        3648847                     2956116                     0                           0                           
GPU 1           104.610           0.000        0.000        0.000        4714525                     3829969                     0                           0                           
GPU 2           71.146            0.000        0.000        0.000        3576845                     2995135                     0                           0                           
GPU 3           71.427            0.000        0.000        0.000        7241006                     6220187                     0                           0                           
GPU 4           102.117           0.000        0.000        0.000        3538617                     2880830                     0                           0                           
GPU 5           106.046           0.000        0.000        0.000        2883791                     2314470                     0                           0                           
GPU 6           73.551            0.000        0.000        0.000        6892670                     1110695                     0                           0                           
GPU 7           73.204            0.000        0.000        0.000        2240298                     1825428                     0                           0                           
GPU 0           102.371           0.000        0.000        0.000        5707020                     2956116                     0                           0                           
GPU 1           104.610           0.000        0.000        0.000        4714525                     3829969                     0                           0                           
GPU 2           71.146            0.000        0.000        0.000        5418126                     2995135                     0                           0                           
GPU 3           71.427            0.000        0.000        0.000        7241006                     6220187                     0                           0                           
GPU 4           102.117           0.000        0.000        0.000        3538617                     3769223                     0                           0                           
GPU 5           106.046           0.000        0.000        0.000        2883791                     4484974                     0                           0                           
GPU 6           73.551            0.000        0.000        0.000        6892670                     1110695                     0                           0                           
GPU 7           73.204            0.000        0.000        0.000        5514604                     1825428                     0                           0                           
GPU 0           102.235           0.000        0.000        0.000        7180358                     4680642                     0                           0                           
GPU 1           104.422           0.000        0.000        0.000        5727862                     4757790                     0                           0                           
GPU 2           71.149            0.000        0.000        0.000        6224878                     4639991                     0                           0                           
GPU 3           71.297            0.000        0.000        0.000        4719432                     4024840                     0                           0                           
GPU 4           102.032           0.000        0.000        0.000        4501148                     4858421                     0                           0                           
GPU 5           105.776           0.000        0.000        0.000        5337591                     4337917                     0                           0                           
GPU 6           73.533            0.000        0.000        0.000        4712735                     4024629                     0                           0                           
GPU 7           73.196            0.000        0.000        0.000        5981524                     5147880                     0                           0                           
GPU 0           101.882           0.000        0.000        0.000        4645498                     3794286                     0                           0                           
GPU 1           104.464           0.000        0.000        0.000        6156025                     351768                      0                           0                           
GPU 2           71.145            0.000        0.000        0.000        4417922                     5338547                     0                           0                           
GPU 3           71.374            0.000        0.000        0.000        6610323                     5656688                     0                           0                           
GPU 4           101.866           0.000        0.000        0.000        4860129                     4023802                     0                           0                           
GPU 5           105.555           0.000        0.000        0.000        5163246                     6332425                     0                           0                           
GPU 6           73.507            0.000        0.000        0.000        6824584                     3567943                     0                           0                           
GPU 7           73.207            0.000        0.000        0.000        6062469                     5199896                     0                           0                           
GPU 0           101.848           0.000        0.000        0.000        525196                      315012                      0                           0                           
GPU 1           104.236           0.000        0.000        0.000        559102                      3172916                     0                           0                           
GPU 2           71.065            0.000        0.000        0.000        1184896                     3760736                     0                           0                           
GPU 3           71.350            0.000        0.000        0.000        1682816                     1342759                     0                           0                           
GPU 4           101.672           0.000        0.000        0.000        1540576                     1156196                     0                           0                           
GPU 5           105.369           0.000        0.000        0.000        7591703                     330729                      0                           0                           
GPU 6           73.516            0.000        0.000        0.000        4182784                     1583974                     0                           0                           
GPU 7           73.187            0.000        0.000        0.000        2136171                     1747824                     0                           0                           
GPU 0           101.756           0.000        0.000        0.000        4052648                     3351873                     0                           0                           
GPU 1           104.060           0.000        0.000        0.000        3838526                     266297                      0                           0                           
GPU 2           71.109            0.000        0.000        0.000        3673505                     883788                      0                           0                           
GPU 3           71.311            0.000        0.000        0.000        4068303                     3408507                     0                           0                           
GPU 4           101.673           0.000        0.000        0.000        2938806                     2383193                     0                           0                           
GPU 5           105.501           0.000        0.000        0.000        545101                      3522733                     0                           0                           
GPU 6           73.514            0.000        0.000        0.000        1976146                     1920502                     0                           0                           
GPU 7           73.213            0.000        0.000        0.000        3957233                     3325731                     0                           0                           
GPU 0           101.756           0.000        0.000        0.000        282513                      91725                       0                           0                           
GPU 1           103.920           0.000        0.000        0.000        474407                      266297                      0                           0                           
GPU 2           71.104            0.000        0.000        0.000        3732596                     3113949                     0                           0                           
GPU 3           71.311            0.000        0.000        0.000        519856                      316001                      0                           0                           
GPU 4           101.597           0.000        0.000        0.000        2938806                     2967385                     0                           0                           
GPU 5           105.347           0.000        0.000        0.000        4290596                     26206                       0                           0                           
GPU 6           73.525            0.000        0.000        0.000        2332787                     1920502                     0                           0                           
GPU 7           73.168            0.000        0.000        0.000        458573                      262566                      0                           0                           
GPU 0           101.441           0.000        0.000        0.000        6626319                     5520404                     0                           0                           
GPU 1           103.968           0.000        0.000        0.000        6030693                     306339                      0                           0                           
GPU 2           71.153            0.000        0.000        0.000        4613843                     3131379                     0                           0                           
GPU 3           71.357            0.000        0.000        0.000        4582465                     3876695                     0                           0                           
GPU 4           101.592           0.000        0.000        0.000        4566549                     3826909                     0                           0                           
GPU 5           105.387           0.000        0.000        0.000        6056523                     5033911                     0                           0                           
GPU 6           73.503            0.000        0.000        0.000        3499933                     4616513                     0                           0                           
GPU 7           73.196            0.000        0.000        0.000        5134315                     4380691                     0                           0                           
GPU 0           101.400           0.000        0.000        0.000        485363                      277275                      0                           0                           
GPU 1           103.777           0.000        0.000        0.000        514837                      3153830                     0                           0                           
GPU 2           71.084            0.000        0.000        0.000        399344                      3930267                     0                           0                           
GPU 3           71.310            0.000        0.000        0.000        2817454                     2332931                     0                           0                           
GPU 4           101.398           0.000        0.000        0.000        713333                      449824                      0                           0                           
GPU 5           105.174           0.000        0.000        0.000        2055155                     1637415                     0                           0                           
GPU 6           73.550            0.000        0.000        0.000        5357610                     860785                      0                           0                           
GPU 7           73.184            0.000        0.000        0.000        1621170                     1303016                     0                           0                           
GPU 0           101.315           0.000        0.000        0.000        4045776                     3350252                     0                           0                           
GPU 1           103.855           0.000        0.000        0.000        3825794                     260510                      0                           0                           
GPU 2           71.172            0.000        0.000        0.000        4376566                     201768                      0                           0                           
GPU 3           71.351            0.000        0.000        0.000        4065992                     3414091                     0                           0                           
GPU 4           101.243           0.000        0.000        0.000        4164103                     3423882                     0                           0                           
GPU 5           105.101           0.000        0.000        0.000        4075478                     3314044                     0                           0                           
GPU 6           73.503            0.000        0.000        0.000        1160892                     2986069                     0                           0                           
GPU 7           73.208            0.000        0.000        0.000        4196039                     3550938                     0                           0                           
GPU 0           101.319           0.000        0.000        0.000        2832141                     2293143                     0                           0                           
GPU 1           103.729           0.000        0.000        0.000        468079                      3387125                     0                           0                           
GPU 2           71.131            0.000        0.000        0.000        2016374                     1614235                     0                           0                           
GPU 3           71.365            0.000        0.000        0.000        519866                      314435                      0                           0                           
GPU 4           101.107           0.000        0.000        0.000        1986252                     1535645                     0                           0                           
GPU 5           104.896           0.000        0.000        0.000        2031587                     1576592                     0                           0                           
GPU 6           73.558            0.000        0.000        0.000        2132125                     1713799                     0                           0                           
GPU 7           73.192            0.000        0.000        0.000        203870                      22011                       0                           0                           
#Entity         POWER             SMACT        TENSO        DRAMA        PCITX                       PCIRX                       NVLTX                       NVLRX                       
ID               W                                                                                                                                                                       
GPU 0           101.250           0.000        0.000        0.000        1132741                     839218                      0                           0                           
GPU 1           103.548           0.000        0.000        0.000        4070107                     806726                      0                           0                           
GPU 2           71.073            0.000        0.000        0.000        2447155                     3143168                     0                           0                           
GPU 3           71.354            0.000        0.000        0.000        4333921                     3678855                     0                           0                           
GPU 4           101.126           0.000        0.000        0.000        2364725                     1898770                     0                           0                           
GPU 5           104.884           0.000        0.000        0.000        1613311                     1244314                     0                           0                           
GPU 6           73.537            0.000        0.000        0.000        2124076                     1741501                     0                           0                           
GPU 7           73.191            0.000        0.000        0.000        4188654                     3557264                     0                           0                           
GPU 0           118.428           0.000        0.000        0.042        3208595                     2625492                     0                           0                           
GPU 1           104.616           0.000        0.000        0.000        1107878                     537625743                   0                           0                           
GPU 2           71.151            0.000        0.000        0.000        3731976                     311827                      0                           0                           
GPU 3           71.356            0.000        0.000        0.000        299662                      109574                      0                           0                           
GPU 4           101.070           0.000        0.000        0.000        3909388                     3221746                     0                           0                           
GPU 5           104.740           0.000        0.000        0.000        4110712                     3394757                     0                           0                           
GPU 6           73.517            0.000        0.000        0.000        4242436                     3595196                     0                           0                           
GPU 7           73.154            0.000        0.000        0.000        1174404                     887592                      0                           0                           
GPU 0           226.877           0.106        0.070        0.078        1652875803                  7057758391                  17523779241                 298200                      
GPU 1           248.520           0.227        0.003        0.017        19263257320                 50050169                    299782                      17600482101                 
GPU 2           71.226            0.000        0.000        0.000        498924                      3501944                     0                           0                           
GPU 3           71.512            0.000        0.000        0.000        4907323                     2329955                     0                           0                           
GPU 4           177.529           0.145        0.034        0.057        945359681                   11019164902                 9765100665                  397802                      
GPU 5           191.024           0.180        0.044        0.070        13964953675                 371637413                   429233                      12738992451                 
GPU 6           73.432            0.000        0.000        0.000        661112                      429760                      0                           0                           
GPU 7           73.208            0.000        0.000        0.000        1733734                     1379745                     0                           0                           
GPU 0           253.912           0.225        0.105        0.074        1549748063                  19209224113                 16457962214                 272524                      
GPU 1           276.230           0.259        0.070        0.082        17995928179                 44379193                    272506                      16447052674                 
GPU 2           71.312            0.000        0.000        0.000        4144998                     318635                      0                           0                           
GPU 3           71.300            0.000        0.000        0.000        2835494                     318618                      0                           0                           
GPU 4           233.555           0.229        0.075        0.077        1625133758                  18879282829                 17225100111                 289834                      
GPU 5           244.146           0.238        0.082        0.080        18663527443                 36754094                    283462                      17055137515                 
GPU 6           73.300            0.000        0.000        0.000        4822274                     4156117                     0                           0                           
GPU 7           73.012            0.000        0.000        0.000        3063370                     2599876                     0                           0                           
GPU 0           211.697           0.254        0.037        0.115        1539926864                  18045579187                 8825008499                  1056453046                  
GPU 1           218.374           0.254        0.108        0.078        9010507422                  1971005197                  1056690179                  8617889476                  
GPU 2           71.280            0.000        0.000        0.000        510446                      3786539                     0                           0                           
GPU 3           71.242            0.000        0.000        0.000        520898                      3752102                     0                           0                           
GPU 4           257.312           0.257        0.107        0.075        1651486426                  17648542415                 16218748852                 247855759                   
GPU 5           257.547           0.256        0.092        0.084        15395859396                 784552632                   960100020                   14495004338                 
GPU 6           73.414            0.000        0.000        0.000        1211991                     910422                      0                           0                           
GPU 7           73.134            0.000        0.000        0.000        2422520                     1984538                     0                           0                           
GPU 0           211.697           0.255        0.037        0.115        1539926864                  11258637633                 7609295168                  1384806                     
GPU 1           218.374           0.254        0.034        0.116        8458100670                  1971005197                  1388503                     7613436162                  
GPU 2           71.227            0.000        0.000        0.000        510446                      3786539                     0                           0                           
GPU 3           71.242            0.000        0.000        0.000        4408196                     2241881                     0                           0                           
GPU 4           206.846           0.256        0.027        0.075        1651486426                  17648542415                 7625936907                  247855759                   
GPU 5           207.439           0.258        0.023        0.124        8424440886                  784552632                   1394012                     7628104985                  
GPU 6           73.359            0.000        0.000        0.000        1211991                     910422                      0                           0                           
GPU 7           73.134            0.000        0.000        0.000        2422520                     1821378                     0                           0                           
GPU 0           209.702           0.269        0.026        0.133        948390961                   11135101884                 7656294706                  1402384                     
GPU 1           219.414           0.268        0.026        0.133        8538126014                  1715717319                  1396578                     7684600066                  
GPU 2           71.309            0.000        0.000        0.000        536899                      345898                      0                           0                           
GPU 3           71.258            0.000        0.000        0.000        545037                      344724                      0                           0                           
GPU 4           209.354           0.268        0.026        0.133        849064272                   10068409181                 7679963362                  1405086                     
GPU 5           211.386           0.265        0.024        0.128        8468380226                  1735262952                  1392133                     7650694265                  
GPU 6           73.593            0.000        0.000        0.000        2209595                     1821239                     0                           0                           
GPU 7           73.287            0.000        0.000        0.000        4121395                     3496163                     0                           0                           
GPU 0           208.009           0.267        0.026        0.131        949579089                   11142097073                 7666084268                  1398759                     
GPU 1           217.453           0.267        0.025        0.132        8493290685                  1770199181                  1395323                     7638925967                  
GPU 2           71.388            0.000        0.000        0.000        4144012                     3507923                     0                           0                           
GPU 3           71.260            0.000        0.000        0.000        4174995                     3528858                     0                           0                           
GPU 4           206.818           0.264        0.026        0.130        849072969                   10022893669                 7604093906                  1386091                     
GPU 5           210.478           0.263        0.024        0.130        8500293268                  1752013937                  1399289                     7633412988                  
GPU 6           73.453            0.000        0.000        0.000        4181026                     3550046                     0                           0                           
GPU 7           73.281            0.000        0.000        0.000        442125                      243931                      0                           0                           
GPU 0           208.009           0.267        0.026        0.131        949579089                   11142097073                 7366237230                  1378338                     
GPU 1           217.453           0.267        0.025        0.132        8294819909                  1770199181                  1404929                     7477685219                  
GPU 2           71.388            0.000        0.000        0.000        4144012                     3507923                     0                           0                           
GPU 3           71.260            0.000        0.000        0.000        4174995                     274074                      0                           0                           
GPU 4           206.818           0.264        0.026        0.130        849072969                   10022893669                 7685214175                  1386091                     
GPU 5           210.478           0.263        0.024        0.128        8485082012                  1752013937                  1425494                     7692953159                  
GPU 6           73.453            0.000        0.000        0.000        4181026                     3550046                     0                           0                           
GPU 7           73.281            0.000        0.000        0.000        442125                      4169930                     0                           0                           
GPU 0           219.087           0.231        0.054        0.091        2239738519                  14613212560                 10011999965                 322278060                   
GPU 1           232.978           0.253        0.038        0.116        11216529698                 1337536547                  673380117                   10486608503                 
GPU 2           71.085            0.000        0.000        0.000        4185314                     3555368                     0                           0                           
GPU 3           71.191            0.000        0.000        0.000        4437068                     3790399                     0                           0                           
GPU 4           214.172           0.271        0.027        0.091        1957134470                  14810405848                 13843631907                 1248665084                  
GPU 5           223.585           0.266        0.025        0.130        8539348232                  876408388                   1387515461                  14943999356                 
GPU 6           73.631            0.000        0.000        0.000        4280539                     3668534                     0                           0                           
GPU 7           72.983            0.000        0.000        0.000        2404900                     1423773                     0                           0                           
GPU 0           211.017           0.273        0.028        0.126        1344700857                  10368496889                 13973104286                 840227555                   
GPU 1           218.004           0.230        0.053        0.093        14628627365                 1202385910                  1519545354                  14042447636                 
GPU 2           71.318            0.000        0.000        0.000        456468                      260464                      0                           0                           
GPU 3           71.271            0.000        0.000        0.000        216909                      21481                       0                           0                           
GPU 4           210.191           0.252        0.038        0.109        1914712949                  12047809972                 10763357835                 1621106900                  
GPU 5           209.493           0.253        0.034        0.111        10538121069                 1881710470                  1486117584                  10237488505                 
GPU 6           73.578            0.000        0.000        0.000        2057776                     1673035                     0                           0                           
GPU 7           73.316            0.000        0.000        0.000        2995111                     2016994                     0                           0                           
GPU 0           211.017           0.273        0.025        0.126        890163131                   10368496889                 8630621886                  840227555                   
GPU 1           221.811           0.274        0.053        0.093        8967341897                  1202385910                  840156449                   8469222058                  
GPU 2           71.318            0.000        0.000        0.000        1218152                     260464                      0                           0                           
GPU 3           71.271            0.000        0.000        0.000        216909                      3792098                     0                           0                           
GPU 4           210.191           0.252        0.038        0.133        1914712949                  10808478538                 8193300045                  1621106900                  
GPU 5           209.493           0.253        0.034        0.111        10538121069                 1699939339                  1495967                     8194147868                  
GPU 6           73.578            0.000        0.000        0.000        2464391                     1673035                     0                           0                           
GPU 7           73.316            0.000        0.000        0.000        1600001                     2489899                     0                           0                           
GPU 0           212.214           0.281        0.025        0.136        861598609                   10471983841                 8098224859                  1473810                     
GPU 1           223.121           0.282        0.024        0.138        8938063142                  1669446665                  1469030                     8054687864                  
GPU 2           71.002            0.000        0.000        0.000        3692870                     921832                      0                           0                           
GPU 3           71.212            0.000        0.000        0.000        2280814                     1848931                     0                           0                           
GPU 4           210.694           0.281        0.025        0.136        905877477                   10708246499                 8023662671                  1387087                     
GPU 5           212.366           0.276        0.023        0.134        8859619426                  1687956505                  1450708                     7982153325                  
GPU 6           73.423            0.000        0.000        0.000        3017956                     2043371                     0                           0                           
GPU 7           73.156            0.000        0.000        0.000        4378123                     1281363                     0                           0                           
GPU 0           208.811           0.279        0.024        0.137        838360410                   10103591906                 7860782157                  1440730                     
GPU 1           218.585           0.273        0.024        0.135        8508139728                  1706240083                  1394028                     7659833015                  
GPU 2           71.412            0.000        0.000        0.000        3788855                     3132709                     0                           0                           
GPU 3           71.281            0.000        0.000        0.000        2198691                     1800411                     0                           0                           
GPU 4           208.332           0.272        0.024        0.132        965292064                   11414049450                 7617458811                  1399360                     
GPU 5           210.027           0.270        0.023        0.132        8557556882                  1669977260                  1405821                     7706982344                  
GPU 6           73.465            0.000        0.000        0.000        1634667                     2518544                     0                           0                           
GPU 7           73.354            0.000        0.000        0.000        203868                      3739800                     0                           0                           
#Entity         POWER             SMACT        TENSO        DRAMA        PCITX                       PCIRX                       NVLTX                       NVLRX                       
ID               W                                                                                                                                                                       
GPU 0           203.516           0.269        0.023        0.132        792093777                   9839061475                  7627269707                  1386682                     
GPU 1           213.531           0.263        0.023        0.128        8243250889                  1597712173                  1349321                     7421042636                  
GPU 2           71.335            0.000        0.000        0.000        557842                      3196683                     0                           0                           
GPU 3           71.339            0.000        0.000        0.000        4144761                     3496503                     0                           0                           
GPU 4           203.254           0.272        0.024        0.132        981965700                   11577304352                 7683899357                  1314432                     
GPU 5           205.114           0.265        0.022        0.128        8410615820                  1626303798                  1380904                     7573642921                  
GPU 6           73.411            0.000        0.000        0.000        4486890                     1311298                     0                           0                           
GPU 7           73.163            0.000        0.000        0.000        4387674                     20439                       0                           0                           
GPU 0           201.026           0.251        0.028        0.122        1661453214                  9304652400                  7373949121                  1804592833                  
GPU 1           202.483           0.246        0.023        0.118        7939240563                  1403836123                  1264996                     7160682524                  
GPU 2           71.251            0.000        0.000        0.000        3768170                     373835                      0                           0                           
GPU 3           71.331            0.000        0.000        0.000        515129                      326999                      0                           0                           
GPU 4           195.496           0.253        0.023        0.121        920764119                   10854671167                 7286223450                  3095892638                  
GPU 5           198.856           0.225        0.025        0.102        7498703323                  1709224969                  1111433280                  7282682511                  
GPU 6           73.399            0.000        0.000        0.000        669542                      3866942                     0                           0                           
GPU 7           73.246            0.000        0.000        0.000        1496026                     1163844                     0                           0                           
GPU 0           207.408           0.208        0.038        0.096        2458364970                  7912955583                  9679521864                  3042163473                  
GPU 1           206.218           0.189        0.042        0.072        9558415482                  2908219727                  3439611629                  10286161953                 
GPU 2           71.160            0.000        0.000        0.000        509897                      3161661                     0                           0                           
GPU 3           71.106            0.000        0.000        0.000        4178066                     3533513                     0                           0                           
GPU 4           192.109           0.188        0.040        0.072        1833967836                  9547398874                  9894566410                  1919985858                  
GPU 5           195.206           0.184        0.038        0.072        9057844872                  2130292724                  3004180203                  9615914550                  
GPU 6           73.461            0.000        0.000        0.000        4308430                     3700010                     0                           0                           
GPU 7           73.419            0.000        0.000        0.000        2699058                     2253669                     0                           0                           
GPU 0           217.111           0.192        0.027        0.082        1054732687                  9292854858                  9168790177                  1560123                     
GPU 1           235.882           0.248        0.028        0.122        8074487889                  2261954497                  1919595417                  8127232855                  
GPU 2           71.013            0.000        0.000        0.000        4394758                     323337                      0                           0                           
GPU 3           71.024            0.000        0.000        0.000        472172                      271983                      0                           0                           
GPU 4           223.236           0.235        0.028        0.112        1039452349                  9233703761                  7760048123                  1563501                     
GPU 5           223.343           0.287        0.027        0.148        9680659957                  2821762672                  762516228                   9026326060                  
GPU 6           73.407            0.000        0.000        0.000        1601088                     1256064                     0                           0                           
GPU 7           73.260            0.000        0.000        0.000        3577900                     3018788                     0                           0                           
GPU 0           217.111           0.302        0.030        0.159        1714983110                  12396214909                 8554301254                  1588319136                  
GPU 1           208.641           0.226        0.026        0.154        7626554549                  2261954497                  1493191                     8873713257                  
GPU 2           71.057            0.000        0.000        0.000        1106211                     3749194                     0                           0                           
GPU 3           71.024            0.000        0.000        0.000        4452358                     1880228                     0                           0                           
GPU 4           214.095           0.307        0.027        0.098        1039452349                  8304325942                  8005183317                  1563501                     
GPU 5           215.769           0.274        0.026        0.141        9283568635                  2396643859                  394949861                   8509558192                  
GPU 6           73.313            0.000        0.000        0.000        2244371                     1256064                     0                           0                           
GPU 7           73.260            0.000        0.000        0.000        1076958                     821737                      0                           0                           
GPU 0           205.012           0.249        0.035        0.123        1939281830                  9951662749                  8889729244                  2134149997                  
GPU 1           214.715           0.235        0.033        0.100        9034420889                  1658052425                  2804704725                  8189290395                  
GPU 2           71.012            0.000        0.000        0.000        3675814                     828046                      0                           0                           
GPU 3           71.266            0.000        0.000        0.000        2309203                     1339815                     0                           0                           
GPU 4           200.400           0.222        0.032        0.109        1409064650                  10019954848                 8698477309                  1008161635                  
GPU 5           198.416           0.208        0.033        0.087        7033805600                  2407113634                  3291648673                  7886466130                  
GPU 6           73.856            0.000        0.000        0.000        2231537                     1859964                     0                           0                           
GPU 7           73.159            0.000        0.000        0.000        4410720                     3786082                     0                           0                           
GPU 0           222.394           0.213        0.027        0.094        1341704787                  8990742278                  8105317706                  898087288                   
GPU 1           231.210           0.292        0.030        0.108        9822007880                  2479161697                  1008015101                  8640121505                  
GPU 2           71.322            0.000        0.000        0.000        3428203                     3129653                     0                           0                           
GPU 3           71.522            0.000        0.000        0.000        1656573                     3516221                     0                           0                           
GPU 4           206.979           0.239        0.031        0.151        1235154585                  11765074219                 9013534365                  434311555                   
GPU 5           206.977           0.243        0.030        0.112        9401683676                  1827881072                  1008179575                  8961855545                  
GPU 6           73.202            0.000        0.000        0.000        4140236                     3507147                     0                           0                           
GPU 7           72.858            0.000        0.000        0.000        204393                      19915                       0                           0                           
GPU 0           213.889           0.250        0.030        0.125        1786507537                  10010028986                 9141391016                  1544297068                  
GPU 1           225.850           0.247        0.027        0.152        9426894788                  2810413160                  434288592                   9012901644                  
GPU 2           71.361            0.000        0.000        0.000        982347                      2872716                     0                           0                           
GPU 3           71.115            0.000        0.000        0.000        4162870                     312837                      0                           0                           
GPU 4           223.663           0.294        0.027        0.108        2701557878                  10168642642                 10169690318                 3348043352                  
GPU 5           223.124           0.289        0.027        0.148        9749025840                  2745760116                  752756665                   9087850053                  
GPU 6           73.473            0.000        0.000        0.000        503132                      312361                      0                           0                           
GPU 7           73.200            0.000        0.000        0.000        4375981                     3738188                     0                           0                           
GPU 0           211.151           0.283        0.040        0.143        2635719613                  11124855672                 9513318853                  3396608357                  
GPU 1           214.715           0.230        0.040        0.109        8560906115                  2250249821                  3348045098                  10076455442                 
GPU 2           71.275            0.000        0.000        0.000        3901395                     736032                      0                           0                           
GPU 3           71.290            0.000        0.000        0.000        514059                      3701628                     0                           0                           
GPU 4           210.949           0.247        0.041        0.097        2524281716                  9075957466                  9252363785                  3183586946                  
GPU 5           212.148           0.237        0.037        0.103        9232894436                  2370905749                  2691312217                  9605878368                  
GPU 6           73.245            0.000        0.000        0.000        4596391                     3959153                     0                           0                           
GPU 7           73.395            0.000        0.000        0.000        1177866                     885692                      0                           0                           
GPU 0           211.151           0.226        0.040        0.098        2635719613                  9079908593                  10016201764                 2542287438                  
GPU 1           223.013           0.230        0.038        0.098        9625956434                  2250249821                  3183193077                  9236545257                  
GPU 2           71.351            0.000        0.000        0.000        3901395                     3301583                     0                           0                           
GPU 3           71.290            0.000        0.000        0.000        4345640                     264635                      0                           0                           
GPU 4           209.769           0.229        0.038        0.097        2524281716                  9075957466                  9171041290                  3183586946                  
GPU 5           208.378           0.236        0.040        0.101        9156892726                  2370905749                  3728682502                  10022420055                 
GPU 6           73.615            0.000        0.000        0.000        1081590                     3959153                     0                           0                           
GPU 7           73.395            0.000        0.000        0.000        1177866                     3559737                     0                           0                           
GPU 0           198.822           0.272        0.025        0.140        963745843                   11318706450                 8455847210                  1492242                     
GPU 1           205.796           0.222        0.027        0.103        7471124033                  1645443493                  807208371                   9038055994                  
GPU 2           71.050            0.000        0.000        0.000        4448945                     3809639                     0                           0                           
GPU 3           71.520            0.000        0.000        0.000        4472393                     3829961                     0                           0                           
GPU 4           197.311           0.252        0.028        0.121        1506996008                  9598488325                  8101357156                  1255513355                  
GPU 5           201.019           0.224        0.026        0.103        7555757788                  1609597229                  869110645                   8899208858                  
GPU 6           73.425            0.000        0.000        0.000        4089870                     3502234                     0                           0                           
GPU 7           73.405            0.000        0.000        0.000        3016391                     1363559                     0                           0                           
GPU 0           200.347           0.219        0.029        0.103        1738990523                  8166817761                  7629697652                  1908910423                  
GPU 1           213.890           0.231        0.035        0.101        7491949249                  2523617449                  1325399507                  7367077243                  
GPU 2           71.123            0.000        0.000        0.000        205365                      20955                       0                           0                           
GPU 3           71.711            0.000        0.000        0.000        1214808                     904198                      0                           0                           
GPU 4           203.401           0.230        0.034        0.100        2360572582                  8108991340                  8241844713                  3037201239                  
GPU 5           209.162           0.228        0.034        0.099        7407244464                  2507935717                  1255437346                  7409359963                  
GPU 6           73.514            0.000        0.000        0.000        1719100                     1361371                     0                           0                           
GPU 7           73.283            0.000        0.000        0.000        3763255                     2545880                     0                           0                           
GPU 0           213.022           0.220        0.033        0.100        2181329605                  7854631052                  8049244258                  2758141498                  
GPU 1           222.937           0.268        0.025        0.135        9509986428                  1912589350                  3341217190                  8321854723                  
GPU 2           71.233            0.000        0.000        0.000        4450218                     3805639                     0                           0                           
GPU 3           71.221            0.000        0.000        0.000        3708395                     3139530                     0                           0                           
GPU 4           214.621           0.243        0.025        0.117        1009042205                  9379423869                  7637851882                  376019563                   
GPU 5           211.806           0.263        0.024        0.131        9333239837                  1655085808                  3411672568                  8278834259                  
GPU 6           73.409            0.000        0.000        0.000        3084472                     2607474                     0                           0                           
GPU 7           73.091            0.000        0.000        0.000        539222                      3185905                     0                           0                           
GPU 0           204.521           0.268        0.026        0.136        1132228597                  11078637222                 8674023683                  351848729                   
GPU 1           212.445           0.246        0.030        0.117        7856623137                  2497455415                  1476390                     8558488318                  
GPU 2           71.740            0.000        0.000        0.000        1233969                     933338                      0                           0                           
GPU 3           71.103            0.000        0.000        0.000        1776007                     1403941                     0                           0                           
GPU 4           204.058           0.260        0.026        0.128        1092580021                  10058985267                 8083596124                  428291619                   
GPU 5           209.348           0.245        0.029        0.116        7860428292                  2410307709                  1465901                     8414195475                  
GPU 6           73.318            0.000        0.000        0.000        2526377                     2086187                     0                           0                           
GPU 7           73.128            0.000        0.000        0.000        4293835                     344729                      0                           0                           
#Entity         POWER             SMACT        TENSO        DRAMA        PCITX                       PCIRX                       NVLTX                       NVLRX                       
ID               W                                                                                                                                                                       
GPU 0           204.521           0.268        0.026        0.136        1132228597                  11078637222                 7886417722                  2377831612                  
GPU 1           212.445           0.246        0.030        0.117        6382240689                  2497455415                  2161452298                  8072912589                  
GPU 2           71.740            0.000        0.000        0.000        1233969                     933338                      0                           0                           
GPU 3           71.103            0.000        0.000        0.000        1776007                     2653339                     0                           0                           
GPU 4           204.058           0.260        0.026        0.128        1092580021                  10058985267                 8945576619                  428291619                   
GPU 5           209.348           0.245        0.029        0.116        7860428292                  2410307709                  2161302788                  8079416502                  
GPU 6           73.318            0.000        0.000        0.000        2526377                     2086187                     0                           0                           
GPU 7           73.128            0.000        0.000        0.000        4293835                     3683349                     0                           0                           
GPU 0           188.229           0.190        0.031        0.081        634721891                   7519814410                  7674633427                  2389020667                  
GPU 1           181.533           0.163        0.030        0.085        7214258826                  2328623182                  2937157947                  7120548834                  
GPU 2           70.997            0.000        0.000        0.000        3784985                     3184246                     0                           0                           
GPU 3           71.302            0.000        0.000        0.000        3152332                     3504334                     0                           0                           
GPU 4           188.802           0.232        0.038        0.100        3033681015                  8032531516                  6439279998                  4271767843                  
GPU 5           191.982           0.193        0.031        0.083        7692580219                  1684576309                  2307949598                  8056275033                  
GPU 6           73.648            0.000        0.000        0.000        4368118                     1891115                     0                           0                           
GPU 7           73.186            0.000        0.000        0.000        440233                      243462                      0                           0                           
GPU 0           178.908           0.160        0.018        0.070        1145624443                  7519928956                  5262810183                  895531                      
GPU 1           220.787           0.248        0.023        0.068        8145494035                  863727056                   820524                      6536046492                  
GPU 2           71.041            0.000        0.000        0.000        503647                      322837                      0                           0                           
GPU 3           71.329            0.000        0.000        0.000        4157205                     321229                      0                           0                           
GPU 4           176.930           0.167        0.024        0.069        1004257764                  7249453524                  6607288625                  693465954                   
GPU 5           180.065           0.156        0.016        0.078        5451585831                  613733579                   991608                      4936495325                  
GPU 6           73.488            0.000        0.000        0.000        261095                      3735642                     0                           0                           
GPU 7           73.393            0.000        0.000        0.000        4870424                     4192618                     0                           0                           
GPU 0           202.892           0.253        0.024        0.128        927140086                   10785613456                 7802832805                  436939061                   
GPU 1           192.032           0.194        0.023        0.126        6535055482                  1999990618                  397312517                   7497450605                  
GPU 2           71.816            0.000        0.000        0.000        4188702                     3551985                     0                           0                           
GPU 3           71.216            0.000        0.000        0.000        513548                      3717273                     0                           0                           
GPU 4           205.118           0.222        0.020        0.109        772761619                   9151151926                  6423552417                  1195820                     
GPU 5           205.794           0.256        0.024        0.132        8700466840                  1965923897                  436948604                   8028983007                  
GPU 6           73.499            0.000        0.000        0.000        4454792                     75279                       0                           0                           
GPU 7           73.515            0.000        0.000        0.000        723218                      479763                      0                           0                           
GPU 0           197.677           0.195        0.022        0.090        3214229766                  9037537655                  6550872966                  308286449                   
GPU 1           209.308           0.188        0.037        0.074        8158462631                  2726606890                  3526133959                  9008133433                  
GPU 2           71.510            0.000        0.000        0.000        1250133                     958261                      0                           0                           
GPU 3           71.666            0.000        0.000        0.000        2575289                     2116022                     0                           0                           
GPU 4           203.683           0.188        0.031        0.078        1869972603                  8608796707                  8002179477                  2075073401                  
GPU 5           200.438           0.164        0.022        0.077        6273408706                  1232782231                  1236794003                  6261561591                  
GPU 6           73.383            0.000        0.000        0.000        1615507                     1269171                     0                           0                           
GPU 7           72.724            0.000        0.000        0.000        3829493                     1806132                     0                           0                           
GPU 0           178.483           0.200        0.040        0.079        1709246301                  8549898022                  9209605744                  4541323085                  
GPU 1           179.817           0.171        0.026        0.071        5318417748                  2492503085                  2965864432                  6158956001                  
GPU 2           71.278            0.000        0.000        0.000        3711173                     3156302                     0                           0                           
GPU 3           71.259            0.000        0.000        0.000        508709                      310354                      0                           0                           
GPU 4           177.088           0.180        0.029        0.074        2430936346                  6224827937                  6716356189                  3458180152                  
GPU 5           177.678           0.191        0.040        0.079        8045039795                  2734351630                  4468252109                  9374550728                  
GPU 6           73.258            0.000        0.000        0.000        3064094                     2593008                     0                           0                           
GPU 7           73.177            0.000        0.000        0.000        2223958                     1778739                     0                           0                           
GPU 0           173.859           0.157        0.023        0.063        688568565                   5552350477                  5416984319                  2245190652                  
GPU 1           189.014           0.163        0.018        0.072        5312170163                  1292617840                  602486018                   5061079203                  
GPU 2           71.260            0.000        0.000        0.000        3280652                     2733718                     0                           0                           
GPU 3           71.483            0.000        0.000        0.000        4440204                     3785831                     0                           0                           
GPU 4           176.941           0.158        0.019        0.067        1202291537                  5776398500                  5022295936                  1285504290                  
GPU 5           179.508           0.131        0.019        0.060        4585981487                  1124055712                  1556733186                  4884401924                  
GPU 6           73.319            0.000        0.000        0.000        3007932                     2512200                     0                           0                           
GPU 7           73.026            0.000        0.000        0.000        2161320                     3730998                     0                           0                           
GPU 0           173.859           0.157        0.018        0.063        688568565                   5552350477                  5416984319                  2245190652                  
GPU 1           189.014           0.163        0.018        0.072        5312170163                  1292617840                  602486018                   5061079203                  
GPU 2           71.260            0.000        0.000        0.000        1149482                     2733718                     0                           0                           
GPU 3           71.483            0.000        0.000        0.000        4440204                     3785831                     0                           0                           
GPU 4           176.941           0.158        0.019        0.134        1202291537                  10574643419                 5022295936                  1285504290                  
GPU 5           179.508           0.131        0.019        0.060        4585981487                  1255587959                  1556733186                  4884401924                  
GPU 6           73.319            0.000        0.000        0.000        3007932                     2512200                     0                           0                           
GPU 7           73.026            0.000        0.000        0.000        4353617                     3730998                     0                           0                           
GPU 0           183.922           0.236        0.024        0.118        1288340630                  9191489433                  7143703974                  924948595                   
GPU 1           206.518           0.260        0.025        0.133        8410767194                  2128580759                  675836480                   7867396418                  
GPU 2           71.226            0.000        0.000        0.000        4141697                     3497619                     0                           0                           
GPU 3           71.683            0.000        0.000        0.000        216298                      20949                       0                           0                           
GPU 4           198.298           0.262        0.024        0.096        1990742177                  7445927369                  7839775353                  2466695752                  
GPU 5           202.179           0.219        0.023        0.112        7123025071                  1757879311                  941121576                   6854988631                  
GPU 6           73.511            0.000        0.000        0.000        1661745                     3744463                     0                           0                           
GPU 7           73.159            0.000        0.000        0.000        1358752                     1046403                     0                           0                           
GPU 0           183.922           0.169        0.028        0.068        2090803605                  6374446633                  6674591640                  2821118183                  
GPU 1           192.294           0.168        0.026        0.075        5232587750                  2128580759                  2935973903                  6084359258                  
GPU 2           71.042            0.000        0.000        0.000        502069                      311304                      0                           0                           
GPU 3           71.112            0.000        0.000        0.000        4452848                     3794565                     0                           0                           
GPU 4           185.812           0.209        0.027        0.065        1617443994                  7038069520                  6747477768                  1834579497                  
GPU 5           186.092           0.171        0.030        0.069        6786896489                  1701693063                  2704459760                  7419147877                  
GPU 6           73.635            0.000        0.000        0.000        4383302                     78614                       0                           0                           
GPU 7           73.077            0.000        0.000        0.000        2998346                     2516188                     0                           0                           
GPU 0           174.976           0.170        0.025        0.070        1468639490                  7196141431                  6430860523                  1545662048                  
GPU 1           188.332           0.147        0.026        0.064        6622615974                  917984861                   1476008755                  6708880105                  
GPU 2           71.568            0.000        0.000        0.000        4324141                     3679607                     0                           0                           
GPU 3           71.061            0.000        0.000        0.000        1727908                     1356314                     0                           0                           
GPU 4           177.129           0.164        0.027        0.082        1361252707                  7231207142                  6798197705                  1337120089                  
GPU 5           184.867           0.161        0.022        0.070        5279557519                  1335122168                  1804429273                  5624880185                  
GPU 6           73.199            0.000        0.000        0.000        269194                      4257993                     0                           0                           
GPU 7           73.051            0.000        0.000        0.000        3045342                     2547480                     0                           0                           
GPU 0           207.319           0.176        0.019        0.080        954799734                   6575569683                  5401757745                  716582185                   
GPU 1           214.904           0.153        0.018        0.075        5258845181                  1550566827                  668397360                   5069923298                  
GPU 2           71.412            0.000        0.000        0.000        771703                      529754                      0                           0                           
GPU 3           71.131            0.000        0.000        0.000        3060912                     3172617                     0                           0                           
GPU 4           195.842           0.213        0.021        0.103        947131365                   8223209749                  6379613537                  441617414                   
GPU 5           191.494           0.207        0.020        0.100        6880598890                  1240565230                  331449223                   6365370062                  
GPU 6           73.640            0.000        0.000        0.000        1929098                     1551745                     0                           0                           
GPU 7           73.517            0.000        0.000        0.000        1576450                     1257282                     0                           0                           
GPU 0           174.239           0.258        0.024        0.132        915415504                   10712990012                 8007568789                  1350380                     
GPU 1           187.074           0.247        0.024        0.129        8331115889                  857320405                   384573925                   7693093498                  
GPU 2           71.218            0.000        0.000        0.000        4296197                     3670226                     0                           0                           
GPU 3           71.428            0.000        0.000        0.000        3786181                     319104                      0                           0                           
GPU 4           194.253           0.218        0.022        0.106        977030838                   8750722259                  6701765808                  410838371                   
GPU 5           200.901           0.209        0.021        0.102        7041484703                  1243477652                  410822611                   6550238292                  
GPU 6           73.552            0.000        0.000        0.000        2215877                     1841673                     0                           0                           
GPU 7           72.952            0.000        0.000        0.000        4413135                     3795338                     0                           0                           
GPU 0           190.299           0.168        0.020        0.074        1082629922                  6424696811                  5538846521                  967515658                   
GPU 1           197.341           0.167        0.020        0.083        6112115747                  815194718                   410651442                   5730363694                  
GPU 2           71.094            0.000        0.000        0.000        3492776                     2925494                     0                           0                           
GPU 3           71.669            0.000        0.000        0.000        509308                      3545769                     0                           0                           
GPU 4           182.629           0.158        0.026        0.062        1086438947                  7895022518                  7037853461                  720127706                   
GPU 5           179.580           0.163        0.029        0.065        8252034431                  691859089                   791960320                   7883153874                  
GPU 6           73.410            0.000        0.000        0.000        4156691                     3538323                     0                           0                           
GPU 7           73.163            0.000        0.000        0.000        203873                      20958                       0                           0                           
#Entity         POWER             SMACT        TENSO        DRAMA        PCITX                       PCIRX                       NVLTX                       NVLRX                       
ID               W                                                                                                                                                                       
GPU 0           186.837           0.191        0.036        0.077        1570684155                  10158261056                 9505243722                  1276830285                  
GPU 1           191.258           0.175        0.031        0.078        9212145749                  2087223355                  792119921                   8751933838                  
GPU 2           71.393            0.000        0.000        0.000        539645                      353360                      0                           0                           
GPU 3           71.643            0.000        0.000        0.000        4192980                     262013                      0                           0                           
GPU 4           192.168           0.195        0.030        0.084        2062934833                  7687761952                  7497810352                  2552574463                  
GPU 5           194.774           0.192        0.027        0.084        6509236948                  2080270856                  2619401220                  7100938064                  
GPU 6           73.504            0.000        0.000        0.000        507326                      316031                      0                           0                           
GPU 7           73.317            0.000        0.000        0.000        4868802                     4189231                     0                           0                           
GPU 0           181.125           0.187        0.026        0.082        1958291660                  6813576532                  6373888459                  2511343357                  
GPU 1           187.222           0.169        0.027        0.077        5421178306                  1331634932                  3102137114                  6341538939                  
GPU 2           71.073            0.000        0.000        0.000        4283701                     3643897                     0                           0                           
GPU 3           71.228            0.000        0.000        0.000        466908                      3919298                     0                           0                           
GPU 4           177.946           0.176        0.022        0.078        1540627306                  6338864606                  5499074254                  1802009303                  
GPU 5           182.603           0.169        0.021        0.075        5019786087                  1517193532                  1735175133                  5338390544                  
GPU 6           73.300            0.000        0.000        0.000        4600443                     3965321                     0                           0                           
GPU 7           72.946            0.000        0.000        0.000        738936                      496912                      0                           0                           
GPU 0           201.708           0.215        0.021        0.105        928735616                   8610486560                  6408180834                  355155524                   
GPU 1           209.956           0.230        0.020        0.087        9790751969                  1203123134                  381064077                   9051729438                  
GPU 2           71.129            0.000        0.000        0.000        513468                      324323                      0                           0                           
GPU 3           71.107            0.000        0.000        0.000        4581685                     2605635                     0                           0                           
GPU 4           206.218           0.238        0.033        0.112        1242253521                  11708086019                 9531761314                  444488455                   
GPU 5           207.232           0.235        0.031        0.111        10162522646                 1362978840                  410355770                   9397359909                  
GPU 6           73.439            0.000        0.000        0.000        1105335                     828397                      0                           0                           
GPU 7           73.167            0.000        0.000        0.000        1768024                     1408321                     0                           0                           
GPU 0           188.695           0.235        0.035        0.106        1317227978                  11967979023                 9922589127                  533021922                   
GPU 1           197.504           0.213        0.031        0.111        6273901802                  1577716829                  1024569397                  6128318898                  
GPU 2           71.489            0.000        0.000        0.000        4331290                     3707743                     0                           0                           
GPU 3           71.324            0.000        0.000        0.000        3127436                     333279                      0                           0                           
GPU 4           203.177           0.239        0.022        0.112        836672942                   9816863072                  6824549508                  1249330                     
GPU 5           203.316           0.227        0.020        0.110        7298536815                  1170551614                  1244796                     6590328835                  
GPU 6           73.465            0.000        0.000        0.000        3810130                     3278552                     0                           0                           
GPU 7           73.068            0.000        0.000        0.000        2813791                     2375135                     0                           0                           
GPU 0           168.153           0.212        0.022        0.097        1206676428                  7535810304                  6100616026                  1024639600                  
GPU 1           174.317           0.158        0.022        0.098        4794258662                  494068986                   867886                      4344674620                  
GPU 2           71.260            0.000        0.000        0.000        437359                      243453                      0                           0                           
GPU 3           71.336            0.000        0.000        0.000        524548                      3936535                     0                           0                           
GPU 4           176.355           0.176        0.019        0.076        1018662495                  5936952324                  4921334964                  931449919                   
GPU 5           177.828           0.153        0.018        0.072        4777350500                  1096175744                  931412328                   4751769363                  
GPU 6           73.450            0.000        0.000        0.000        3078009                     2573830                     0                           0                           
GPU 7           73.155            0.000        0.000        0.000        4556189                     3922599                     0                           0                           
GPU 0           201.893           0.154        0.023        0.105        1118153760                  5481946823                  6683356635                  768689085                   
GPU 1           210.368           0.226        0.016        0.067        7000917752                  1493066175                  713793359                   6646485095                  
GPU 2           71.241            0.000        0.000        0.000        3239510                     2700129                     0                           0                           
GPU 3           71.191            0.000        0.000        0.000        2846561                     2348029                     0                           0                           
GPU 4           170.869           0.179        0.017        0.110        1220448190                  8472830733                  6978092938                  908275348                   
GPU 5           176.216           0.178        0.017        0.084        6166363022                  709429865                   1028907                     5585534398                  
GPU 6           73.478            0.000        0.000        0.000        1708024                     1385182                     0                           0                           
GPU 7           73.222            0.000        0.000        0.000        203912                      23345                       0                           0                           
GPU 0           194.341           0.245        0.024        0.115        1019350746                  8526228045                  7063189031                  537446178                   
GPU 1           202.867           0.226        0.023        0.107        7172268754                  1325550542                  477865781                   6699810117                  
GPU 2           71.273            0.000        0.000        0.000        504165                      313924                      0                           0                           
GPU 3           71.367            0.000        0.000        0.000        510416                      309708                      0                           0                           
GPU 4           192.249           0.230        0.024        0.105        938080300                   8238746519                  6585132936                  430199323                   
GPU 5           193.961           0.240        0.023        0.110        7335292915                  1691949861                  998184574                   7079995421                  
GPU 6           73.263            0.000        0.000        0.000        4477100                     3821570                     0                           0                           
GPU 7           73.140            0.000        0.000        0.000        4853001                     4167035                     0                           0                           
GPU 0           207.322           0.238        0.024        0.110        1116622228                  8218015258                  6974722868                  758028569                   
GPU 1           216.046           0.249        0.025        0.119        7755574826                  1783079293                  909166914                   7404872709                  
GPU 2           71.282            0.000        0.000        0.000        4200653                     3571288                     0                           0                           
GPU 3           71.154            0.000        0.000        0.000        4392633                     3747829                     0                           0                           
GPU 4           206.033           0.261        0.022        0.122        1311649281                  9556525773                  7750257047                  909472634                   
GPU 5           206.532           0.225        0.021        0.102        6931302546                  1328551360                  570779810                   6525260582                  
GPU 6           73.507            0.000        0.000        0.000        716570                      473584                      0                           0                           
GPU 7           73.351            0.000        0.000        0.000        1208691                     908067                      0                           0                           
GPU 0           207.846           0.271        0.025        0.129        871859775                   10253528415                 8042606696                  1435938                     
GPU 1           220.161           0.273        0.024        0.132        8901524225                  1521837521                  1448006                     8038968301                  
GPU 2           71.282            0.000        0.000        0.000        433544                      238211                      0                           0                           
GPU 3           71.373            0.000        0.000        0.000        729671                      481644                      0                           0                           
GPU 4           206.033           0.261        0.026        0.132        900566474                   10650484725                 8012761959                  1456635                     
GPU 5           206.532           0.256        0.024        0.119        8213322026                  1620421422                  1455491                     7905340229                  
GPU 6           73.383            0.000        0.000        0.000        2728892                     2254793                     0                           0                           
GPU 7           73.234            0.000        0.000        0.000        2157915                     3117439                     0                           0                           
GPU 0           206.320           0.270        0.024        0.131        851376143                   9977239726                  7782630935                  1447341                     
GPU 1           215.413           0.267        0.023        0.129        8547670085                  1530513575                  1430097                     7704964789                  
GPU 2           71.332            0.000        0.000        0.000        4917271                     4219712                     0                           0                           
GPU 3           71.226            0.000        0.000        0.000        4324508                     3699151                     0                           0                           
GPU 4           204.905           0.260        0.026        0.126        1015412860                  10308870622                 8159725374                  250210442                   
GPU 5           210.423           0.260        0.026        0.126        9040795987                  1707833563                  499124112                   8389527195                  
GPU 6           73.253            0.000        0.000        0.000        1273528                     998674                      0                           0                           
GPU 7           73.367            0.000        0.000        0.000        2275204                     1756819                     0                           0                           
GPU 0           219.559           0.252        0.029        0.122        1401900998                  9624991656                  8265486462                  1067380513                  
GPU 1           225.698           0.246        0.034        0.116        8155034069                  2422241517                  2856852869                  8699961042                  
GPU 2           71.667            0.000        0.000        0.000        1216324                     916173                      0                           0                           
GPU 3           72.106            0.000        0.000        0.000        1761292                     1386833                     0                           0                           
GPU 4           217.320           0.244        0.036        0.108        2891519952                  8007695926                  8567547260                  4024761214                  
GPU 5           219.521           0.245        0.035        0.110        7567764309                  3037407872                  3799480666                  8586937601                  
GPU 6           73.381            0.000        0.000        0.000        4085169                     3458455                     0                           0                           
GPU 7           73.583            0.000        0.000        0.000        4079227                     1882639                     0                           0                           
GPU 0           210.069           0.258        0.038        0.117        2966140256                  9115675623                  9310228483                  3999636947                  
GPU 1           215.689           0.255        0.033        0.122        8961300591                  2426904631                  2337465713                  9170736371                  
GPU 2           71.495            0.000        0.000        0.000        3750298                     3193081                     0                           0                           
GPU 3           70.866            0.000        0.000        0.000        3108844                     2613315                     0                           0                           
GPU 4           207.512           0.257        0.033        0.121        1766599692                  10235852446                 9136976528                  1626656375                  
GPU 5           212.895           0.251        0.032        0.117        9170655465                  1940152900                  1626683042                  9051638901                  
GPU 6           73.592            0.000        0.000        0.000        501011                      305008                      0                           0                           
GPU 7           73.233            0.000        0.000        0.000        511495                      3460845                     0                           0                           
GPU 0           214.245           0.256        0.029        0.124        1256999751                  10431291876                 8670107331                  674845251                   
GPU 1           221.399           0.257        0.028        0.129        9199059626                  1640290612                  572813697                   8573243593                  
GPU 2           71.294            0.000        0.000        0.000        3486801                     2919497                     0                           0                           
GPU 3           71.347            0.000        0.000        0.000        3818904                     3212986                     0                           0                           
GPU 4           212.534           0.266        0.026        0.133        904043646                   10604560968                 8318895851                  1437072                     
GPU 5           216.020           0.267        0.025        0.135        9358946116                  1771268212                  1449447                     8427269522                  
GPU 6           73.630            0.000        0.000        0.000        4450076                     3821238                     0                           0                           
GPU 7           73.181            0.000        0.000        0.000        4397338                     312871                      0                           0                           
GPU 0           214.245           0.256        0.029        0.124        1256999751                  10431291876                 8370292345                  480717000                   
GPU 1           221.399           0.257        0.028        0.129        10862572802                 1640290612                  656964338                   10013421300                 
GPU 2           71.294            0.000        0.000        0.000        3486801                     2919497                     0                           0                           
GPU 3           71.347            0.000        0.000        0.000        3818904                     328569                      0                           0                           
GPU 4           212.534           0.266        0.026        0.133        904043646                   10604560968                 11754301314                 1437072                     
GPU 5           216.020           0.267        0.025        0.135        9358946116                  1771268212                  856749633                   11427045237                 
GPU 6           73.630            0.000        0.000        0.000        4450076                     3821238                     0                           0                           
GPU 7           73.181            0.000        0.000        0.000        4397338                     3774762                     0                           0                           
#Entity         POWER             SMACT        TENSO        DRAMA        PCITX                       PCIRX                       NVLTX                       NVLRX                       
ID               W                                                                                                                                                                       
GPU 0           210.719           0.246        0.041        0.109        1846392943                  12149193650                 11196710200                 1662352273                  
GPU 1           221.229           0.242        0.039        0.110        8074000741                  1829069456                  1927458474                  10751608080                 
GPU 2           71.269            0.000        0.000        0.000        3786552                     3186745                     0                           0                           
GPU 3           71.443            0.000        0.000        0.000        523509                      3545854                     0                           0                           
GPU 4           207.604           0.242        0.042        0.105        1681021471                  13029363725                 8508366672                  1027969384                  
GPU 5           212.774           0.240        0.039        0.106        12133586291                 1265847042                  2917046678                  8153446027                  
GPU 6           73.275            0.000        0.000        0.000        4280443                     452370                      0                           0                           
GPU 7           73.053            0.000        0.000        0.000        1058635                     775633                      0                           0                           
GPU 0           214.410           0.250        0.031        0.118        880488390                   9195659458                  8377908340                  1944970301                  
GPU 1           215.061           0.261        0.030        0.116        8966547123                  2105267451                  1944933941                  8192808113                  
GPU 2           70.995            0.000        0.000        0.000        499966                      313920                      0                           0                           
GPU 3           71.354            0.000        0.000        0.000        4186172                     282459                      0                           0                           
GPU 4           216.375           0.235        0.033        0.105        2031744851                  8729675309                  8981218907                  2334144941                  
GPU 5           216.516           0.233        0.032        0.104        7525219859                  2361685004                  1177708045                  8989894173                  
GPU 6           73.316            0.000        0.000        0.000        1721355                     3656224                     0                           0                           
GPU 7           73.235            0.000        0.000        0.000        3616171                     3068796                     0                           0                           
GPU 0           207.399           0.248        0.026        0.123        1590447580                  10309967209                 8114608546                  1405383                     
GPU 1           259.208           0.233        0.025        0.131        17961046250                 1603635759                  1467820                     8079347775                  
GPU 2           71.150            0.000        0.000        0.000        4367026                     3710373                     0                           0                           
GPU 3           71.556            0.000        0.000        0.000        484215                      3807307                     0                           0                           
GPU 4           208.108           0.281        0.030        0.139        1564825877                  10868115841                 11327919315                 1177810692                  
GPU 5           209.186           0.278        0.030        0.137        9368541772                  2267144277                  858894                      11677475636                 
GPU 6           73.413            0.000        0.000        0.000        3057020                     1364030                     0                           0                           
GPU 7           73.019            0.000        0.000        0.000        1829574                     1459571                     0                           0                           
GPU 0           259.092           0.230        0.078        0.076        1308914339                  18521330509                 16907177138                 282997                      
GPU 1           254.357           0.253        0.076        0.080        15653770120                 44563410                    323788                      16411775637                 
GPU 2           71.339            0.000        0.000        0.000        268707                      89092                       0                           0                           
GPU 3           71.196            0.000        0.000        0.000        714611                      459733                      0                           0                           
GPU 4           259.682           0.253        0.100        0.097        1562094512                  13035545390                 16591342013                 276951                      
GPU 5           267.337           0.255        0.101        0.078        17718647062                 611845314                   294584                      16196054453                 
GPU 6           73.428            0.000        0.000        0.000        2997224                     2490189                     0                           0                           
GPU 7           73.125            0.000        0.000        0.000        2753657                     2006177                     0                           0                           
GPU 0           204.787           0.251        0.030        0.081        1421487048                  15211878523                 13669862706                 526150                      
GPU 1           219.905           0.249        0.097        0.079        8140834082                  151313887                   431710                      14297429002                 
GPU 2           71.209            0.000        0.000        0.000        1118483                     4213036                     0                           0                           
GPU 3           71.160            0.000        0.000        0.000        4326529                     3701217                     0                           0                           
GPU 4           207.799           0.249        0.039        0.110        880796623                   10311009005                 8301616243                  1229710                     
GPU 5           210.072           0.238        0.026        0.110        7892249818                  1510168865                  625680316                   7412840315                  
GPU 6           73.441            0.000        0.000        0.000        1189619                     933411                      0                           0                           
GPU 7           73.206            0.000        0.000        0.000        2153935                     1778699                     0                           0                           
GPU 0           209.369           0.248        0.027        0.117        1099077867                  9122839075                  7936083705                  1180069904                  
GPU 1           211.341           0.241        0.030        0.117        7664573534                  1833806936                  1297904201                  7950882681                  
GPU 2           71.116            0.000        0.000        0.000        3342784                     828489                      0                           0                           
GPU 3           71.158            0.000        0.000        0.000        2423464                     1975212                     0                           0                           
GPU 4           204.763           0.249        0.031        0.116        1664131608                  9215674958                  7992423663                  395667750                   
GPU 5           209.531           0.250        0.028        0.117        8032584159                  1905950046                  1299884604                  7853335063                  
GPU 6           73.308            0.000        0.000        0.000        4185193                     3555789                     0                           0                           
GPU 7           73.109            0.000        0.000        0.000        4149758                     3531408                     0                           0                           
GPU 0           207.111           0.235        0.026        0.112        893201158                   8406515263                  7087672041                  274288735                   
GPU 1           208.415           0.252        0.026        0.122        8079714574                  1545785192                  323949969                   7439390578                  
GPU 2           71.200            0.000        0.000        0.000        3783845                     2825043                     0                           0                           
GPU 3           71.345            0.000        0.000        0.000        1748019                     1406914                     0                           0                           
GPU 4           204.686           0.245        0.025        0.117        973391209                   8912580963                  6922016958                  1276188                     
GPU 5           209.443           0.236        0.024        0.111        7553279554                  1295117314                  237889250                   6928766770                  
GPU 6           73.764            0.000        0.000        0.000        458045                      265708                      0                           0                           
GPU 7           73.153            0.000        0.000        0.000        442109                      247257                      0                           0                           
GPU 0           199.871           0.238        0.026        0.115        834271430                   8713326375                  7646434629                  1408726                     
GPU 1           219.756           0.237        0.024        0.113        7649715461                  1533449738                  1312578                     6915710289                  
GPU 2           71.022            0.000        0.000        0.000        507304                      3175438                     0                           0                           
GPU 3           71.421            0.000        0.000        0.000        4148602                     3494718                     0                           0                           
GPU 4           207.100           0.232        0.025        0.109        769110630                   8982854322                  6925982515                  1424587                     
GPU 5           208.379           0.254        0.024        0.121        8326032634                  1427340510                  1384505                     7509850666                  
GPU 6           73.417            0.000        0.000        0.000        4427175                     3782593                     0                           0                           
GPU 7           73.222            0.000        0.000        0.000        4878194                     4194618                     0                           0                           
GPU 0           213.920           0.260        0.026        0.127        828047615                   9815846202                  7580514604                  1400265                     
GPU 1           218.759           0.270        0.026        0.133        8840190474                  1100960006                  1440440                     7964808307                  
GPU 2           71.103            0.000        0.000        0.000        4381556                     315493                      0                           0                           
GPU 3           71.203            0.000        0.000        0.000        516709                      314427                      0                           0                           
GPU 4           210.898           0.267        0.026        0.129        877807687                   10381530063                 7771870937                  1403360                     
GPU 5           212.385           0.268        0.025        0.130        8845983581                  1634494681                  1441173                     7969914922                  
GPU 6           73.466            0.000        0.000        0.000        727453                      488780                      0                           0                           
GPU 7           73.130            0.000        0.000        0.000        1130162                     839761                      0                           0                           
GPU 0           211.651           0.259        0.029        0.126        1283872286                  9703932832                  7940208420                  876141848                   
GPU 1           219.041           0.262        0.026        0.128        8525255121                  1435070002                  1402636                     7695510952                  
GPU 2           71.238            0.000        0.000        0.000        767074                      3742819                     0                           0                           
GPU 3           71.190            0.000        0.000        0.000        4440592                     623176                      0                           0                           
GPU 4           208.428           0.261        0.026        0.117        1398028152                  9099829614                  7586481119                  1139376985                  
GPU 5           213.861           0.254        0.025        0.121        8125831681                  1626579743                  462484838                   7547137979                  
GPU 6           73.339            0.000        0.000        0.000        2778014                     2296668                     0                           0                           
GPU 7           73.051            0.000        0.000        0.000        2225922                     3117921                     0                           0                           
GPU 0           217.276           0.262        0.038        0.126        1334777670                  9487656297                  10278483971                 605750435                   
GPU 1           225.144           0.236        0.035        0.106        9257833050                  1604428458                  1480309140                  9074682478                  
GPU 2           71.390            0.000        0.000        0.000        4301760                     526947                      0                           0                           
GPU 3           71.311            0.000        0.000        0.000        890002                      3405227                     0                           0                           
GPU 4           210.383           0.249        0.028        0.104        2579616063                  12514886856                 12130800721                 2747956328                  
GPU 5           215.766           0.237        0.037        0.104        10896691482                 1449857705                  1018837502                  10359585061                 
GPU 6           73.307            0.000        0.000        0.000        1198943                     928759                      0                           0                           
GPU 7           73.096            0.000        0.000        0.000        2173375                     1809514                     0                           0                           
GPU 0           217.883           0.233        0.038        0.103        2769224763                  11709843161                 9252207545                  3645792677                  
GPU 1           224.544           0.246        0.039        0.112        9565305199                  2434266958                  2851892961                  9986585871                  
GPU 2           71.107            0.000        0.000        0.000        1139545                     3664182                     0                           0                           
GPU 3           71.312            0.000        0.000        0.000        4023618                     1241003                     0                           0                           
GPU 4           215.719           0.247        0.047        0.120        2094657892                  9421054156                  8819526015                  2352034203                  
GPU 5           216.920           0.248        0.034        0.114        8292320724                  2485689572                  2852019446                  8818300638                  
GPU 6           73.260            0.000        0.000        0.000        4140372                     3512058                     0                           0                           
GPU 7           73.220            0.000        0.000        0.000        4103912                     1788697                     0                           0                           
GPU 0           221.202           0.247        0.035        0.114        2505718996                  9097987387                  10012660735                 2939811549                  
GPU 1           228.045           0.259        0.033        0.124        8605938295                  2425341770                  2208753643                  8784546801                  
GPU 2           71.475            0.000        0.000        0.000        3699203                     847455                      0                           0                           
GPU 3           71.185            0.000        0.000        0.000        1599069                     2585050                     0                           0                           
GPU 4           217.138           0.255        0.034        0.133        1945460478                  10186071806                 8794833517                  1972557499                  
GPU 5           220.975           0.259        0.033        0.122        8833840723                  2382845665                  2208739642                  8996850054                  
GPU 6           73.284            0.000        0.000        0.000        506262                      312352                      0                           0                           
GPU 7           72.767            0.000        0.000        0.000        513077                      3481853                     0                           0                           
GPU 0           214.594           0.259        0.033        0.138        2195808333                  10595844826                 8645367602                  2535705396                  
GPU 1           229.312           0.267        0.036        0.129        8576980060                  2933414072                  3110938012                  9172232418                  
GPU 2           71.175            0.000        0.000        0.000        3784818                     3142371                     0                           0                           
GPU 3           71.073            0.000        0.000        0.000        3084123                     3515898                     0                           0                           
GPU 4           221.541           0.272        0.033        0.109        3063838508                  8103010853                  8893389518                  4320047248                  
GPU 5           221.716           0.262        0.034        0.124        8172854728                  2958011212                  3150924220                  8826638320                  
GPU 6           73.356            0.000        0.000        0.000        4445885                     3818095                     0                           0                           
GPU 7           73.021            0.000        0.000        0.000        4406502                     316022                      0                           0                           
#Entity         POWER             SMACT        TENSO        DRAMA        PCITX                       PCIRX                       NVLTX                       NVLRX                       
ID               W                                                                                                                                                                       
GPU 0           214.594           0.261        0.033        0.128        2195808333                  9517810515                  13895455478                 2119614414                  
GPU 1           229.312           0.267        0.041        0.106        18358885742                 2933414072                  3189700601                  10204622168                 
GPU 2           70.999            0.000        0.000        0.000        3784818                     3178789                     0                           0                           
GPU 3           71.073            0.000        0.000        0.000        4158821                     336435                      0                           0                           
GPU 4           217.275           0.244        0.038        0.109        3063838508                  8103010853                  16650701781                 4320047248                  
GPU 5           226.870           0.238        0.047        0.100        11593966230                 2958011212                  3140461312                  11988716592                 
GPU 6           73.397            0.000        0.000        0.000        4445885                     3818095                     0                           0                           
GPU 7           73.021            0.000        0.000        0.000        4406502                     3782841                     0                           0                           
GPU 0           263.314           0.255        0.104        0.075        1561388155                  18198715592                 16604692127                 276019                      
GPU 1           227.695           0.251        0.093        0.080        11222605396                 46898207                    280477                      16776198081                 
GPU 2           71.206            0.000        0.000        0.000        3791954                     3185527                     0                           0                           
GPU 3           71.073            0.000        0.000        0.000        532426                      3487676                     0                           0                           
GPU 4           264.435           0.234        0.077        0.079        1571070474                  18299974617                 14767857272                 328625                      
GPU 5           272.704           0.256        0.101        0.079        18206968116                 35182679                    275423                      16640066750                 
GPU 6           73.404            0.000        0.000        0.000        4906409                     20486                       0                           0                           
GPU 7           73.025            0.000        0.000        0.000        682560                      450673                      0                           0                           
GPU 0           211.487           0.236        0.036        0.108        1101131873                  8605674927                  7856408455                  1517568154                  
GPU 1           224.568           0.258        0.063        0.100        7987222005                  1226061343                  1038795835                  10685340755                 
GPU 2           71.184            0.000        0.000        0.000        503121                      313402                      0                           0                           
GPU 3           71.048            0.000        0.000        0.000        4140141                     311812                      0                           0                           
GPU 4           208.494           0.262        0.098        0.083        1604460757                  16220217102                 7566132906                  382164287                   
GPU 5           213.683           0.241        0.036        0.108        8220375713                  1711969004                  1365996342                  8070523475                  
GPU 6           73.300            0.000        0.000        0.000        711309                      4212315                     0                           0                           
GPU 7           73.120            0.000        0.000        0.000        4281049                     3677371                     0                           0                           
GPU 0           213.487           0.269        0.029        0.131        955185483                   9613565829                  7783212884                  514546242                   
GPU 1           210.947           0.251        0.029        0.126        8271383722                  1783411942                  859275699                   7600334188                  
GPU 2           71.153            0.000        0.000        0.000        4199918                     3561153                     0                           0                           
GPU 3           71.350            0.000        0.000        0.000        512526                      3710056                     0                           0                           
GPU 4           211.183           0.250        0.030        0.118        1328965359                  9311287802                  7555279268                  984475096                   
GPU 5           211.985           0.265        0.027        0.128        8439823157                  1779903884                  514422249                   7841152593                  
GPU 6           73.276            0.000        0.000        0.000        4273482                     468330                      0                           0                           
GPU 7           72.999            0.000        0.000        0.000        1221095                     919514                      0                           0                           
GPU 0           216.407           0.233        0.027        0.111        1626620386                  8458541726                  7040142897                  430174406                   
GPU 1           229.708           0.256        0.026        0.123        7998425987                  1347917859                  1365512                     7468219670                  
GPU 2           71.164            0.000        0.000        0.000        1251718                     965496                      0                           0                           
GPU 3           71.223            0.000        0.000        0.000        2721594                     2241794                     0                           0                           
GPU 4           211.735           0.254        0.029        0.121        1391182567                  9201883828                  7639113520                  1113821825                  
GPU 5           214.234           0.238        0.026        0.112        7631883052                  1445124431                  618668904                   7181583160                  
GPU 6           73.773            0.000        0.000        0.000        2065245                     1669577                     0                           0                           
GPU 7           73.088            0.000        0.000        0.000        3626067                     1536476                     0                           0                           
GPU 0           215.972           0.272        0.032        0.131        816102148                   9723285009                  8277881057                  1460014934                  
GPU 1           222.006           0.264        0.030        0.122        8114416628                  2014457320                  1336201504                  7827849960                  
GPU 2           71.203            0.000        0.000        0.000        3681882                     3126368                     0                           0                           
GPU 3           71.108            0.000        0.000        0.000        514612                      322287                      0                           0                           
GPU 4           212.465           0.273        0.029        0.134        1206825088                  10285157713                 7980465615                  615307006                   
GPU 5           216.879           0.269        0.029        0.129        8438547258                  2189419521                  1344132771                  8228874389                  
GPU 6           73.350            0.000        0.000        0.000        2439298                     2036921                     0                           0                           
GPU 7           73.142            0.000        0.000        0.000        1917142                     2083221                     0                           0                           
GPU 0           211.123           0.263        0.027        0.131        1592066694                  9581344596                  7481230725                  1384096                     
GPU 1           219.642           0.253        0.027        0.130        7690502490                  1792784211                  553872489                   7569106284                  
GPU 2           71.143            0.000        0.000        0.000        3767557                     3170598                     0                           0                           
GPU 3           71.308            0.000        0.000        0.000        4373909                     3712005                     0                           0                           
GPU 4           209.828           0.255        0.028        0.124        1118313124                  9042876671                  7219302875                  639049620                   
GPU 5           212.269           0.262        0.025        0.129        8303498455                  1564358366                  1392682                     7482355609                  
GPU 6           73.466            0.000        0.000        0.000        3145968                     2623999                     0                           0                           
GPU 7           73.206            0.000        0.000        0.000        2497769                     3509767                     0                           0                           
GPU 0           225.058           0.263        0.031        0.131        1592066694                  9581344596                  7481230725                  1384096                     
GPU 1           219.642           0.253        0.027        0.130        7690502490                  1657606796                  553872489                   7569106284                  
GPU 2           71.143            0.000        0.000        0.000        557274                      3170598                     0                           0                           
GPU 3           71.310            0.000        0.000        0.000        4373909                     3712005                     0                           0                           
GPU 4           209.828           0.255        0.028        0.119        1984592356                  9234012281                  7219302875                  2191041026                  
GPU 5           212.269           0.262        0.025        0.129        8303498455                  1900592058                  1392682                     7482355609                  
GPU 6           73.466            0.000        0.000        0.000        3145968                     1179158                     0                           0                           
GPU 7           73.206            0.000        0.000        0.000        4139188                     3509767                     0                           0                           
GPU 0           256.277           0.237        0.062        0.091        1838910953                  15092289817                 13949392942                 993499189                   
GPU 1           254.995           0.242        0.047        0.104        11936230574                 45541363                    1739781646                  11655859971                 
GPU 2           71.154            0.000        0.000        0.000        3488326                     2922368                     0                           0                           
GPU 3           71.163            0.000        0.000        0.000        276315                      85753                       0                           0                           
GPU 4           237.323           0.229        0.076        0.077        1531389168                  17813457772                 16202630674                 306536                      
GPU 5           245.117           0.239        0.064        0.091        15057405644                 996228636                   1069692240                  14221904388                 
GPU 6           73.337            0.000        0.000        0.000        1485215                     3465164                     0                           0                           
GPU 7           73.124            0.000        0.000        0.000        1107909                     832591                      0                           0                           
GPU 0           221.716           0.264        0.108        0.079        1503313898                  17506557863                 15898279902                 333657                      
GPU 1           269.110           0.254        0.100        0.079        18047323081                 1088115841                  274014                      16486414758                 
GPU 2           71.175            0.000        0.000        0.000        501544                      311827                      0                           0                           
GPU 3           71.034            0.000        0.000        0.000        4915750                     4198942                     0                           0                           
GPU 4           256.290           0.269        0.098        0.088        1420078443                  16560330291                 14802444672                 486954                      
GPU 5           263.039           0.268        0.102        0.086        16773182184                 247632188                   411867                      15316678836                 
GPU 6           72.930            0.000        0.000        0.000        4099816                     356365                      0                           0                           
GPU 7           73.094            0.000        0.000        0.000        3622575                     3075200                     0                           0                           
GPU 0           191.179           0.215        0.029        0.102        1080789824                  8606365154                  7324430916                  630654238                   
GPU 1           205.568           0.246        0.058        0.102        10520509662                 1012723710                  583795312                   9827843606                  
GPU 2           71.132            0.000        0.000        0.000        4365974                     3722948                     0                           0                           
GPU 3           71.402            0.000        0.000        0.000        714148                      462124                      0                           0                           
GPU 4           194.174           0.206        0.029        0.092        1134225319                  9164365485                  7385812433                  630611428                   
GPU 5           198.489           0.214        0.029        0.097        8146473891                  1185964191                  630590677                   7671433787                  
GPU 6           73.647            0.000        0.000        0.000        544505                      3807882                     0                           0                           
GPU 7           73.061            0.000        0.000        0.000        2066142                     1669596                     0                           0                           
GPU 0           198.072           0.174        0.022        0.083        806674785                   6700504933                  5805888855                  429825383                   
GPU 1           205.710           0.212        0.026        0.085        6570992087                  1330791032                  405656240                   6112597381                  
GPU 2           71.129            0.000        0.000        0.000        275671                      93288                       0                           0                           
GPU 3           71.076            0.000        0.000        0.000        4289192                     2705605                     0                           0                           
GPU 4           193.516           0.206        0.022        0.096        883584068                   8208877045                  5833386638                  330982312                   
GPU 5           195.498           0.200        0.020        0.093        6241084491                  1213060902                  287003924                   5754414572                  
GPU 6           73.362            0.000        0.000        0.000        2069298                     1681152                     0                           0                           
GPU 7           73.067            0.000        0.000        0.000        2646628                     2222119                     0                           0                           
GPU 0           202.446           0.232        0.025        0.114        1020703558                  8281899455                  6731926342                  575771765                   
GPU 1           209.008           0.236        0.022        0.100        7791253128                  1516429391                  541236748                   7283188721                  
GPU 2           71.157            0.000        0.000        0.000        4446116                     3800180                     0                           0                           
GPU 3           71.491            0.000        0.000        0.000        3252612                     315477                      0                           0                           
GPU 4           196.196           0.224        0.027        0.104        1302687299                  9372918919                  7044513392                  910951891                   
GPU 5           198.896           0.223        0.026        0.103        7371561842                  1731560558                  1066336811                  7142574255                  
GPU 6           73.260            0.000        0.000        0.000        1830690                     1494132                     0                           0                           
GPU 7           73.149            0.000        0.000        0.000        2978744                     2474600                     0                           0                           
GPU 0           194.836           0.197        0.025        0.094        1009460470                  7510695686                  6435757441                  681449384                   
GPU 1           204.244           0.198        0.026        0.113        5989766017                  1619792087                  1276809648                  5989177491                  
GPU 2           71.296            0.000        0.000        0.000        1128841                     836935                      0                           0                           
GPU 3           71.412            0.000        0.000        0.000        516712                      3596888                     0                           0                           
GPU 4           195.315           0.207        0.025        0.094        1463448218                  8034182132                  6288728791                  1416820705                  
GPU 5           196.673           0.208        0.024        0.096        6337521195                  1623493786                  1276833494                  6308279361                  
GPU 6           73.523            0.000        0.000        0.000        4167905                     3547644                     0                           0                           
GPU 7           72.863            0.000        0.000        0.000        1619246                     1298541                     0                           0                           
#Entity         POWER             SMACT        TENSO        DRAMA        PCITX                       PCIRX                       NVLTX                       NVLRX                       
ID               W                                                                                                                                                                       
GPU 0           194.836           0.228        0.024        0.111        874566646                   8025933861                  6877660741                  1013861848                  
GPU 1           215.874           0.246        0.024        0.090        7616126001                  1619792087                  1284445                     6857653242                  
GPU 2           71.143            0.000        0.000        0.000        3896388                     2985901                     0                           0                           
GPU 3           71.412            0.000        0.000        0.000        4240388                     968126                      0                           0                           
GPU 4           196.091           0.228        0.022        0.094        1463448218                  9578587348                  6291439204                  1416820705                  
GPU 5           199.096           0.229        0.021        0.110        7119693470                  1438922411                  1223327                     6403432623                  
GPU 6           73.532            0.000        0.000        0.000        507306                      3547644                     0                           0                           
GPU 7           72.863            0.000        0.000        0.000        1395010                     3733731                     0                           0                           
GPU 0           190.406           0.235        0.021        0.096        601383934                   8506075120                  6704216554                  276072522                   
GPU 1           196.419           0.226        0.024        0.122        6875557313                  1550605247                  428603275                   6384260093                  
GPU 2           71.291            0.000        0.000        0.000        512556                      330698                      0                           0                           
GPU 3           71.162            0.000        0.000        0.000        1265981                     3266554                     0                           0                           
GPU 4           207.568           0.249        0.025        0.121        1103606457                  10513168329                 7064608952                  386002065                   
GPU 5           210.457           0.245        0.024        0.119        7577167061                  1753924700                  428751693                   7014015933                  
GPU 6           73.514            0.000        0.000        0.000        4582482                     3947831                     0                           0                           
GPU 7           73.051            0.000        0.000        0.000        3426115                     1085474                     0                           0                           
GPU 0           207.534           0.197        0.038        0.093        1038806429                  7065305956                  5649285476                  1116821                     
GPU 1           216.352           0.202        0.023        0.109        7667969847                  862296756                   1000068                     6946763262                  
GPU 2           71.327            0.000        0.000        0.000        4316483                     3678731                     0                           0                           
GPU 3           71.110            0.000        0.000        0.000        3593905                     3023596                     0                           0                           
GPU 4           186.840           0.207        0.021        0.097        725050762                   8476469297                  5657469290                  1118429                     
GPU 5           193.050           0.205        0.019        0.096        6301240663                  1193668922                  1121530                     5670667250                  
GPU 6           73.121            0.000        0.000        0.000        726077                      483575                      0                           0                           
GPU 7           72.862            0.000        0.000        0.000        1965685                     2925627                     0                           0                           
GPU 0           207.534           0.212        0.021        0.093        810538574                   12099824136                 10356891251                 813337                      
GPU 1           195.087           0.219        0.025        0.092        10247049709                 862296756                   900839                      9296106833                  
GPU 2           71.137            0.000        0.000        0.000        2629403                     3678731                     0                           0                           
GPU 3           71.110            0.000        0.000        0.000        3593905                     396314                      0                           0                           
GPU 4           207.732           0.223        0.037        0.088        725050762                   8056196714                  10148756417                 1118429                     
GPU 5           213.477           0.218        0.037        0.095        11456616500                 1432924304                  831180                      10415692633                 
GPU 6           73.194            0.000        0.000        0.000        4449817                     483575                      0                           0                           
GPU 7           72.862            0.000        0.000        0.000        2802271                     1595711                     0                           0                           
GPU 0           186.571           0.180        0.023        0.083        1166370489                  6751712570                  6079935264                  1074583483                  
GPU 1           192.704           0.206        0.019        0.078        6330378885                  1144673945                  617662011                   6320256721                  
GPU 2           71.016            0.000        0.000        0.000        1306943                     1028522                     0                           0                           
GPU 3           71.014            0.000        0.000        0.000        4152792                     3500644                     0                           0                           
GPU 4           182.497           0.183        0.020        0.079        1009294267                  7342577272                  6246376894                  686252616                   
GPU 5           188.102           0.182        0.019        0.078        5947638793                  1006101040                  806771246                   6132100768                  
GPU 6           73.277            0.000        0.000        0.000        2367810                     1336403                     0                           0                           
GPU 7           73.018            0.000        0.000        0.000        4121484                     3494222                     0                           0                           
GPU 0           196.522           0.207        0.023        0.097        1291781430                  7146937121                  6388242447                  1244330979                  
GPU 1           197.134           0.179        0.022        0.111        5583304552                  1658599872                  627772621                   5328540539                  
GPU 2           71.024            0.000        0.000        0.000        3787603                     3191667                     0                           0                           
GPU 3           71.137            0.000        0.000        0.000        509383                      315482                      0                           0                           
GPU 4           196.124           0.238        0.023        0.111        1177394070                  9774856220                  5472713910                  627788202                   
GPU 5           200.339           0.223        0.022        0.101        6859890981                  1888915160                  549033085                   5629427377                  
GPU 6           73.407            0.000        0.000        0.000        1656092                     3803632                     0                           0                           
GPU 7           72.960            0.000        0.000        0.000        442609                      250605                      0                           0                           
GPU 0           196.522           0.207        0.020        0.097        849890429                   7146937121                  6388242447                  1244330979                  
GPU 1           198.898           0.236        0.022        0.111        7283807062                  1658599872                  627772621                   6850487501                  
GPU 2           71.024            0.000        0.000        0.000        540968                      3191667                     0                           0                           
GPU 3           71.137            0.000        0.000        0.000        509383                      3713726                     0                           0                           
GPU 4           196.124           0.238        0.023        0.092        1177394070                  7955666996                  6866490755                  627788202                   
GPU 5           200.339           0.223        0.022        0.101        6859890981                  1337137650                  1244501462                  6751498110                  
GPU 6           73.407            0.000        0.000        0.000        4440890                     3803632                     0                           0                           
GPU 7           72.960            0.000        0.000        0.000        4869681                     250605                      0                           0                           
GPU 0           202.118           0.203        0.022        0.095        1056263503                  7385835299                  6343335314                  775985389                   
GPU 1           196.681           0.205        0.021        0.092        6349991158                  1388720695                  830715712                   6114596397                  
GPU 2           71.045            0.000        0.000        0.000        4250180                     359286                      0                           0                           
GPU 3           71.149            0.000        0.000        0.000        741976                      496543                      0                           0                           
GPU 4           188.078           0.204        0.019        0.108        1312116542                  9890433099                  5729678643                  853630077                   
GPU 5           193.437           0.215        0.019        0.098        6603613845                  1404523173                  393399904                   6131769082                  
GPU 6           73.272            0.000        0.000        0.000        206770                      4372469                     0                           0                           
GPU 7           73.067            0.000        0.000        0.000        1857816                     1495534                     0                           0                           
GPU 0           202.118           0.246        0.022        0.119        768810326                   9046084707                  7069069670                  1321246                     
GPU 1           211.920           0.244        0.021        0.117        7650838923                  1388720695                  1287509                     6897694081                  
GPU 2           71.151            0.000        0.000        0.000        524603                      3601910                     0                           0                           
GPU 3           71.094            0.000        0.000        0.000        4441932                     3804958                     0                           0                           
GPU 4           200.472           0.236        0.024        0.114        990404918                   11650321778                 7205269638                  1195865                     
GPU 5           205.547           0.205        0.021        0.091        6428866747                  1531695812                  853403456                   6192905483                  
GPU 6           73.230            0.000        0.000        0.000        5064238                     876400                      0                           0                           
GPU 7           73.109            0.000        0.000        0.000        2482498                     2084763                     0                           0                           
GPU 0           194.365           0.234        0.031        0.106        951104126                   11094471628                 9298651737                  1046326                     
GPU 1           216.925           0.255        0.031        0.118        10655553568                 1203683086                  1159557                     9641758529                  
GPU 2           71.001            0.000        0.000        0.000        4589277                     335934                      0                           0                           
GPU 3           71.301            0.000        0.000        0.000        2040172                     1653709                     0                           0                           
GPU 4           204.331           0.247        0.027        0.100        894972572                   10433569276                 8271148397                  1085489                     
GPU 5           210.456           0.246        0.020        0.117        7828509086                  1137925688                  1316579                     7047902861                  
GPU 6           73.144            0.000        0.000        0.000        1168970                     3267722                     0                           0                           
GPU 7           73.037            0.000        0.000        0.000        3058460                     2554831                     0                           0                           
GPU 0           210.301           0.235        0.024        0.109        1101399200                  8308251151                  7028508861                  720616107                   
GPU 1           221.866           0.218        0.021        0.101        6996599682                  2303459572                  184073989                   6405182216                  
GPU 2           71.158            0.000        0.000        0.000        1118019                     3951557                     0                           0                           
GPU 3           71.235            0.000        0.000        0.000        2658667                     2216720                     0                           0                           
GPU 4           202.998           0.222        0.025        0.114        1728416261                  8895795785                  7896872770                  1770241773                  
GPU 5           206.732           0.238        0.023        0.109        7513073548                  1544838242                  660598155                   7086771183                  
GPU 6           73.373            0.000        0.000        0.000        2989090                     2489320                     0                           0                           
GPU 7           72.918            0.000        0.000        0.000        1656620                     1337979                     0                           0                           
GPU 0           212.493           0.243        0.035        0.110        2498852502                  8750932864                  8737457692                  3198470249                  
GPU 1           216.507           0.248        0.031        0.116        8122213741                  2283582979                  2305517457                  8400804347                  
GPU 2           70.897            0.000        0.000        0.000        3702468                     824539                      0                           0                           
GPU 3           71.382            0.000        0.000        0.000        4148512                     3490284                     0                           0                           
GPU 4           209.275           0.249        0.029        0.112        1914608270                  8894657088                  8245291908                  2109484442                  
GPU 5           212.609           0.243        0.034        0.110        8080603602                  2512631479                  3198774682                  8791670309                  
GPU 6           73.395            0.000        0.000        0.000        1497079                     1198362                     0                           0                           
GPU 7           73.026            0.000        0.000        0.000        4398467                     3769591                     0                           0                           
GPU 0           225.088           0.263        0.029        0.130        1493504549                  9860083552                  8312710497                  1196326763                  
GPU 1           229.917           0.252        0.031        0.123        8337885548                  2147677572                  1947835814                  8423607652                  
GPU 2           71.193            0.000        0.000        0.000        3620822                     3058330                     0                           0                           
GPU 3           71.348            0.000        0.000        0.000        520891                      329094                      0                           0                           
GPU 4           222.812           0.277        0.029        0.139        1545548317                  10100167473                 8509476645                  1254861936                  
GPU 5           225.088           0.266        0.028        0.131        8607587191                  2142953701                  1196134044                  8309466924                  
GPU 6           73.356            0.000        0.000        0.000        4280556                     3649059                     0                           0                           
GPU 7           73.251            0.000        0.000        0.000        687320                      447151                      0                           0                           
GPU 0           202.703           0.303        0.027        0.163        949780331                   11260874548                 8120215282                  1821536                     
GPU 1           223.993           0.286        0.027        0.150        8964537996                  1862379214                  500422014                   8286809045                  
GPU 2           71.399            0.000        0.000        0.000        546792                      355793                      0                           0                           
GPU 3           71.152            0.000        0.000        0.000        4515221                     3857690                     0                           0                           
GPU 4           225.320           0.298        0.026        0.161        851378929                   10082013566                 7136255530                  2042699                     
GPU 5           222.886           0.296        0.026        0.158        8343916577                  1989013837                  1974133                     7487118866                  
GPU 6           73.170            0.000        0.000        0.000        518307                      322828                      0                           0                           
GPU 7           72.918            0.000        0.000        0.000        4371978                     3765131                     0                           0                           
