#Entity         POWER             SMACT        TENSO        DRAMA        PCITX                       PCIRX                       NVLTX                       NVLRX                       
ID               W                                                                                                                                                                       
GPU 0           126.087           N/A          N/A          N/A          N/A                         N/A                         N/A                         N/A                         
GPU 1           128.353           N/A          N/A          N/A          N/A                         N/A                         N/A                         N/A                         
GPU 2           127.118           N/A          N/A          N/A          N/A                         N/A                         N/A                         N/A                         
GPU 3           125.986           N/A          N/A          N/A          N/A                         N/A                         N/A                         N/A                         
GPU 4           72.002            N/A          N/A          N/A          N/A                         N/A                         N/A                         N/A                         
GPU 5           73.905            N/A          N/A          N/A          N/A                         N/A                         N/A                         N/A                         
GPU 6           73.919            N/A          N/A          N/A          N/A                         N/A                         N/A                         N/A                         
GPU 7           73.198            N/A          N/A          N/A          N/A                         N/A                         N/A                         N/A                         
GPU 0           97.814            0.000        0.000        0.000        513672                      300865                      0                           0                           
GPU 1           99.932            0.000        0.000        0.000        518866                      327275                      0                           0                           
GPU 2           99.010            0.000        0.000        0.000        506861                      299294                      0                           0                           
GPU 3           98.228            0.000        0.000        0.000        2855482                     2337733                     0                           0                           
GPU 4           72.011            0.000        0.000        0.000        508358                      318116                      0                           0                           
GPU 5           73.951            0.000        0.000        0.000        510454                      318641                      0                           0                           
GPU 6           73.966            0.000        0.000        0.000        2206323                     1816941                     0                           0                           
GPU 7           73.221            0.000        0.000        0.000        2177558                     1797075                     0                           0                           
GPU 0           97.814            0.000        0.000        0.000        513672                      300865                      0                           0                           
GPU 1           99.932            0.000        0.000        0.000        6731513                     327275                      0                           0                           
GPU 2           99.010            0.000        0.000        0.000        506861                      299294                      0                           0                           
GPU 3           98.228            0.000        0.000        0.000        2855482                     2990214                     0                           0                           
GPU 4           72.011            0.000        0.000        0.000        508358                      318116                      0                           0                           
GPU 5           73.951            0.000        0.000        0.000        510454                      318641                      0                           0                           
GPU 6           73.966            0.000        0.000        0.000        2206323                     1816941                     0                           0                           
GPU 7           73.221            0.000        0.000        0.000        2177558                     1797075                     0                           0                           
GPU 0           97.719            0.000        0.000        0.000        6180620                     5379882                     0                           0                           
GPU 1           99.417            0.000        0.000        0.000        4730364                     5714662                     0                           0                           
GPU 2           99.228            0.000        0.000        0.000        6107806                     5267886                     0                           0                           
GPU 3           98.211            0.000        0.000        0.000        3624859                     6688362                     0                           0                           
GPU 4           72.009            0.000        0.000        0.000        6591903                     6311432                     0                           0                           
GPU 5           73.968            0.000        0.000        0.000        6809779                     5631995                     0                           0                           
GPU 6           73.999            0.000        0.000        0.000        7433997                     4122074                     0                           0                           
GPU 7           73.234            0.000        0.000        0.000        6854855                     4571653                     0                           0                           
GPU 0           97.687            0.000        0.000        0.000        8525020                     5252922                     0                           0                           
GPU 1           99.417            0.000        0.000        0.000        7057312                     3985457                     0                           0                           
GPU 2           99.188            0.000        0.000        0.000        6107806                     5201050                     0                           0                           
GPU 3           98.196            0.000        0.000        0.000        7823275                     4413771                     0                           0                           
GPU 4           72.026            0.000        0.000        0.000        7248714                     6468067                     0                           0                           
GPU 5           73.964            0.000        0.000        0.000        6470942                     6800151                     0                           0                           
GPU 6           74.005            0.000        0.000        0.000        7403646                     6494028                     0                           0                           
GPU 7           73.216            0.000        0.000        0.000        7206601                     5974061                     0                           0                           
GPU 0           97.536            0.000        0.000        0.000        527813                      320776                      0                           0                           
GPU 1           99.382            0.000        0.000        0.000        4584687                     3846198                     0                           0                           
GPU 2           98.861            0.000        0.000        0.000        558226                      346991                      0                           0                           
GPU 3           98.157            0.000        0.000        0.000        6475266                     5476249                     0                           0                           
GPU 4           72.012            0.000        0.000        0.000        598502                      396206                      0                           0                           
GPU 5           73.950            0.000        0.000        0.000        650511                      452672                      0                           0                           
GPU 6           73.959            0.000        0.000        0.000        5501676                     4729198                     0                           0                           
GPU 7           73.250            0.000        0.000        0.000        4697913                     4007403                     0                           0                           
GPU 0           97.521            0.000        0.000        0.000        3961524                     3294806                     0                           0                           
GPU 1           99.321            0.000        0.000        0.000        712803                      465037                      0                           0                           
GPU 2           99.138            0.000        0.000        0.000        4052648                     3389087                     0                           0                           
GPU 3           98.054            0.000        0.000        0.000        494448                      275470                      0                           0                           
GPU 4           72.038            0.000        0.000        0.000        4473172                     3829358                     0                           0                           
GPU 5           73.961            0.000        0.000        0.000        4143362                     3511848                     0                           0                           
GPU 6           74.037            0.000        0.000        0.000        1237285                     937135                      0                           0                           
GPU 7           73.218            0.000        0.000        0.000        1712754                     1355434                     0                           0                           
GPU 0           97.521            0.000        0.000        0.000        4247580                     3294806                     0                           0                           
GPU 1           99.323            0.000        0.000        0.000        7387024                     465037                      0                           0                           
GPU 2           99.138            0.000        0.000        0.000        4051569                     3389087                     0                           0                           
GPU 3           98.124            0.000        0.000        0.000        494448                      3546861                     0                           0                           
GPU 4           72.038            0.000        0.000        0.000        4646908                     3995415                     0                           0                           
GPU 5           73.961            0.000        0.000        0.000        4143362                     4035529                     0                           0                           
GPU 6           74.037            0.000        0.000        0.000        6165451                     5338116                     0                           0                           
GPU 7           73.218            0.000        0.000        0.000        6164234                     1355434                     0                           0                           
GPU 0           97.372            0.000        0.000        0.000        4261667                     3582400                     0                           0                           
GPU 1           99.320            0.000        0.000        0.000        489568                      293531                      0                           0                           
GPU 2           98.660            0.000        0.000        0.000        4048841                     3397136                     0                           0                           
GPU 3           98.135            0.000        0.000        0.000        500035                      293521                      0                           0                           
GPU 4           72.024            0.000        0.000        0.000        3432123                     2905958                     0                           0                           
GPU 5           73.970            0.000        0.000        0.000        4550430                     3909347                     0                           0                           
GPU 6           73.993            0.000        0.000        0.000        4761345                     4100371                     0                           0                           
GPU 7           73.205            0.000        0.000        0.000        5365420                     4631343                     0                           0                           
GPU 0           112.560           0.000        0.000        0.000        3634268                     3013388                     0                           0                           
GPU 1           99.190            0.000        0.001        0.011        5777583                     14974650                    203766889                   203767413                   
GPU 2           114.159           0.000        0.000        0.000        3568558                     2962918                     0                           0                           
GPU 3           113.749           0.000        0.001        0.011        5220777                     11736660                    200427330                   200426281                   
GPU 4           72.004            0.000        0.000        0.000        4259781                     3618901                     0                           0                           
GPU 5           73.957            0.000        0.000        0.000        3266816                     2733631                     0                           0                           
GPU 6           73.937            0.000        0.000        0.000        1658667                     1335318                     0                           0                           
GPU 7           73.251            0.000        0.000        0.000        494532                      300626                      0                           0                           
GPU 0           112.560           0.000        0.003        0.000        6228519                     3013388                     0                           0                           
GPU 1           122.797           0.029        0.001        0.011        5777583                     14974650                    203766889                   203767413                   
GPU 2           114.159           0.126        0.000        0.056        8894823                     2962918                     0                           0                           
GPU 3           113.749           0.020        0.007        0.011        5220777                     11736660                    200427330                   200426281                   
GPU 4           72.004            0.000        0.000        0.000        4259781                     314971                      0                           0                           
GPU 5           73.957            0.000        0.000        0.000        3266816                     444154                      0                           0                           
GPU 6           73.937            0.000        0.000        0.000        4512777                     1335318                     0                           0                           
GPU 7           73.251            0.000        0.000        0.000        4973271                     300626                      0                           0                           
GPU 0           173.723           0.160        0.006        0.077        13408008                    72664140                    1055276748                  1055277796                  
GPU 1           179.848           0.154        0.007        0.073        13102715                    74546109                    1024067854                  1024067451                  
GPU 2           171.910           0.168        0.006        0.081        14376487                    60542136                    885101513                   885102561                   
GPU 3           174.965           0.127        0.009        0.066        6924668                     53498604                    980348660                   980348660                   
GPU 4           71.961            0.000        0.000        0.000        508356                      3779415                     0                           0                           
GPU 5           73.933            0.000        0.000        0.000        635441                      3517047                     0                           0                           
GPU 6           73.858            0.000        0.000        0.000        699863                      3616320                     0                           0                           
GPU 7           73.169            0.000        0.000        0.000        1591619                     1246223                     0                           0                           
GPU 0           181.119           0.173        0.007        0.083        9953015                     71089825                    1169181416                  1169180892                  
GPU 1           182.590           0.175        0.008        0.083        10550077                    74625038                    1202748379                  1202750708                  
GPU 2           173.877           0.160        0.008        0.076        10493789                    77798435                    1114721505                  1114719932                  
GPU 3           169.381           0.155        0.009        0.081        13920190                    75911733                    1197721780                  1197721780                  
GPU 4           71.925            0.000        0.000        0.000        4434472                     1320583                     0                           0                           
GPU 5           73.891            0.000        0.000        0.000        4150650                     284046                      0                           0                           
GPU 6           73.966            0.000        0.000        0.000        4231752                     1960062                     0                           0                           
GPU 7           73.288            0.000        0.000        0.000        2695870                     2267172                     0                           0                           
GPU 0           174.075           0.151        0.006        0.074        13703778                    71300320                    961900247                   961899199                   
GPU 1           177.897           0.152        0.007        0.073        13937863                    73855897                    970039978                   970037882                   
GPU 2           170.818           0.152        0.008        0.071        13944154                    71888126                    1089766629                  1089769012                  
GPU 3           168.533           0.139        0.008        0.075        10827299                    60196256                    1004686755                  1004687629                  
GPU 4           72.010            0.000        0.000        0.000        1643742                     2678536                     0                           0                           
GPU 5           73.893            0.000        0.000        0.000        466422                      3924215                     0                           0                           
GPU 6           73.875            0.000        0.000        0.000        2377897                     1908231                     0                           0                           
GPU 7           73.306            0.000        0.000        0.000        4227193                     3607211                     0                           0                           
GPU 0           172.037           0.147        0.006        0.070        12501645                    69076519                    969040592                   969040188                   
GPU 1           177.417           0.150        0.007        0.070        10274571                    69613953                    987892815                   987892815                   
GPU 2           168.456           0.144        0.007        0.068        13436255                    72227795                    936834488                   936833058                   
GPU 3           167.258           0.130        0.008        0.070        6882920                     51046712                    988406382                   988406382                   
GPU 4           71.829            0.000        0.000        0.000        3166496                     3645222                     0                           0                           
GPU 5           73.820            0.000        0.000        0.000        3070289                     2560072                     0                           0                           
GPU 6           73.807            0.000        0.000        0.000        2307696                     3630337                     0                           0                           
GPU 7           73.260            0.000        0.000        0.000        439691                      239614                      0                           0                           
#Entity         POWER             SMACT        TENSO        DRAMA        PCITX                       PCIRX                       NVLTX                       NVLRX                       
ID               W                                                                                                                                                                       
GPU 0           169.994           0.139        0.005        0.066        7494947                     53314945                    961598266                   961600231                   
GPU 1           173.520           0.147        0.007        0.069        13818625                    70848364                    952228877                   952230974                   
GPU 2           167.074           0.142        0.007        0.065        9961897                     66999834                    957558109                   957558691                   
GPU 3           167.258           0.129        0.008        0.070        10616346                    53292423                    954423485                   954423485                   
GPU 4           71.917            0.000        0.000        0.000        4279311                     333836                      0                           0                           
GPU 5           73.950            0.000        0.000        0.000        507833                      317592                      0                           0                           
GPU 6           73.833            0.000        0.000        0.000        4256004                     3630337                     0                           0                           
GPU 7           73.316            0.000        0.000        0.000        4983322                     4318918                     0                           0                           
GPU 0           169.852           0.141        0.006        0.067        10096560                    54174851                    975513248                   975512771                   
GPU 1           174.743           0.145        0.006        0.069        13163448                    68913378                    939653346                   939652036                   
GPU 2           167.587           0.146        0.007        0.067        13266853                    71531632                    974436576                   974437053                   
GPU 3           164.932           0.130        0.007        0.070        7329097                     52649626                    936318237                   936317761                   
GPU 4           71.904            0.000        0.000        0.000        4444537                     3788416                     0                           0                           
GPU 5           73.794            0.000        0.000        0.000        4411738                     3768239                     0                           0                           
GPU 6           73.925            0.000        0.000        0.000        434029                      4178564                     0                           0                           
GPU 7           73.203            0.000        0.000        0.000        1795802                     1430265                     0                           0                           
GPU 0           171.587           0.138        0.005        0.067        6718819                     50241782                    926716522                   926718094                   
GPU 1           177.197           0.143        0.006        0.065        10171577                    72583289                    972433279                   972432231                   
GPU 2           167.925           0.140        0.007        0.066        10125538                    69199136                    929452293                   929451128                   
GPU 3           168.834           0.132        0.008        0.064        12122568                    70695720                    930305662                   930305225                   
GPU 4           71.888            0.000        0.000        0.000        703221                      470243                      0                           0                           
GPU 5           73.788            0.000        0.000        0.000        1113675                     833728                      0                           0                           
GPU 6           73.723            0.000        0.000        0.000        1574388                     1237674                     0                           0                           
GPU 7           73.295            0.000        0.000        0.000        2719374                     2273909                     0                           0                           
GPU 0           170.569           0.140        0.006        0.069        10543807                    53914504                    974180602                   974179030                   
GPU 1           173.088           0.146        0.007        0.070        13695711                    69230596                    928213610                   928214658                   
GPU 2           168.150           0.148        0.007        0.069        14010335                    72219892                    973293246                   973294295                   
GPU 3           165.692           0.130        0.007        0.069        12866313                    67312567                    972961656                   972961656                   
GPU 4           71.947            0.000        0.000        0.000        4326630                     3711285                     0                           0                           
GPU 5           73.688            0.000        0.000        0.000        3653364                     3097848                     0                           0                           
GPU 6           73.931            0.000        0.000        0.000        2728391                     2274532                     0                           0                           
GPU 7           73.300            0.000        0.000        0.000        4050542                     3420609                     0                           0                           
GPU 0           170.800           0.139        0.005        0.068        9769003                     53619024                    939348131                   939348568                   
GPU 1           173.923           0.143        0.006        0.065        10293187                    72862631                    977760055                   977759007                   
GPU 2           168.186           0.141        0.007        0.066        10830208                    70084526                    938542542                   938541232                   
GPU 3           166.852           0.128        0.007        0.064        9972678                     70850661                    938519166                   938520214                   
GPU 4           71.891            0.000        0.000        0.000        3459313                     2891568                     0                           0                           
GPU 5           73.863            0.000        0.000        0.000        3701777                     3104824                     0                           0                           
GPU 6           73.800            0.000        0.000        0.000        4123963                     3495070                     0                           0                           
GPU 7           73.251            0.000        0.000        0.000        498916                      305009                      0                           0                           
GPU 0           170.800           0.138        0.005        0.067        9769003                     50615829                    928125018                   928125673                   
GPU 1           173.923           0.143        0.006        0.064        10293187                    72862631                    936228481                   936228481                   
GPU 2           166.626           0.141        0.007        0.066        10830208                    71866877                    930817943                   930819107                   
GPU 3           166.852           0.128        0.007        0.065        13552840                    70850661                    959961438                   959962486                   
GPU 4           71.973            0.000        0.000        0.000        3459313                     2891568                     0                           0                           
GPU 5           73.757            0.000        0.000        0.000        538751                      3104824                     0                           0                           
GPU 6           73.794            0.000        0.000        0.000        4123963                     3495070                     0                           0                           
GPU 7           73.252            0.000        0.000        0.000        498916                      3683223                     0                           0                           
GPU 0           171.612           0.137        0.006        0.067        9546496                     52218785                    957096319                   957097192                   
GPU 1           174.894           0.142        0.006        0.065        10951787                    70528800                    954405138                   954406011                   
GPU 2           168.473           0.144        0.007        0.066        13376465                    70742808                    961715095                   961715619                   
GPU 3           165.909           0.129        0.007        0.063        9556277                     71549362                    940231648                   940230076                   
GPU 4           71.887            0.000        0.000        0.000        570661                      375006                      0                           0                           
GPU 5           73.772            0.000        0.000        0.000        4394926                     342746                      0                           0                           
GPU 6           73.881            0.000        0.000        0.000        455417                      261511                      0                           0                           
GPU 7           73.216            0.000        0.000        0.000        1118873                     828455                      0                           0                           
GPU 0           172.316           0.142        0.006        0.069        6922647                     51449489                    942576446                   942575398                   
GPU 1           176.969           0.149        0.007        0.071        10951787                    70728618                    944849760                   944849760                   
GPU 2           168.633           0.144        0.007        0.069        10421456                    69935650                    941963393                   941963917                   
GPU 3           167.716           0.131        0.008        0.068        13686824                    71549362                    957617936                   957616626                   
GPU 4           71.906            0.000        0.000        0.000        4197186                     3555738                     0                           0                           
GPU 5           73.850            0.000        0.000        0.000        738414                      3754578                     0                           0                           
GPU 6           73.844            0.000        0.000        0.000        4386969                     3749703                     0                           0                           
GPU 7           73.214            0.000        0.000        0.000        3587839                     3062818                     0                           0                           
GPU 0           168.842           0.132        0.005        0.064        10462240                    52658145                    960557172                   960555076                   
GPU 1           173.732           0.142        0.006        0.065        10281153                    71067319                    956389274                   956388797                   
GPU 2           166.970           0.141        0.007        0.064        13709358                    71012674                    961496779                   961495206                   
GPU 3           165.631           0.129        0.007        0.064        12833793                    68517063                    944689611                   944690776                   
GPU 4           71.890            0.000        0.000        0.000        455952                      269378                      0                           0                           
GPU 5           73.875            0.000        0.000        0.000        4385797                     511173                      0                           0                           
GPU 6           73.859            0.000        0.000        0.000        1636813                     1307965                     0                           0                           
GPU 7           73.279            0.000        0.000        0.000        2470460                     2028764                     0                           0                           
GPU 0           168.959           0.135        0.005        0.064        8202892                     52467446                    943735627                   943738009                   
GPU 1           175.342           0.143        0.006        0.067        14190036                    70053032                    945964621                   945963573                   
GPU 2           169.066           0.147        0.007        0.069        11281814                    70242438                    975441965                   975443174                   
GPU 3           167.822           0.131        0.008        0.068        10045745                    71159908                    983861441                   983861965                   
GPU 4           71.914            0.000        0.000        0.000        3326741                     2800299                     0                           0                           
GPU 5           73.816            0.000        0.000        0.000        2785185                     3755844                     0                           0                           
GPU 6           73.718            0.000        0.000        0.000        3459593                     2940097                     0                           0                           
GPU 7           73.296            0.000        0.000        0.000        2219883                     1843525                     0                           0                           
GPU 0           172.831           0.141        0.006        0.069        9322537                     53240194                    993273267                   993273267                   
GPU 1           175.633           0.146        0.006        0.067        10677893                    72902984                    985014446                   985014970                   
GPU 2           170.145           0.145        0.007        0.068        12815952                    72023345                    947161063                   947161063                   
GPU 3           167.343           0.132        0.008        0.066        13821711                    68658700                    950526702                   950526226                   
GPU 4           71.912            0.000        0.000        0.000        584639                      392477                      0                           0                           
GPU 5           73.843            0.000        0.000        0.000        1570801                     2315429                     0                           0                           
GPU 6           73.869            0.000        0.000        0.000        2490802                     2056366                     0                           0                           
GPU 7           73.312            0.000        0.000        0.000        4514172                     3893768                     0                           0                           
GPU 0           172.313           0.141        0.006        0.069        9853645                     53914667                    980564849                   980563102                   
GPU 1           174.544           0.147        0.006        0.070        13742338                    70524404                    950245823                   950246299                   
GPU 2           169.117           0.148        0.007        0.069        13798865                    72470639                    989132663                   989131615                   
GPU 3           166.727           0.131        0.007        0.066        9825605                     71608251                    988503762                   988505509                   
GPU 4           71.915            0.000        0.000        0.000        4512267                     3864588                     0                           0                           
GPU 5           73.891            0.000        0.000        0.000        4527802                     1253972                     0                           0                           
GPU 6           73.936            0.000        0.000        0.000        4519512                     1857732                     0                           0                           
GPU 7           73.196            0.000        0.000        0.000        675173                      439343                      0                           0                           
GPU 0           172.359           0.143        0.006        0.070        7007116                     51734334                    946251316                   946254810                   
GPU 1           175.393           0.145        0.006        0.068        13514563                    72761196                    938527957                   938526051                   
GPU 2           169.580           0.144        0.007        0.068        10247319                    69553684                    941097790                   941099362                   
GPU 3           168.122           0.130        0.008        0.067        13023264                    71306085                    941507778                   941507342                   
GPU 4           71.885            0.000        0.000        0.000        270615                      97192                       0                           0                           
GPU 5           73.915            0.000        0.000        0.000        2634195                     3893700                     0                           0                           
GPU 6           73.903            0.000        0.000        0.000        677793                      448950                      0                           0                           
GPU 7           73.175            0.000        0.000        0.000        3917453                     3358865                     0                           0                           
GPU 0           171.461           0.142        0.006        0.070        10555806                    54545756                    940170607                   940168511                   
GPU 1           175.205           0.144        0.006        0.067        10168501                    68905984                    980004145                   980004669                   
GPU 2           168.753           0.146        0.007        0.069        14205258                    73424056                    947493962                   947492914                   
GPU 3           167.056           0.132        0.008        0.065        9997100                     66945850                    983674049                   983673394                   
GPU 4           71.892            0.000        0.000        0.000        5076988                     4374164                     0                           0                           
GPU 5           73.794            0.000        0.000        0.000        1142461                     2179378                     0                           0                           
GPU 6           73.872            0.000        0.000        0.000        4362164                     3749726                     0                           0                           
GPU 7           73.271            0.000        0.000        0.000        3044262                     2539592                     0                           0                           
#Entity         POWER             SMACT        TENSO        DRAMA        PCITX                       PCIRX                       NVLTX                       NVLRX                       
ID               W                                                                                                                                                                       
GPU 0           172.180           0.140        0.006        0.068        6773387                     50916419                    978739058                   978739058                   
GPU 1           176.881           0.145        0.006        0.069        14234618                    73754199                    949226458                   949226458                   
GPU 2           169.759           0.145        0.007        0.067        10291978                    68692596                    973575820                   973576296                   
GPU 3           167.224           0.128        0.007        0.065        13582272                    71822782                    947958733                   947959257                   
GPU 4           71.850            0.000        0.000        0.000        1338504                     1026152                     0                           0                           
GPU 5           73.931            0.000        0.000        0.000        4531010                     877284                      0                           0                           
GPU 6           73.695            0.000        0.000        0.000        2775307                     2301323                     0                           0                           
GPU 7           73.242            0.000        0.000        0.000        1650338                     1329075                     0                           0                           
GPU 0           171.412           0.140        0.006        0.068        11323924                    50916419                    978739058                   978739058                   
GPU 1           176.881           0.145        0.006        0.069        14234618                    69597678                    949226458                   949226458                   
GPU 2           169.759           0.147        0.007        0.070        14074274                    68692596                    973575820                   973576296                   
GPU 3           167.044           0.128        0.007        0.065        13582272                    71822782                    947958733                   947959257                   
GPU 4           71.850            0.000        0.000        0.000        3434772                     2913320                     0                           0                           
GPU 5           73.931            0.000        0.000        0.000        4531010                     3887990                     0                           0                           
GPU 6           73.695            0.000        0.000        0.000        2775307                     1519390                     0                           0                           
GPU 7           73.242            0.000        0.000        0.000        4512239                     1329075                     0                           0                           
GPU 0           170.599           0.138        0.005        0.067        9677084                     53561792                    982069260                   982069697                   
GPU 1           175.034           0.144        0.006        0.066        10389768                    73210561                    981979611                   981979135                   
GPU 2           169.685           0.147        0.007        0.068        13008934                    71756594                    980419703                   980419703                   
GPU 3           167.074           0.131        0.007        0.065        10083854                    68231232                    989109693                   989109168                   
GPU 4           71.946            0.000        0.000        0.000        4219785                     3585219                     0                           0                           
GPU 5           73.815            0.000        0.000        0.000        2198534                     1790871                     0                           0                           
GPU 6           73.811            0.000        0.000        0.000        1851338                     3548842                     0                           0                           
GPU 7           73.300            0.000        0.000        0.000        1128065                     838079                      0                           0                           
GPU 0           170.193           0.136        0.005        0.065        6907029                     51376368                    942792454                   942791930                   
GPU 1           175.428           0.143        0.006        0.067        13906739                    71869366                    947446654                   947447818                   
GPU 2           169.079           0.144        0.007        0.068        10214019                    69809073                    949091482                   949090958                   
GPU 3           167.642           0.129        0.007        0.066        13794264                    72093236                    948893458                   948893458                   
GPU 4           71.931            0.000        0.000        0.000        505738                      325454                      0                           0                           
GPU 5           73.819            0.000        0.000        0.000        1680184                     1359450                     0                           0                           
GPU 6           73.926            0.000        0.000        0.000        4170361                     259934                      0                           0                           
GPU 7           73.196            0.000        0.000        0.000        3638275                     3107791                     0                           0                           
GPU 0           176.362           0.137        0.005        0.066        10336017                    54176957                    987802188                   987802712                   
GPU 1           174.559           0.143        0.006        0.065        13264621                    72851907                    980098313                   980096884                   
GPU 2           168.186           0.143        0.007        0.065        13876815                    72016574                    983476198                   983478295                   
GPU 3           170.041           0.128        0.007        0.065        10335299                    68806707                    944420417                   944421847                   
GPU 4           71.867            0.000        0.000        0.000        4500720                     3852969                     0                           0                           
GPU 5           73.743            0.000        0.000        0.000        4415834                     3779086                     0                           0                           
GPU 6           73.729            0.000        0.000        0.000        458030                      3790574                     0                           0                           
GPU 7           73.180            0.000        0.000        0.000        2058534                     1661815                     0                           0                           
GPU 0           183.368           0.167        0.007        0.081        9247412                     67515804                    1119386015                  1119385491                  
GPU 1           184.329           0.154        0.007        0.072        10552415                    79423881                    1042610235                  1042610235                  
GPU 2           177.062           0.166        0.008        0.078        10311700                    74936967                    1144792682                  1144793206                  
GPU 3           175.656           0.155        0.009        0.065        13451425                    77013515                    1178567763                  1178569073                  
GPU 4           71.920            0.000        0.000        0.000        710746                      468749                      0                           0                           
GPU 5           73.848            0.000        0.000        0.000        1442333                     1119652                     0                           0                           
GPU 6           73.788            0.000        0.000        0.000        1943536                     1566601                     0                           0                           
GPU 7           73.239            0.000        0.000        0.000        2549642                     2120946                     0                           0                           
GPU 0           180.441           0.177        0.007        0.085        13751314                    75378566                    1198475961                  1198475437                  
GPU 1           183.116           0.170        0.007        0.079        14144876                    75430585                    1177442382                  1177441334                  
GPU 2           176.480           0.172        0.008        0.080        14247219                    78324589                    1215904547                  1215899306                  
GPU 3           174.523           0.152        0.009        0.080        13225861                    73406345                    1225494177                  1225492605                  
GPU 4           71.830            0.000        0.000        0.000        3983377                     3406312                     0                           0                           
GPU 5           73.853            0.000        0.000        0.000        3073392                     2585422                     0                           0                           
GPU 6           73.854            0.000        0.000        0.000        2417112                     2005428                     0                           0                           
GPU 7           73.147            0.000        0.000        0.000        4118641                     3492905                     0                           0                           
GPU 0           172.223           0.164        0.006        0.075        13389438                    75900564                    1205898540                  1205899589                  
GPU 1           175.983           0.168        0.007        0.077        10550512                    75334175                    1220945538                  1220947634                  
GPU 2           172.021           0.160        0.007        0.072        11324496                    75935806                    1163055991                  1163059659                  
GPU 3           168.583           0.138        0.007        0.078        10244647                    73100846                    1082699403                  1082699927                  
GPU 4           71.861            0.000        0.000        0.000        3274482                     2742789                     0                           0                           
GPU 5           73.786            0.000        0.000        0.000        3555750                     2993957                     0                           0                           
GPU 6           73.762            0.000        0.000        0.000        4128742                     3508906                     0                           0                           
GPU 7           73.248            0.000        0.000        0.000        440697                      244408                      0                           0                           
GPU 0           172.223           0.135        0.006        0.064        10207034                    51004998                    989993817                   989993293                   
GPU 1           177.552           0.145        0.006        0.066        11821763                    75334175                    1086861209                  1086861209                  
GPU 2           168.806           0.142        0.007        0.072        11324496                    71526588                    991055394                   991054346                   
GPU 3           168.583           0.130        0.007        0.067        13673358                    68876579                    952017685                   952017209                   
GPU 4           71.914            0.000        0.000        0.000        3274482                     967809                      0                           0                           
GPU 5           73.766            0.000        0.000        0.000        1123630                     867879                      0                           0                           
GPU 6           73.883            0.000        0.000        0.000        520491                      3508906                     0                           0                           
GPU 7           73.248            0.000        0.000        0.000        440697                      4165777                     0                           0                           
GPU 0           173.440           0.145        0.006        0.069        6932563                     55329434                    956567251                   956567728                   
GPU 1           175.435           0.145        0.006        0.068        11821226                    70120255                    950742020                   950741146                   
GPU 2           170.640           0.148        0.007        0.071        13708437                    68372119                    957143133                   957145230                   
GPU 3           166.960           0.135        0.008        0.067        10220752                    70682421                    989630196                   989630778                   
GPU 4           71.826            0.000        0.000        0.000        4277463                     3651800                     0                           0                           
GPU 5           73.834            0.000        0.000        0.000        4489844                     3853752                     0                           0                           
GPU 6           73.733            0.000        0.000        0.000        4427439                     3783343                     0                           0                           
GPU 7           73.210            0.000        0.000        0.000        3643591                     911398                      0                           0                           
GPU 0           174.809           0.140        0.006        0.072        10724134                    51369104                    988209765                   988209765                   
GPU 1           176.820           0.145        0.006        0.067        13490294                    73051784                    988214366                   988214366                   
GPU 2           170.215           0.147        0.007        0.068        10129067                    73320842                    983983286                   983982762                   
GPU 3           168.426           0.132        0.008        0.068        13533816                    71676130                    955818434                   955817561                   
GPU 4           71.864            0.000        0.000        0.000        445462                      252031                      0                           0                           
GPU 5           73.810            0.000        0.000        0.000        709892                      466908                      0                           0                           
GPU 6           73.848            0.000        0.000        0.000        726569                      480727                      0                           0                           
GPU 7           73.195            0.000        0.000        0.000        2445145                     3104447                     0                           0                           
GPU 0           174.809           0.146        0.006        0.072        6745627                     55846002                    957983050                   957983574                   
GPU 1           177.074           0.148        0.006        0.068        10161851                    73051784                    955537445                   955536492                   
GPU 2           170.654           0.147        0.007        0.067        9989439                     73320842                    955894648                   955895172                   
GPU 3           168.426           0.135        0.008        0.068        13011219                    68400376                    1002499756                  1002499756                  
GPU 4           71.862            0.000        0.000        0.000        445462                      4387742                     0                           0                           
GPU 5           73.852            0.000        0.000        0.000        4409702                     3783155                     0                           0                           
GPU 6           73.885            0.000        0.000        0.000        3964055                     480727                      0                           0                           
GPU 7           73.195            0.000        0.000        0.000        2258224                     2021201                     0                           0                           
GPU 0           177.967           0.143        0.006        0.071        10970599                    51600826                    994689951                   994689951                   
GPU 1           179.100           0.149        0.006        0.068        14253368                    74077479                    999441395                   999441919                   
GPU 2           169.600           0.148        0.007        0.070        14034909                    69384707                    1000252610                  1000251038                  
GPU 3           170.870           0.132        0.008        0.067        10038018                    72405182                    959111200                   959111724                   
GPU 4           71.875            0.000        0.000        0.000        1197270                     897595                      0                           0                           
GPU 5           73.798            0.000        0.000        0.000        2819051                     2342586                     0                           0                           
GPU 6           73.837            0.000        0.000        0.000        2955041                     2458779                     0                           0                           
GPU 7           73.204            0.000        0.000        0.000        4388882                     1867266                     0                           0                           
GPU 0           177.967           0.148        0.007        0.073        12734165                    56397538                    958955750                   958955226                   
GPU 1           187.147           0.171        0.007        0.071        10663044                    74077479                    957744952                   957743380                   
GPU 2           173.119           0.174        0.007        0.083        13354781                    73932876                    980187389                   980186341                   
GPU 3           170.870           0.148        0.009        0.068        13647807                    71939794                    1144957879                  1144958356                  
GPU 4           71.893            0.000        0.000        0.000        1197270                     3217229                     0                           0                           
GPU 5           73.779            0.000        0.000        0.000        1451106                     1158789                     0                           0                           
GPU 6           73.779            0.000        0.000        0.000        1683273                     2458779                     0                           0                           
GPU 7           73.237            0.000        0.000        0.000        659455                      3760027                     0                           0                           
#Entity         POWER             SMACT        TENSO        DRAMA        PCITX                       PCIRX                       NVLTX                       NVLRX                       
ID               W                                                                                                                                                                       
GPU 0           183.603           0.175        0.007        0.086        10067252                    71885173                    1198973235                  1198972832                  
GPU 1           187.738           0.176        0.008        0.084        14391157                    79567543                    1164655168                  1164658026                  
GPU 2           179.009           0.176        0.009        0.084        10635623                    75179119                    1201700204                  1201701515                  
GPU 3           177.733           0.159        0.010        0.083        14722946                    78370983                    1167512080                  1167511498                  
GPU 4           71.804            0.000        0.000        0.000        502067                      310254                      0                           0                           
GPU 5           73.870            0.000        0.000        0.000        4185933                     3562864                     0                           0                           
GPU 6           73.782            0.000        0.000        0.000        4378149                     3733009                     0                           0                           
GPU 7           73.213            0.000        0.000        0.000        3780168                     424060                      0                           0                           
GPU 0           175.118           0.156        0.006        0.076        11608534                    62668793                    1152854007                  1152854007                  
GPU 1           180.555           0.164        0.007        0.078        13668765                    76138897                    1168999198                  1168999198                  
GPU 2           171.295           0.149        0.007        0.070        14232698                    74305931                    1203961847                  1203961323                  
GPU 3           168.676           0.152        0.009        0.079        10555895                    72947887                    1163441943                  1163442467                  
GPU 4           71.779            0.000        0.000        0.000        4456600                     3807815                     0                           0                           
GPU 5           73.902            0.000        0.000        0.000        453851                      256274                      0                           0                           
GPU 6           73.820            0.000        0.000        0.000        204916                      21487                       0                           0                           
GPU 7           73.322            0.000        0.000        0.000        1865711                     3204732                     0                           0                           
GPU 0           173.495           0.141        0.006        0.069        6947213                     51589979                    1080535006                  1080536054                  
GPU 1           177.156           0.143        0.006        0.067        10373600                    70264344                    1120206097                  1120205621                  
GPU 2           169.632           0.145        0.007        0.068        9901525                     69372521                    983165666                   983166190                   
GPU 3           167.661           0.129        0.007        0.065        13215124                    71749029                    941057822                   941057822                   
GPU 4           71.894            0.000        0.000        0.000        720848                      479295                      0                           0                           
GPU 5           73.816            0.000        0.000        0.000        4406278                     3764307                     0                           0                           
GPU 6           73.826            0.000        0.000        0.000        4372189                     1394990                     0                           0                           
GPU 7           73.147            0.000        0.000        0.000        2699489                     1489949                     0                           0                           
GPU 0           174.941           0.140        0.006        0.068        10783386                    54679462                    946123409                   946122885                   
GPU 1           176.845           0.146        0.006        0.067        13868491                    72430924                    943677967                   943675638                   
GPU 2           169.632           0.145        0.007        0.066        14126068                    72768513                    945570285                   945571333                   
GPU 3           168.998           0.132        0.008        0.065        10034669                    70933141                    982020563                   982019610                   
GPU 4           71.894            0.000        0.000        0.000        4012304                     3433203                     0                           0                           
GPU 5           73.816            0.000        0.000        0.000        2375641                     1945502                     0                           0                           
GPU 6           73.748            0.000        0.000        0.000        1752790                     2634301                     0                           0                           
GPU 7           73.189            0.000        0.000        0.000        4242859                     2250360                     0                           0                           
GPU 0           173.326           0.144        0.006        0.070        10142005                    54579499                    984934691                   984935215                   
GPU 1           176.880           0.145        0.006        0.069        10286598                    70152001                    984237327                   984238375                   
GPU 2           169.891           0.145        0.007        0.067        13133823                    71257339                    988212190                   988211142                   
GPU 3           168.315           0.132        0.008        0.066        13827832                    68786869                    947265959                   947265959                   
GPU 4           71.979            0.000        0.000        0.000        3812933                     3209837                     0                           0                           
GPU 5           73.820            0.000        0.000        0.000        1710074                     1389860                     0                           0                           
GPU 6           73.941            0.000        0.000        0.000        3105960                     2978924                     0                           0                           
GPU 7           73.207            0.000        0.000        0.000        441268                      3642800                     0                           0                           
GPU 0           173.326           0.144        0.006        0.070        6798135                     54579499                    949459472                   949459472                   
GPU 1           176.300           0.145        0.006        0.069        13962386                    70152001                    949014167                   949014691                   
GPU 2           169.891           0.142        0.007        0.067        10444942                    71257339                    974989291                   974990720                   
GPU 3           168.803           0.132        0.007        0.066        13827832                    71690477                    979152473                   979153521                   
GPU 4           71.979            0.000        0.000        0.000        499447                      307634                      0                           0                           
GPU 5           73.820            0.000        0.000        0.000        4424170                     3783237                     0                           0                           
GPU 6           73.941            0.000        0.000        0.000        3533837                     825426                      0                           0                           
GPU 7           73.207            0.000        0.000        0.000        4330470                     241073                      0                           0                           
GPU 0           173.522           0.143        0.006        0.070        10161718                    54649252                    948716575                   948717052                   
GPU 1           177.399           0.144        0.006        0.068        12740951                    72261485                    947089847                   947089847                   
GPU 2           170.120           0.144        0.007        0.068        13637040                    72625363                    942248320                   942246573                   
GPU 3           167.748           0.129        0.008        0.066        14159706                    69071618                    943863646                   943862694                   
GPU 4           72.136            0.000        0.000        0.000        4823193                     4122770                     0                           0                           
GPU 5           73.800            0.000        0.000        0.000        1120648                     830223                      0                           0                           
GPU 6           73.699            0.000        0.000        0.000        1085894                     3740774                     0                           0                           
GPU 7           73.282            0.000        0.000        0.000        1206673                     908458                      0                           0                           
GPU 0           173.522           0.143        0.006        0.070        6814153                     54649252                    976404527                   976404003                   
GPU 1           176.800           0.146        0.006        0.068        10048103                    72261485                    977048483                   977049531                   
GPU 2           169.656           0.144        0.007        0.066        10150541                    72625363                    948647981                   948648505                   
GPU 3           168.249           0.132        0.007        0.066        14159706                    71044852                    980473468                   980472304                   
GPU 4           72.159            0.000        0.000        0.000        282050                      98622                       0                           0                           
GPU 5           73.830            0.000        0.000        0.000        3652123                     3093124                     0                           0                           
GPU 6           73.884            0.000        0.000        0.000        4385898                     467383                      0                           0                           
GPU 7           73.282            0.000        0.000        0.000        3601937                     3071401                     0                           0                           
GPU 0           173.819           0.140        0.006        0.069        10533122                    53862165                    926424746                   926424222                   
GPU 1           176.711           0.142        0.006        0.067        14043879                    72950925                    926220527                   926219479                   
GPU 2           169.777           0.143        0.007        0.067        13933708                    72281700                    981304460                   981302888                   
GPU 3           167.681           0.128        0.007        0.066        12490334                    69186051                    928257035                   928257511                   
GPU 4           72.073            0.000        0.000        0.000        4993254                     4323179                     0                           0                           
GPU 5           73.847            0.000        0.000        0.000        2758862                     2294844                     0                           0                           
GPU 6           73.811            0.000        0.000        0.000        708460                      3666681                     0                           0                           
GPU 7           73.261            0.000        0.000        0.000        2426466                     1987291                     0                           0                           
GPU 0           173.255           0.140        0.006        0.068        7016672                     50956756                    981077285                   981078238                   
GPU 1           175.053           0.143        0.006        0.066        10395089                    69476462                    976563668                   976563668                   
GPU 2           169.943           0.143        0.007        0.066        12304754                    71004506                    973440678                   973440678                   
GPU 3           167.170           0.132        0.007        0.064        13470300                    70295402                    989440877                   989440877                   
GPU 4           72.154            0.000        0.000        0.000        2491740                     2052733                     0                           0                           
GPU 5           73.805            0.000        0.000        0.000        1836014                     1502352                     0                           0                           
GPU 6           73.747            0.000        0.000        0.000        1949093                     1569375                     0                           0                           
GPU 7           73.125            0.000        0.000        0.000        2153389                     1783922                     0                           0                           
GPU 0           172.966           0.139        0.005        0.067        10526561                    54179444                    938060643                   938060061                   
GPU 1           175.810           0.140        0.006        0.065        13863651                    73106931                    941105944                   941105361                   
GPU 2           169.848           0.144        0.007        0.065        10668854                    68978649                    983462712                   983462130                   
GPU 3           167.467           0.127        0.007        0.064        10030355                    71547412                    942037435                   942037435                   
GPU 4           72.039            0.000        0.000        0.000        1559143                     1241025                     0                           0                           
GPU 5           73.794            0.000        0.000        0.000        4204428                     3572506                     0                           0                           
GPU 6           73.911            0.000        0.000        0.000        2512898                     2084211                     0                           0                           
GPU 7           73.207            0.000        0.000        0.000        4319345                     3678413                     0                           0                           
GPU 0           173.795           0.139        0.006        0.068        9952732                     53658709                    978900293                   978891717                   
GPU 1           178.305           0.146        0.006        0.068        13033660                    71823798                    976542307                   976544928                   
GPU 2           170.142           0.143        0.007        0.068        13839325                    73087760                    946605071                   946606119                   
GPU 3           167.949           0.130        0.007        0.065        13695131                    67954637                    980884191                   980884191                   
GPU 4           72.108            0.000        0.000        0.000        4501885                     3868865                     0                           0                           
GPU 5           73.815            0.000        0.000        0.000        469561                      277754                      0                           0                           
GPU 6           73.697            0.000        0.000        0.000        4170066                     3536983                     0                           0                           
GPU 7           73.263            0.000        0.000        0.000        266761                      83330                       0                           0                           
GPU 0           173.795           0.139        0.006        0.068        9952732                     53658709                    947364365                   947374264                   
GPU 1           178.305           0.146        0.006        0.068        10399491                    71823798                    948386593                   948385938                   
GPU 2           170.142           0.143        0.007        0.068        13839325                    73087760                    948743918                   948545294                   
GPU 3           167.949           0.130        0.007        0.065        13695131                    68157727                    946512609                   946513657                   
GPU 4           72.108            0.000        0.000        0.000        4501885                     3868865                     0                           0                           
GPU 5           73.815            0.000        0.000        0.000        4485977                     277754                      0                           0                           
GPU 6           73.697            0.000        0.000        0.000        4170066                     3536983                     0                           0                           
GPU 7           73.263            0.000        0.000        0.000        266761                      3760750                     0                           0                           
GPU 0           171.943           0.137        0.006        0.067        10190525                    53155814                    975896507                   975897031                   
GPU 1           177.623           0.144        0.006        0.068        13435703                    70322025                    971430275                   971429751                   
GPU 2           168.851           0.144        0.007        0.067        10212102                    69736929                    971798167                   971996800                   
GPU 3           167.507           0.127        0.007        0.065        10528786                    70817715                    967493340                   967492937                   
GPU 4           72.068            0.000        0.000        0.000        273948                      88616                       0                           0                           
GPU 5           73.762            0.000        0.000        0.000        2663786                     2205597                     0                           0                           
GPU 6           73.784            0.000        0.000        0.000        4519561                     243695                      0                           0                           
GPU 7           73.185            0.000        0.000        0.000        1873897                     1505756                     0                           0                           
#Entity         POWER             SMACT        TENSO        DRAMA        PCITX                       PCIRX                       NVLTX                       NVLRX                       
ID               W                                                                                                                                                                       
GPU 0           173.889           0.140        0.005        0.067        7150258                     53290209                    963501454                   963501979                   
GPU 1           187.274           0.142        0.006        0.065        10498321                    71226627                    990785865                   990785865                   
GPU 2           170.354           0.141        0.007        0.064        13880727                    71540381                    1049168505                  1049168029                  
GPU 3           169.512           0.155        0.007        0.065        12737696                    77388296                    942424522                   942425570                   
GPU 4           72.159            0.000        0.000        0.000        5064787                     4373023                     0                           0                           
GPU 5           73.774            0.000        0.000        0.000        1136206                     878883                      0                           0                           
GPU 6           73.765            0.000        0.000        0.000        2692746                     3883343                     0                           0                           
GPU 7           73.213            0.000        0.000        0.000        2793870                     2368792                     0                           0                           
GPU 0           184.658           0.175        0.007        0.084        10766896                    72892001                    1176918717                  1176918193                  
GPU 1           187.059           0.174        0.008        0.084        14411939                    78368642                    1217004754                  1217004230                  
GPU 2           178.839           0.173        0.008        0.082        13502061                    78422972                    1222143450                  1222144032                  
GPU 3           177.885           0.154        0.009        0.080        10371177                    74001753                    1154857719                  1154857195                  
GPU 4           72.141            0.000        0.000        0.000        3577219                     3003900                     0                           0                           
GPU 5           73.842            0.000        0.000        0.000        4455359                     837183                      0                           0                           
GPU 6           73.697            0.000        0.000        0.000        1868231                     1525217                     0                           0                           
GPU 7           73.176            0.000        0.000        0.000        486431                      3448894                     0                           0                           
GPU 0           184.133           0.175        0.007        0.084        12852940                    74318184                    1215055404                  1215055987                  
GPU 1           187.853           0.175        0.008        0.083        13088830                    75469326                    1211175833                  1211175308                  
GPU 2           179.547           0.175        0.009        0.084        10667099                    75396988                    1214865005                  1214863840                  
GPU 3           177.425           0.158        0.010        0.083        14096222                    77195894                    1209814989                  1209815513                  
GPU 4           72.022            0.000        0.000        0.000        1129401                     864738                      0                           0                           
GPU 5           73.805            0.000        0.000        0.000        3341936                     2820495                     0                           0                           
GPU 6           73.679            0.000        0.000        0.000        4179581                     3551203                     0                           0                           
GPU 7           73.138            0.000        0.000        0.000        4889538                     4188454                     0                           0                           
GPU 0           183.000           0.175        0.007        0.085        12599313                    73894231                    1194741730                  1194741327                  
GPU 1           188.027           0.175        0.008        0.082        10593629                    78438590                    1206366146                  1206367719                  
GPU 2           178.299           0.173        0.009        0.082        13999043                    77589559                    1205338985                  1205340558                  
GPU 3           176.510           0.156        0.009        0.081        10173806                    74301489                    1167954747                  1167954223                  
GPU 4           72.088            0.000        0.000        0.000        4402109                     3764851                     0                           0                           
GPU 5           73.868            0.000        0.000        0.000        2949494                     2446382                     0                           0                           
GPU 6           73.710            0.000        0.000        0.000        488966                      295056                      0                           0                           
GPU 7           73.195            0.000        0.000        0.000        1197273                     897597                      0                           0                           
GPU 0           183.000           0.175        0.007        0.085        10088312                    73894231                    1194741730                  1194741327                  
GPU 1           186.349           0.172        0.008        0.082        14305107                    78438590                    1206366146                  1206367719                  
GPU 2           178.299           0.165        0.009        0.079        10605589                    77589559                    1205338985                  1205340558                  
GPU 3           176.510           0.154        0.009        0.081        10173806                    76561467                    1167954747                  1167954223                  
GPU 4           72.088            0.000        0.000        0.000        4402109                     515031                      0                           0                           
GPU 5           73.868            0.000        0.000        0.000        2949494                     1334278                     0                           0                           
GPU 6           73.710            0.000        0.000        0.000        4388441                     295056                      0                           0                           
GPU 7           73.195            0.000        0.000        0.000        3566505                     897597                      0                           0                           
GPU 0           174.144           0.174        0.006        0.084        10547304                    72878375                    1176299553                  1176299553                  
GPU 1           177.979           0.159        0.007        0.075        11207484                    71806512                    1062088983                  1062087236                  
GPU 2           170.656           0.145        0.007        0.066        13939393                    74428841                    1110145883                  1110145883                  
GPU 3           168.510           0.137        0.008        0.070        13119112                    73007653                    1004028736                  1004027862                  
GPU 4           72.097            0.000        0.000        0.000        4497330                     3888875                     0                           0                           
GPU 5           73.715            0.000        0.000        0.000        1657105                     3911720                     0                           0                           
GPU 6           73.733            0.000        0.000        0.000        1046129                     775069                      0                           0                           
GPU 7           73.174            0.000        0.000        0.000        2824777                     2360332                     0                           0                           
GPU 0           171.160           0.142        0.005        0.069        6830502                     54644735                    938492114                   938494735                   
GPU 1           177.489           0.146        0.006        0.067        13268689                    71863253                    984862620                   984864367                   
GPU 2           168.837           0.141        0.007        0.065        10508252                    72203720                    981321351                   981319255                   
GPU 3           168.438           0.132        0.007        0.065        10150024                    68291085                    991476248                   991477995                   
GPU 4           72.065            0.000        0.000        0.000        1309613                     997800                      0                           0                           
GPU 5           73.751            0.000        0.000        0.000        4552582                     464048                      0                           0                           
GPU 6           73.800            0.000        0.000        0.000        3589888                     3049570                     0                           0                           
GPU 7           73.157            0.000        0.000        0.000        1646280                     1335473                     0                           0                           
GPU 0           175.718           0.137        0.005        0.066        10589926                    51273579                    997536388                   997533243                   
GPU 1           177.163           0.145        0.006        0.067        13333312                    70352605                    980539442                   980539919                   
GPU 2           169.188           0.143        0.007        0.066        13309014                    70013436                    951687277                   951689897                   
GPU 3           169.484           0.131        0.007        0.065        13276221                    70408729                    983122732                   983122208                   
GPU 4           72.077            0.000        0.000        0.000        3399497                     2881213                     0                           0                           
GPU 5           73.760            0.000        0.000        0.000        707030                      3697580                     0                           0                           
GPU 6           73.708            0.000        0.000        0.000        2971993                     2468363                     0                           0                           
GPU 7           73.075            0.000        0.000        0.000        4391687                     3758614                     0                           0                           
GPU 0           175.279           0.135        0.006        0.065        10144141                    54133572                    952847506                   952848459                   
GPU 1           178.669           0.147        0.006        0.070        10308754                    72644406                    955148643                   955149225                   
GPU 2           171.815           0.145        0.007        0.069        13410093                    71425114                    985917809                   985916237                   
GPU 3           169.290           0.132        0.008        0.068        10225022                    69208884                    954565854                   954565854                   
GPU 4           72.119            0.000        0.000        0.000        4211890                     3588333                     0                           0                           
GPU 5           73.765            0.000        0.000        0.000        4321802                     2095696                     0                           0                           
GPU 6           73.657            0.000        0.000        0.000        1660513                     1343501                     0                           0                           
GPU 7           73.186            0.000        0.000        0.000        204916                      20963                       0                           0                           
GPU 0           173.261           0.145        0.006        0.072        6906337                     55051181                    992136659                   992135494                   
GPU 1           178.725           0.148        0.006        0.068        13762758                    70070034                    990146058                   990145010                   
GPU 2           171.153           0.149        0.007        0.069        10256486                    72406692                    946346875                   946345445                   
GPU 3           171.284           0.133        0.008        0.066        13564458                    71216942                    987977974                   987976401                   
GPU 4           72.080            0.000        0.000        0.000        531415                      343795                      0                           0                           
GPU 5           73.758            0.000        0.000        0.000        2534573                     1511036                     0                           0                           
GPU 6           73.689            0.000        0.000        0.000        4435113                     3801001                     0                           0                           
GPU 7           73.130            0.000        0.000        0.000        4382779                     3754422                     0                           0                           
GPU 0           169.913           0.140        0.005        0.068        9910139                     51266450                    981443543                   981443543                   
GPU 1           175.988           0.146        0.006        0.070        10252361                    72127080                    951320328                   951319280                   
GPU 2           172.041           0.144        0.007        0.066        13469385                    69734911                    1002281637                  1002283384                  
GPU 3           166.785           0.135        0.008        0.071        10573170                    69840889                    955254542                   955254018                   
GPU 4           72.125            0.000        0.000        0.000        4486014                     3833550                     0                           0                           
GPU 5           73.719            0.000        0.000        0.000        1848180                     3546916                     0                           0                           
GPU 6           73.706            0.000        0.000        0.000        204916                      19915                       0                           0                           
GPU 7           73.219            0.000        0.000        0.000        1825587                     1461803                     0                           0                           
GPU 0           180.474           0.136        0.005        0.065        8150819                     53600515                    1049099820                  1049100344                  
GPU 1           181.889           0.140        0.006        0.063        13891595                    77980416                    986345735                   986347307                   
GPU 2           170.737           0.155        0.007        0.070        10410090                    71496597                    981290966                   981289393                   
GPU 3           175.663           0.127        0.007        0.060        12962641                    70534318                    1008250669                  1008251193                  
GPU 4           72.035            0.000        0.000        0.000        1132423                     841128                      0                           0                           
GPU 5           73.836            0.000        0.000        0.000        4186808                     278810                      0                           0                           
GPU 6           73.735            0.000        0.000        0.000        4453486                     3813605                     0                           0                           
GPU 7           73.148            0.000        0.000        0.000        2902487                     2438928                     0                           0                           
GPU 0           183.428           0.145        0.007        0.079        13663269                    60290484                    1227567449                  1227565877                  
GPU 1           186.213           0.162        0.007        0.075        13438287                    75655306                    1149673066                  1149673503                  
GPU 2           177.509           0.170        0.008        0.079        14692471                    78713703                    1105989024                  1105988548                  
GPU 3           177.925           0.153        0.008        0.077        11310464                    77103703                    1188464901                  1188466473                  
GPU 4           72.154            0.000        0.000        0.000        3748895                     3185804                     0                           0                           
GPU 5           73.776            0.000        0.000        0.000        472719                      3827758                     0                           0                           
GPU 6           73.701            0.000        0.000        0.000        2148576                     1744626                     0                           0                           
GPU 7           73.175            0.000        0.000        0.000        4079904                     3449445                     0                           0                           
GPU 0           184.074           0.168        0.007        0.086        9867050                     75616526                    1168591142                  1168592715                  
GPU 1           188.842           0.172        0.008        0.081        10662066                    79293994                    1221039822                  1221039822                  
GPU 2           179.907           0.175        0.009        0.084        11392386                    76580352                    1225256389                  1225258136                  
GPU 3           178.421           0.156        0.009        0.081        13871793                    74627789                    1213491657                  1213491657                  
GPU 4           72.018            0.000        0.000        0.000        3220093                     2683649                     0                           0                           
GPU 5           73.842            0.000        0.000        0.000        4469212                     502588                      0                           0                           
GPU 6           73.732            0.000        0.000        0.000        2111207                     1738024                     0                           0                           
GPU 7           73.208            0.000        0.000        0.000        503115                      311826                      0                           0                           
#Entity         POWER             SMACT        TENSO        DRAMA        PCITX                       PCIRX                       NVLTX                       NVLRX                       
ID               W                                                                                                                                                                       
GPU 0           181.809           0.168        0.007        0.083        13724664                    75563210                    1214082279                  1214082279                  
GPU 1           186.311           0.176        0.007        0.078        14233182                    75782789                    1167881423                  1167879850                  
GPU 2           179.592           0.167        0.008        0.076        13591886                    77790768                    1168302745                  1168303222                  
GPU 3           174.446           0.156        0.009        0.081        10797497                    76887002                    1208359371                  1208358847                  
GPU 4           72.087            0.000        0.000        0.000        1210043                     945091                      0                           0                           
GPU 5           73.723            0.000        0.000        0.000        750476                      3271732                     0                           0                           
GPU 6           73.748            0.000        0.000        0.000        4330484                     3705779                     0                           0                           
GPU 7           73.177            0.000        0.000        0.000        4347904                     3723780                     0                           0                           
GPU 0           181.525           0.170        0.006        0.079        13167674                    71472300                    1182731769                  1182731293                  
GPU 1           186.022           0.168        0.007        0.081        10546395                    79642500                    1225280102                  1225281150                  
GPU 2           180.227           0.166        0.008        0.077        14093313                    79128734                    1183063224                  1183065320                  
GPU 3           178.095           0.150        0.008        0.082        13938787                    75195486                    1185760505                  1185760068                  
GPU 4           72.194            0.000        0.000        0.000        4182305                     3543589                     0                           0                           
GPU 5           73.734            0.000        0.000        0.000        2706612                     2230656                     0                           0                           
GPU 6           73.633            0.000        0.000        0.000        253658                      66559                       0                           0                           
GPU 7           73.110            0.000        0.000        0.000        1786353                     1418002                     0                           0                           
GPU 0           184.461           0.178        0.007        0.081        9942301                     75826481                    1211330877                  1211331459                  
GPU 1           188.910           0.172        0.008        0.083        14448819                    75599492                    1175680044                  1175680569                  
GPU 2           180.865           0.176        0.009        0.084        10571097                    75131595                    1204856925                  1204856925                  
GPU 3           177.465           0.157        0.010        0.082        13338327                    76638293                    1212456180                  1212456180                  
GPU 4           72.054            0.000        0.000        0.000        467987                      274084                      0                           0                           
GPU 5           73.694            0.000        0.000        0.000        1833663                     1489524                     0                           0                           
GPU 6           73.729            0.000        0.000        0.000        4404891                     3768210                     0                           0                           
GPU 7           73.098            0.000        0.000        0.000        2137671                     1753530                     0                           0                           
GPU 0           184.107           0.175        0.007        0.087        13611507                    71467802                    1170730065                  1170730065                  
GPU 1           188.470           0.175        0.008        0.082        10854925                    78436002                    1202834597                  1202834121                  
GPU 2           178.868           0.176        0.009        0.085        14644849                    79465350                    1166380731                  1166381313                  
GPU 3           177.549           0.157        0.009        0.079        10230942                    77220794                    1169498816                  1169501437                  
GPU 4           72.059            0.000        0.000        0.000        4424747                     3772801                     0                           0                           
GPU 5           73.663            0.000        0.000        0.000        4147394                     3507520                     0                           0                           
GPU 6           73.619            0.000        0.000        0.000        780834                      537151                      0                           0                           
GPU 7           73.145            0.000        0.000        0.000        4364506                     3723037                     0                           0                           
GPU 0           185.220           0.176        0.007        0.084        9886543                     75723736                    1201097120                  1201191981                  
GPU 1           190.659           0.177        0.008        0.085        13536686                    78553309                    1207999226                  1207999226                  
GPU 2           181.016           0.172        0.008        0.082        11284483                    75432571                    1193991123                  1193991123                  
GPU 3           179.755           0.153        0.009        0.086        13853422                    73014687                    1204920227                  1204916733                  
GPU 4           72.186            0.000        0.000        0.000        1594025                     1250763                     0                           0                           
GPU 5           73.678            0.000        0.000        0.000        470622                      277237                      0                           0                           
GPU 6           73.770            0.000        0.000        0.000        2638869                     2179844                     0                           0                           
GPU 7           73.060            0.000        0.000        0.000        203912                      24774                       0                           0                           
GPU 0           184.871           0.176        0.007        0.086        13744701                    72620298                    1203220712                  1203223094                  
GPU 1           189.554           0.178        0.008        0.085        10706763                    75674097                    1215110544                  1215109961                  
GPU 2           179.853           0.175        0.009        0.084        13642279                    78373228                    1206702873                  1206702397                  
GPU 3           179.436           0.161        0.010        0.083        10421041                    77482311                    1211783603                  1211783603                  
GPU 4           72.113            0.000        0.000        0.000        3112881                     2629004                     0                           0                           
GPU 5           73.766            0.000        0.000        0.000        1214421                     3826694                     0                           0                           
GPU 6           73.773            0.000        0.000        0.000        2005402                     1650552                     0                           0                           
GPU 7           73.241            0.000        0.000        0.000        4862788                     936619                      0                           0                           
GPU 0           185.426           0.178        0.007        0.086        10702826                    75345291                    1168762282                  1168762864                  
GPU 1           189.557           0.175        0.008        0.084        14157825                    79265268                    1166778489                  1166777441                  
GPU 2           181.192           0.174        0.009        0.083        13662917                    77941569                    1214200781                  1214201945                  
GPU 3           179.240           0.158        0.010        0.084        14169697                    73994426                    1163460736                  1163459164                  
GPU 4           72.021            0.000        0.000        0.000        3561548                     2989269                     0                           0                           
GPU 5           73.709            0.000        0.000        0.000        3691227                     913794                      0                           0                           
GPU 6           73.690            0.000        0.000        0.000        4383284                     3753357                     0                           0                           
GPU 7           73.122            0.000        0.000        0.000        1229610                     2763956                     0                           0                           
GPU 0           185.423           0.177        0.007        0.086        13129255                    74841575                    1205001863                  1205000553                  
GPU 1           189.424           0.177        0.008        0.084        10602692                    75727078                    1211393756                  1211394280                  
GPU 2           181.584           0.177        0.009        0.085        10735312                    75606624                    1166796067                  1166795543                  
GPU 3           178.099           0.159        0.009        0.081        11096713                    77825113                    1209747147                  1209749053                  
GPU 4           71.968            0.000        0.000        0.000        1127275                     863144                      0                           0                           
GPU 5           73.680            0.000        0.000        0.000        2731646                     3133962                     0                           0                           
GPU 6           73.830            0.000        0.000        0.000        260137                      74801                       0                           0                           
GPU 7           73.183            0.000        0.000        0.000        3276499                     3456778                     0                           0                           
GPU 0           184.080           0.174        0.007        0.084        12875678                    71604627                    1205491402                  1205492567                  
GPU 1           189.206           0.176        0.008        0.084        13263483                    78258042                    1200370520                  1200372092                  
GPU 2           180.110           0.178        0.009        0.086        14204165                    78989249                    1199708565                  1199708565                  
GPU 3           177.929           0.156        0.009        0.080        13219035                    75784087                    1205475259                  1205475259                  
GPU 4           72.023            0.000        0.000        0.000        4430008                     3780155                     0                           0                           
GPU 5           73.829            0.000        0.000        0.000        1688270                     2256287                     0                           0                           
GPU 6           73.628            0.000        0.000        0.000        4918233                     4230601                     0                           0                           
GPU 7           73.100            0.000        0.000        0.000        4084616                     318108                      0                           0                           
GPU 0           184.963           0.177        0.007        0.086        13643578                    75798530                    1168138496                  1168137972                  
GPU 1           188.778           0.175        0.008        0.084        10538950                    78652920                    1170008651                  1170008277                  
GPU 2           181.807           0.176        0.009        0.085        14920219                    74687254                    1170159299                  1170156387                  
GPU 3           179.267           0.155        0.009        0.083        13653014                    77529075                    1168937918                  1168937918                  
GPU 4           72.062            0.000        0.000        0.000        701818                      3664444                     0                           0                           
GPU 5           73.880            0.000        0.000        0.000        4364334                     3726559                     0                           0                           
GPU 6           73.674            0.000        0.000        0.000        3650392                     926893                      0                           0                           
GPU 7           73.141            0.000        0.000        0.000        4375037                     3744567                     0                           0                           
GPU 0           185.343           0.176        0.007        0.085        9999602                     72092523                    1212431913                  1212432437                  
GPU 1           190.856           0.178        0.008        0.083        14328784                    75471886                    1216296147                  1216295564                  
GPU 2           180.181           0.176        0.009        0.084        12129088                    79795805                    1196675265                  1196677886                  
GPU 3           178.455           0.162        0.010        0.081        10389824                    73964609                    1213529331                  1213528807                  
GPU 4           72.075            0.000        0.000        0.000        4289257                     1788516                     0                           0                           
GPU 5           73.759            0.000        0.000        0.000        248224                      62889                       0                           0                           
GPU 6           73.647            0.000        0.000        0.000        2417133                     3109356                     0                           0                           
GPU 7           73.041            0.000        0.000        0.000        705600                      464047                      0                           0                           
GPU 0           185.329           0.177        0.007        0.087        12737896                    75136336                    1151277259                  1151276211                  
GPU 1           187.764           0.176        0.008        0.086        10647095                    79264033                    1154313341                  1154314914                  
GPU 2           182.575           0.178        0.009        0.086        12398732                    76508639                    1204991701                  1204990537                  
GPU 3           181.321           0.154        0.009        0.086        14167273                    77729760                    1151618243                  1151618243                  
GPU 4           72.063            0.000        0.000        0.000        2205392                     1848389                     0                           0                           
GPU 5           73.801            0.000        0.000        0.000        4879165                     4182141                     0                           0                           
GPU 6           73.605            0.000        0.000        0.000        2179919                     1975939                     0                           0                           
GPU 7           73.127            0.000        0.000        0.000        3807318                     3235565                     0                           0                           
GPU 0           185.521           0.170        0.007        0.086        9924006                     72107407                    1178425321                  1178424845                  
GPU 1           189.169           0.174        0.008        0.084        14346651                    77931465                    1206935142                  1206935666                  
GPU 2           179.031           0.172        0.009        0.083        14162743                    76600446                    1135472152                  1135472676                  
GPU 3           180.116           0.161        0.010        0.081        10304923                    73515665                    1187022001                  1187021048                  
GPU 4           72.102            0.000        0.000        0.000        4460244                     3825761                     0                           0                           
GPU 5           73.674            0.000        0.000        0.000        1732824                     1380829                     0                           0                           
GPU 6           73.710            0.000        0.000        0.000        4375424                     3733968                     0                           0                           
GPU 7           73.137            0.000        0.000        0.000        2745253                     2282709                     0                           0                           
GPU 0           185.283           0.176        0.007        0.086        12918943                    75108224                    1208096666                  1208096083                  
GPU 1           188.987           0.173        0.008        0.082        13293836                    78605176                    1172823188                  1172821616                  
GPU 2           181.503           0.176        0.009        0.084        10619519                    75141108                    1207048916                  1207048916                  
GPU 3           179.956           0.158        0.009        0.085        11647684                    75713286                    1197091484                  1197092649                  
GPU 4           72.099            0.000        0.000        0.000        300625                      119106                      0                           0                           
GPU 5           73.735            0.000        0.000        0.000        3093486                     2473583                     0                           0                           
GPU 6           73.709            0.000        0.000        0.000        710131                      472547                      0                           0                           
GPU 7           73.080            0.000        0.000        0.000        1776846                     1451294                     0                           0                           
#Entity         POWER             SMACT        TENSO        DRAMA        PCITX                       PCIRX                       NVLTX                       NVLRX                       
ID               W                                                                                                                                                                       
GPU 0           184.986           0.174        0.007        0.084        9890083                     71482592                    1167037979                  1167037106                  
GPU 1           188.536           0.171        0.008        0.081        10585888                    74703913                    1169868915                  1169868109                  
GPU 2           180.677           0.176        0.009        0.085        14414951                    79342763                    1168427571                  1168427571                  
GPU 3           177.892           0.155        0.009        0.081        12661664                    75339323                    1168620704                  1168622610                  
GPU 4           72.102            0.000        0.000        0.000        4982212                     4284027                     0                           0                           
GPU 5           73.685            0.000        0.000        0.000        2977102                     1355419                     0                           0                           
GPU 6           73.637            0.000        0.000        0.000        4308622                     3700757                     0                           0                           
GPU 7           73.188            0.000        0.000        0.000        4147107                     3535127                     0                           0                           
GPU 0           186.536           0.177        0.007        0.086        13790655                    75856726                    1205139465                  1205142610                  
GPU 1           189.749           0.174        0.008        0.083        13898623                    79100473                    1208125359                  1208127688                  
GPU 2           181.535           0.175        0.009        0.083        10663540                    74782940                    1199929429                  1199928477                  
GPU 3           180.005           0.157        0.009        0.082        13871535                    77568025                    1205357547                  1205356382                  
GPU 4           72.121            0.000        0.000        0.000        1217720                     918054                      0                           0                           
GPU 5           73.857            0.000        0.000        0.000        1672522                     3754422                     0                           0                           
GPU 6           73.730            0.000        0.000        0.000        1913667                     1553514                     0                           0                           
GPU 7           73.129            0.000        0.000        0.000        464334                      267280                      0                           0                           
