#Entity         POWER             SMACT        TENSO        DRAMA        PCITX                       PCIRX                       NVLTX                       NVLRX                       
ID               W                                                                                                                                                                       
GPU 0           104.152           N/A          N/A          N/A          N/A                         N/A                         N/A                         N/A                         
GPU 1           109.032           N/A          N/A          N/A          N/A                         N/A                         N/A                         N/A                         
GPU 2           108.060           N/A          N/A          N/A          N/A                         N/A                         N/A                         N/A                         
GPU 3           104.203           N/A          N/A          N/A          N/A                         N/A                         N/A                         N/A                         
GPU 4           103.526           N/A          N/A          N/A          N/A                         N/A                         N/A                         N/A                         
GPU 5           108.542           N/A          N/A          N/A          N/A                         N/A                         N/A                         N/A                         
GPU 6           109.723           N/A          N/A          N/A          N/A                         N/A                         N/A                         N/A                         
GPU 7           108.323           N/A          N/A          N/A          N/A                         N/A                         N/A                         N/A                         
GPU 0           97.710            0.000        0.000        0.000        514182                      304526                      0                           0                           
GPU 1           99.451            0.000        0.000        0.000        528821                      330222                      0                           0                           
GPU 2           98.515            0.000        0.000        0.000        519961                      313968                      0                           0                           
GPU 3           97.752            0.000        0.000        0.000        4004470                     3345794                     0                           0                           
GPU 4           97.591            0.000        0.000        0.000        1594995                     1244337                     0                           0                           
GPU 5           99.589            0.000        0.000        0.000        2398532                     1943041                     0                           0                           
GPU 6           100.345           0.000        0.000        0.000        1033609                     756338                      0                           0                           
GPU 7           101.918           0.000        0.000        0.000        1346562                     1029970                     0                           0                           
GPU 0           97.710            0.000        0.000        0.000        7231412                     304526                      0                           0                           
GPU 1           99.489            0.000        0.000        0.000        5829370                     330222                      0                           0                           
GPU 2           98.515            0.000        0.000        0.000        7090111                     313968                      0                           0                           
GPU 3           97.752            0.000        0.000        0.000        4004470                     3155767                     0                           0                           
GPU 4           97.591            0.000        0.000        0.000        1594995                     4772375                     0                           0                           
GPU 5           99.589            0.000        0.000        0.000        2398532                     4285477                     0                           0                           
GPU 6           100.345           0.000        0.000        0.000        6084311                     756338                      0                           0                           
GPU 7           101.918           0.000        0.000        0.000        5901975                     1029970                     0                           0                           
GPU 0           97.774            0.000        0.000        0.000        10111925                    8680265                     0                           0                           
GPU 1           99.482            0.000        0.000        0.000        9770068                     8401976                     0                           0                           
GPU 2           98.532            0.000        0.000        0.000        7801404                     6678119                     0                           0                           
GPU 3           97.706            0.000        0.000        0.000        10093241                    7014161                     0                           0                           
GPU 4           97.617            0.000        0.000        0.000        9093976                     7798164                     0                           0                           
GPU 5           99.603            0.000        0.000        0.000        5066989                     7212077                     0                           0                           
GPU 6           100.345           0.000        0.000        0.000        9226601                     7938242                     0                           0                           
GPU 7           101.719           0.000        0.000        0.000        8496495                     5023493                     0                           0                           
GPU 0           97.627            0.000        0.000        0.000        3254267                     2692124                     0                           0                           
GPU 1           99.418            0.000        0.000        0.000        7572004                     6461835                     0                           0                           
GPU 2           98.382            0.000        0.000        0.000        3517657                     2937011                     0                           0                           
GPU 3           97.651            0.000        0.000        0.000        1093898                     817148                      0                           0                           
GPU 4           97.499            0.000        0.000        0.000        1799981                     1445342                     0                           0                           
GPU 5           99.522            0.000        0.000        0.000        6334805                     5385487                     0                           0                           
GPU 6           100.164           0.000        0.000        0.000        7799762                     6677573                     0                           0                           
GPU 7           101.724           0.000        0.000        0.000        8534958                     7325329                     0                           0                           
GPU 0           97.441            0.000        0.000        0.000        3632739                     3007111                     0                           0                           
GPU 1           99.392            0.000        0.000        0.000        539374                      340713                      0                           0                           
GPU 2           98.410            0.000        0.000        0.000        4193767                     3530187                     0                           0                           
GPU 3           97.658            0.000        0.000        0.000        4139728                     3473010                     0                           0                           
GPU 4           97.531            0.000        0.000        0.000        4107537                     3445572                     0                           0                           
GPU 5           99.487            0.000        0.000        0.000        2716711                     2210374                     0                           0                           
GPU 6           100.089           0.000        0.000        0.000        208617                      20966                       0                           0                           
GPU 7           101.669           0.000        0.000        0.000        670926                      424570                      0                           0                           
GPU 0           97.441            0.000        0.000        0.000        4644509                     3007111                     0                           0                           
GPU 1           99.415            0.000        0.000        0.000        4312182                     340713                      0                           0                           
GPU 2           98.410            0.000        0.000        0.000        4004503                     3530187                     0                           0                           
GPU 3           97.658            0.000        0.000        0.000        4139728                     3473010                     0                           0                           
GPU 4           97.531            0.000        0.000        0.000        4107537                     3726174                     0                           0                           
GPU 5           99.487            0.000        0.000        0.000        2716711                     4463440                     0                           0                           
GPU 6           100.089           0.000        0.000        0.000        4825128                     20966                       0                           0                           
GPU 7           101.669           0.000        0.000        0.000        5037919                     424570                      0                           0                           
GPU 0           97.392            0.000        0.000        0.000        4283218                     3612852                     0                           0                           
GPU 1           99.391            0.000        0.000        0.000        7905863                     295109                      0                           0                           
GPU 2           98.380            0.000        0.000        0.000        4044697                     3397662                     0                           0                           
GPU 3           97.545            0.000        0.000        0.000        550354                      5859976                     0                           0                           
GPU 4           97.563            0.000        0.000        0.000        3627742                     3028622                     0                           0                           
GPU 5           99.484            0.000        0.000        0.000        5239143                     3440519                     0                           0                           
GPU 6           100.147           0.000        0.000        0.000        6731800                     5763226                     0                           0                           
GPU 7           101.639           0.000        0.000        0.000        6524594                     4269547                     0                           0                           
GPU 0           100.305           0.000        0.000        0.000        3612207                     2999452                     0                           0                           
GPU 1           99.364            0.000        0.000        0.001        9477840                     79329869                    93089562                    93088514                    
GPU 2           102.304           0.000        0.000        0.000        4111243                     3461851                     0                           0                           
GPU 3           100.387           0.000        0.000        0.000        4172917                     3519359                     0                           0                           
GPU 4           98.190            0.000        0.000        0.000        4142777                     3501234                     0                           0                           
GPU 5           104.561           0.000        0.000        0.000        1709690                     1348569                     0                           0                           
GPU 6           104.706           0.000        0.000        0.000        462822                      259977                      0                           0                           
GPU 7           102.247           0.000        0.000        0.000        435045                      233962                      0                           0                           
GPU 0           100.305           0.000        0.001        0.000        105155025                   2999452                     0                           0                           
GPU 1           106.287           0.004        0.000        0.001        9477840                     79329869                    93089562                    93088514                    
GPU 2           102.304           0.069        0.000        0.023        112080763                   3461851                     0                           0                           
GPU 3           100.387           0.000        0.004        0.000        4172917                     3519359                     0                           0                           
GPU 4           98.190            0.000        0.000        0.026        4142777                     2579410605                  0                           0                           
GPU 5           104.561           0.000        0.000        0.000        1709690                     694102603                   0                           0                           
GPU 6           104.706           0.000        0.000        0.006        29029917                    259977                      0                           0                           
GPU 7           102.247           0.022        0.000        0.000        317370754                   233962                      0                           0                           
GPU 0           130.967           0.032        0.004        0.010        176464618                   1208395305                  362835270                   738994                      
GPU 1           145.011           0.092        0.005        0.031        98535754                    1281121867                  800340021                   800340458                   
GPU 2           138.750           0.094        0.004        0.032        144029542                   1501886422                  664587643                   664588120                   
GPU 3           129.387           0.085        0.004        0.027        1012310791                  1683093602                  1834302                     810049691                   
GPU 4           130.630           0.077        0.004        0.032        244469555                   2876787431                  753996250                   1937960                     
GPU 5           141.339           0.047        0.002        0.015        57141553                    1267061792                  480126690                   480126690                   
GPU 6           142.940           0.089        0.004        0.030        113909255                   1360445715                  801621032                   801622605                   
GPU 7           132.377           0.088        0.001        0.007        976398918                   346224282                   500828                      261999537                   
GPU 0           130.507           0.088        0.004        0.029        186462245                   1973161309                  799260633                   1918156                     
GPU 1           145.599           0.095        0.005        0.033        96159566                    1266949434                  812296740                   812297322                   
GPU 2           140.693           0.092        0.004        0.031        140976565                   1874100153                  811340936                   811335695                   
GPU 3           128.427           0.093        0.004        0.031        1010265091                  1636711339                  1939585                     808452831                   
GPU 4           132.289           0.092        0.005        0.030        238388037                   2811177196                  807646306                   1922923                     
GPU 5           142.803           0.091        0.004        0.030        104605486                   1333711678                  804744747                   804746319                   
GPU 6           145.273           0.094        0.005        0.033        114377055                   1375550739                  812343801                   812348518                   
GPU 7           134.890           0.093        0.004        0.028        984610881                   1226179469                  1917627                     801180485                   
GPU 0           134.244           0.103        0.004        0.035        187147450                   2581515499                  850796591                   1919687                     
GPU 1           143.979           0.089        0.006        0.033        98276063                    1351312839                  853313237                   853313237                   
GPU 2           139.199           0.096        0.004        0.031        150550045                   1964778003                  852658980                   852662649                   
GPU 3           131.087           0.090        0.005        0.030        1174536186                  2522033189                  1921756                     851299360                   
GPU 4           129.997           0.088        0.004        0.031        247911390                   2941771488                  851528703                   2066535                     
GPU 5           141.544           0.091        0.004        0.030        106031182                   1594667282                  852503957                   852502909                   
GPU 6           141.884           0.100        0.004        0.028        101542940                   1249023342                  854012363                   854012888                   
GPU 7           136.456           0.089        0.004        0.032        1088393338                  1256860151                  2159489                     807761143                   
GPU 0           134.871           0.104        0.005        0.036        228533615                   2624192515                  991083518                   2243810                     
GPU 1           148.191           0.100        0.006        0.034        106698078                   1394347245                  923034117                   923032370                   
GPU 2           142.781           0.105        0.005        0.035        160373732                   2095964769                  918502865                   918502341                   
GPU 3           131.937           0.100        0.005        0.035        1210242921                  2560076384                  2204808                     921351140                   
GPU 4           134.642           0.102        0.005        0.034        277242816                   3270870691                  917337913                   2203338                     
GPU 5           146.456           0.104        0.005        0.035        135353786                   1627922498                  917584728                   917584728                   
GPU 6           146.184           0.102        0.005        0.032        108367268                   1358484999                  992810513                   992813424                   
GPU 7           136.955           0.102        0.005        0.035        1143315322                  1945415431                  2211097                     920885222                   
GPU 0           134.789           0.103        0.005        0.036        220141524                   2478899037                  913538925                   2191200                     
GPU 1           149.379           0.104        0.006        0.036        111852328                   1359175219                  974001381                   974001381                   
GPU 2           142.403           0.104        0.005        0.035        143998803                   1861763780                  978480723                   978480723                   
GPU 3           131.292           0.103        0.005        0.034        1220823638                  1872834579                  2227654                     978528651                   
GPU 4           134.675           0.102        0.005        0.034        264684644                   3140249156                  974900255                   2227900                     
GPU 5           146.390           0.105        0.005        0.035        132632115                   1576975720                  984024560                   984025084                   
GPU 6           147.270           0.103        0.005        0.033        134125862                   1381741535                  915961125                   915957456                   
GPU 7           136.814           0.102        0.005        0.034        1171318680                  1593692824                  2222232                     977061597                   
#Entity         POWER             SMACT        TENSO        DRAMA        PCITX                       PCIRX                       NVLTX                       NVLRX                       
ID               W                                                                                                                                                                       
GPU 0           134.876           0.098        0.005        0.034        220141524                   2829353096                  916622897                   2098498                     
GPU 1           149.379           0.104        0.006        0.036        111852328                   1371837086                  913930106                   913928359                   
GPU 2           141.305           0.106        0.005        0.036        146403565                   1764575362                  908737250                   908737250                   
GPU 3           131.530           0.103        0.005        0.034        1122717206                  1872834579                  2187148                     909348923                   
GPU 4           132.644           0.103        0.005        0.035        257742230                   3053973161                  909973566                   2182000                     
GPU 5           143.605           0.097        0.005        0.035        149620380                   1734668255                  986156973                   986152606                   
GPU 6           145.655           0.099        0.005        0.035        134125862                   1499864683                  926307939                   926311274                   
GPU 7           137.164           0.102        0.005        0.035        1208223556                  1521322152                  2188110                     909582036                   
GPU 0           131.958           0.097        0.005        0.033        253887706                   2913828742                  852456729                   2041659                     
GPU 1           145.256           0.091        0.005        0.030        93552811                    1105044886                  889853399                   889857592                   
GPU 2           140.182           0.095        0.004        0.032        166673129                   2069257759                  854127884                   854121478                   
GPU 3           129.263           0.095        0.005        0.031        1151536528                  2120176399                  2023928                     895314137                   
GPU 4           132.040           0.094        0.005        0.031        291518647                   3440995979                  899534529                   2050502                     
GPU 5           143.150           0.094        0.004        0.030        129063750                   1545000509                  852803223                   852809047                   
GPU 6           145.892           0.096        0.005        0.033        127099802                   1455623902                  851962977                   851961230                   
GPU 7           133.664           0.091        0.004        0.029        1127977991                  1798483821                  1996843                     883303061                   
GPU 0           132.949           0.095        0.004        0.033        228757069                   2584432258                  836949814                   2007266                     
GPU 1           144.943           0.094        0.005        0.031        95375860                    1177216912                  849229133                   849228657                   
GPU 2           140.186           0.093        0.004        0.030        203951865                   2634964599                  829957238                   829958286                   
GPU 3           130.343           0.097        0.005        0.032        1134102443                  2594079308                  2040786                     850157433                   
GPU 4           131.792           0.095        0.005        0.031        271281214                   3238727691                  852309020                   2041626                     
GPU 5           142.665           0.093        0.004        0.030        130658969                   1548423264                  832346103                   832345579                   
GPU 6           145.527           0.096        0.005        0.032        123882970                   1504603752                  843466839                   843465267                   
GPU 7           134.472           0.093        0.004        0.030        1118547506                  1876063827                  2027762                     845567160                   
GPU 0           132.273           0.091        0.004        0.031        180405130                   2068291803                  863973410                   1956436                     
GPU 1           145.072           0.091        0.005        0.030        96814188                    1156575785                  813313726                   813310814                   
GPU 2           139.412           0.093        0.004        0.029        203403987                   2540952134                  863167637                   863171448                   
GPU 3           129.835           0.092        0.004        0.031        1126769487                  2316096662                  1955893                     816373126                   
GPU 4           131.023           0.092        0.004        0.030        284482220                   3342385559                  857619048                   1979039                     
GPU 5           141.708           0.089        0.004        0.028        119545589                   1548423264                  866072835                   866073359                   
GPU 6           144.313           0.093        0.004        0.032        126144105                   1500721398                  811810681                   811813825                   
GPU 7           133.708           0.090        0.004        0.029        1080288349                  1878737096                  1944418                     809729059                   
GPU 0           130.999           0.090        0.004        0.030        177404436                   1981206264                  812062804                   1947915                     
GPU 1           145.249           0.091        0.005        0.031        88462275                    1056887730                  868991081                   868988985                   
GPU 2           140.622           0.094        0.004        0.031        195901259                   2524040686                  812736501                   812731261                   
GPU 3           129.303           0.092        0.004        0.030        1125299987                  1859866500                  1956277                     861789570                   
GPU 4           131.514           0.090        0.004        0.030        312873526                   3499550671                  811024347                   1953554                     
GPU 5           143.034           0.092        0.004        0.030        105022452                   1276761393                  813907892                   813907892                   
GPU 6           144.152           0.090        0.004        0.030        102890412                   1513993407                  870035946                   870030181                   
GPU 7           133.169           0.089        0.004        0.029        1092024549                  1699814704                  1954755                     867288432                   
GPU 0           131.825           0.092        0.004        0.032        180819134                   2026116352                  810898383                   1940583                     
GPU 1           146.108           0.093        0.005        0.032        83428827                    1030021896                  812106031                   812110748                   
GPU 2           140.115           0.094        0.004        0.031        194605677                   2497954890                  812639692                   812644409                   
GPU 3           129.490           0.094        0.005        0.030        1029034182                  1936200136                  1945251                     809631019                   
GPU 4           131.525           0.091        0.004        0.031        299080634                   3633666806                  810941387                   1945606                     
GPU 5           143.063           0.093        0.004        0.031        105022173                   1296639610                  812910482                   812905765                   
GPU 6           144.239           0.092        0.004        0.030        97301095                    1256887064                  811806590                   811812879                   
GPU 7           133.770           0.091        0.004        0.030        1025629747                  1684752244                  1949119                     810787446                   
GPU 0           132.332           0.091        0.004        0.031        180819134                   2026035467                  864489693                   1958505                     
GPU 1           146.108           0.093        0.005        0.032        95966398                    1054084254                  813868555                   813868555                   
GPU 2           140.357           0.094        0.004        0.031        194605677                   2482640978                  876630523                   876629999                   
GPU 3           130.362           0.094        0.005        0.032        1041224664                  2813947443                  1948256                     812204204                   
GPU 4           131.791           0.092        0.004        0.031        309684468                   3633666806                  881330342                   1941168                     
GPU 5           143.014           0.092        0.004        0.030        107230209                   1296639610                  874938698                   874941842                   
GPU 6           144.629           0.091        0.004        0.030        97301095                    1227807530                  865810366                   865811415                   
GPU 7           134.085           0.091        0.004        0.031        1025629747                  1691357348                  1954948                     865203524                   
GPU 0           132.879           0.097        0.004        0.033        177394378                   2599076872                  848050192                   2035995                     
GPU 1           147.287           0.095        0.005        0.033        96184416                    1154933883                  886028141                   886028618                   
GPU 2           141.505           0.094        0.004        0.031        185086568                   2386766198                  850920719                   850920719                   
GPU 3           130.823           0.098        0.005        0.032        1189537435                  2770281869                  2008295                     886857585                   
GPU 4           133.374           0.093        0.005        0.031        341265375                   4150021486                  849154120                   1995244                     
GPU 5           144.832           0.098        0.005        0.033        115381344                   1259641426                  849659616                   849657519                   
GPU 6           145.743           0.096        0.005        0.032        142131295                   1703055727                  847531163                   847530115                   
GPU 7           135.167           0.096        0.004        0.032        1078407968                  1878718741                  2019246                     842910786                   
GPU 0           132.527           0.095        0.004        0.032        230894510                   3206681222                  903151748                   2045000                     
GPU 1           147.042           0.098        0.006        0.034        84851565                    1197927614                  851565497                   851564973                   
GPU 2           140.773           0.098        0.004        0.033        196333704                   2481291137                  894327536                   894327972                   
GPU 3           130.218           0.096        0.005        0.033        1150866215                  1900230261                  2039732                     850798587                   
GPU 4           132.253           0.096        0.005        0.033        294223660                   3565185581                  901578111                   2040330                     
GPU 5           144.452           0.096        0.005        0.032        136507906                   1269534402                  899433748                   899435654                   
GPU 6           145.166           0.095        0.005        0.032        140838930                   1706104223                  904352361                   904351837                   
GPU 7           135.433           0.094        0.004        0.032        1110362530                  1904975275                  2032305                     870146953                   
GPU 0           133.024           0.096        0.004        0.033        302369508                   3636172194                  846670680                   2030299                     
GPU 1           146.662           0.096        0.005        0.033        82245928                    1014836171                  903215083                   903216655                   
GPU 2           141.878           0.098        0.004        0.033        182205326                   2542754364                  849103578                   849102267                   
GPU 3           130.473           0.095        0.005        0.032        1137548738                  1891817399                  2044912                     902833478                   
GPU 4           134.177           0.096        0.005        0.034        341189908                   4104060949                  846122289                   2044669                     
GPU 5           144.785           0.098        0.005        0.033        168144466                   1998529820                  847446016                   847448928                   
GPU 6           145.810           0.096        0.005        0.032        156248235                   1848717686                  852759655                   852759655                   
GPU 7           135.034           0.095        0.004        0.031        1068286797                  1693496721                  2048752                     881396601                   
GPU 0           131.391           0.090        0.004        0.029        301946698                   3397968796                  849220266                   2036530                     
GPU 1           145.437           0.092        0.005        0.031        85208806                    1008868683                  848481028                   848480504                   
GPU 2           141.883           0.097        0.004        0.033        170676794                   2174353697                  889845858                   889846906                   
GPU 3           128.413           0.092        0.004        0.031        1158204345                  2355679671                  2027703                     844534245                   
GPU 4           133.011           0.097        0.005        0.031        294298783                   3578740191                  888939606                   2009351                     
GPU 5           144.390           0.096        0.005        0.032        164271819                   1963642198                  891288391                   891287343                   
GPU 6           145.198           0.092        0.005        0.030        158113452                   1654886268                  847955942                   847956379                   
GPU 7           133.578           0.090        0.004        0.031        1139649322                  1698136583                  2017098                     848181476                   
GPU 0           131.846           0.094        0.004        0.030        279456545                   3034536905                  892072175                   2019282                     
GPU 1           145.610           0.094        0.005        0.031        92860904                    1112589792                  892972840                   892971792                   
GPU 2           141.980           0.095        0.004        0.030        192396772                   2467576688                  855264705                   855265753                   
GPU 3           129.806           0.094        0.004        0.030        1150168139                  2718801309                  2016194                     889045804                   
GPU 4           132.918           0.094        0.004        0.030        251945052                   3135276022                  855948518                   2052360                     
GPU 5           143.584           0.096        0.004        0.030        146415099                   1759338644                  857035592                   857030875                   
GPU 6           145.597           0.096        0.004        0.032        137673532                   1702505581                  897561298                   897561298                   
GPU 7           135.294           0.094        0.004        0.028        1091766008                  1847094583                  2051338                     899912718                   
GPU 0           131.846           0.094        0.004        0.030        251948947                   3034536905                  855321640                   2052869                     
GPU 1           145.129           0.093        0.005        0.031        86558757                    1112589792                  857740377                   857740901                   
GPU 2           141.980           0.097        0.004        0.031        208558093                   2467576688                  858068752                   858064035                   
GPU 3           130.483           0.094        0.004        0.030        1150168139                  2400408250                  2051805                     855764218                   
GPU 4           132.918           0.094        0.004        0.032        259983565                   3200536966                  856058287                   2052301                     
GPU 5           143.584           0.096        0.004        0.031        149648516                   1771650868                  857473232                   857477425                   
GPU 6           145.597           0.096        0.005        0.031        143330047                   1768528202                  858158529                   858154336                   
GPU 7           135.294           0.094        0.004        0.030        1138736607                  1865099172                  2051338                     855670772                   
GPU 0           133.021           0.095        0.004        0.032        307228303                   3596201245                  896614888                   2044859                     
GPU 1           147.858           0.097        0.006        0.034        98340843                    1176127855                  904369622                   904364381                   
GPU 2           142.222           0.096        0.004        0.032        187379240                   2405251700                  896144931                   896147551                   
GPU 3           131.285           0.098        0.005        0.033        1074528935                  1873752908                  2048605                     906522230                   
GPU 4           132.904           0.095        0.005        0.033        336004262                   4119558006                  900719823                   2040820                     
GPU 5           144.882           0.098        0.005        0.031        159526443                   1912075393                  893531051                   893531925                   
GPU 6           145.643           0.096        0.004        0.032        145197388                   1867691974                  905085609                   905090325                   
GPU 7           135.303           0.095        0.004        0.031        1074467622                  1827752410                  2037686                     902081995                   
#Entity         POWER             SMACT        TENSO        DRAMA        PCITX                       PCIRX                       NVLTX                       NVLRX                       
ID               W                                                                                                                                                                       
GPU 0           133.042           0.095        0.004        0.032        295633042                   3675309474                  850076529                   2032306                     
GPU 1           147.724           0.097        0.006        0.034        91311911                    1128480560                  854456954                   854477918                   
GPU 2           143.003           0.098        0.004        0.033        166491670                   2153899403                  849127376                   849126794                   
GPU 3           130.703           0.096        0.005        0.032        1139381065                  2049824129                  2037506                     848468953                   
GPU 4           133.073           0.096        0.005        0.033        301695626                   3711973434                  847934933                   2035094                     
GPU 5           144.444           0.097        0.005        0.033        165645780                   1984265968                  853205449                   853206613                   
GPU 6           145.730           0.096        0.005        0.032        157383086                   1826987456                  853148261                   853142496                   
GPU 7           135.275           0.095        0.004        0.031        1120313057                  1682402023                  2041583                     852313687                   
GPU 0           133.182           0.096        0.004        0.033        305303888                   2995993234                  901819748                   2045473                     
GPU 1           147.775           0.098        0.006        0.035        86741868                    1043235271                  897552889                   897539549                   
GPU 2           143.334           0.098        0.004        0.033        188917546                   2394987513                  906036102                   906037151                   
GPU 3           130.569           0.097        0.005        0.032        1150835240                  2720424929                  2036579                     899418494                   
GPU 4           133.046           0.095        0.005        0.032        345719364                   4169070916                  902571476                   2049252                     
GPU 5           145.335           0.099        0.005        0.032        153937174                   1825800045                  903296831                   903294211                   
GPU 6           145.900           0.097        0.005        0.032        152016567                   1697330093                  899381566                   899386807                   
GPU 7           134.949           0.095        0.004        0.031        1096720253                  1716827169                  2049292                     895059895                   
GPU 0           132.560           0.094        0.004        0.032        244253463                   3354884117                  854697668                   2047591                     
GPU 1           147.882           0.098        0.006        0.034        88626401                    1067726870                  856325687                   856324522                   
GPU 2           143.088           0.100        0.004        0.034        213111024                   2755014902                  855870620                   855870620                   
GPU 3           129.457           0.096        0.005        0.032        1138274728                  2544470672                  2049727                     853831248                   
GPU 4           132.367           0.096        0.005        0.032        317136979                   3898648909                  855437004                   2047320                     
GPU 5           144.667           0.095        0.005        0.033        147878142                   1798008199                  857817013                   857813345                   
GPU 6           145.001           0.096        0.005        0.032        140648681                   1642282797                  856289609                   856289609                   
GPU 7           134.864           0.096        0.004        0.031        1094169522                  1933563958                  2045025                     853798327                   
GPU 0           132.788           0.094        0.004        0.032        279093167                   3591380962                  894232490                   2029823                     
GPU 1           145.877           0.093        0.005        0.032        90207810                    1109025989                  855394879                   855390686                   
GPU 2           142.606           0.096        0.004        0.032        192974588                   2464960153                  897701469                   897702052                   
GPU 3           130.091           0.092        0.004        0.030        1141448302                  2146395341                  2049608                     854061464                   
GPU 4           132.788           0.092        0.005        0.031        334878825                   3990237132                  893903097                   2014403                     
GPU 5           144.601           0.095        0.005        0.032        149659458                   1747371703                  893267120                   893270788                   
GPU 6           144.538           0.092        0.005        0.030        138156624                   1241571467                  865823438                   865822390                   
GPU 7           134.803           0.091        0.004        0.032        1102074098                  1898905524                  2005189                     854158856                   
GPU 0           134.192           0.097        0.005        0.035        298269135                   3586318297                  835706252                   2002425                     
GPU 1           146.123           0.094        0.005        0.032        105510411                   1237129083                  889572448                   889572972                   
GPU 2           142.843           0.096        0.004        0.032        174356938                   2210357798                  837228385                   837227861                   
GPU 3           130.746           0.095        0.005        0.032        1074303520                  2076186265                  2005478                     891808675                   
GPU 4           133.591           0.095        0.005        0.032        293642505                   3434423508                  835646164                   2001475                     
GPU 5           144.466           0.096        0.005        0.031        142661465                   1611523082                  836402061                   836403490                   
GPU 6           145.303           0.094        0.005        0.031        98191519                    1300469513                  867160466                   867187623                   
GPU 7           135.265           0.094        0.004        0.029        1054732044                  1637346882                  1991658                     884045170                   
GPU 0           132.704           0.093        0.004        0.032        293849562                   3594778773                  880491884                   1991525                     
GPU 1           146.154           0.093        0.005        0.031        106152599                   1286142899                  878460737                   878456449                   
GPU 2           142.366           0.097        0.004        0.033        176029068                   2285466581                  838085716                   838084668                   
GPU 3           129.639           0.095        0.005        0.032        1108720471                  1923397825                  1997333                     834511311                   
GPU 4           132.668           0.096        0.005        0.033        286170672                   3383611544                  834965644                   2005741                     
GPU 5           144.010           0.093        0.004        0.031        148008598                   1648275907                  838114872                   838110795                   
GPU 6           145.444           0.092        0.005        0.031        105962487                   1237069504                  836356529                   836318687                   
GPU 7           134.449           0.092        0.004        0.031        1102384349                  1751327306                  1995832                     833061497                   
GPU 0           132.738           0.094        0.004        0.032        298664431                   3016734577                  837679783                   2010363                     
GPU 1           146.529           0.095        0.005        0.032        125030570                   1600228948                  839401626                   839406285                   
GPU 2           143.355           0.095        0.004        0.032        201152850                   2562673208                  838184501                   838184025                   
GPU 3           129.857           0.094        0.004        0.031        1126771871                  2608461788                  2007824                     837983121                   
GPU 4           132.925           0.093        0.005        0.032        348881655                   4201584730                  835904326                   1993136                     
GPU 5           145.439           0.097        0.005        0.033        147266582                   1733263846                  883210785                   883213405                   
GPU 6           145.228           0.095        0.005        0.032        99009164                    1337808028                  882103847                   882107515                   
GPU 7           135.176           0.094        0.004        0.031        1077116244                  1893065752                  2009082                     875234375                   
GPU 0           133.583           0.096        0.004        0.033        246560974                   3012461307                  836057931                   2003611                     
GPU 1           146.064           0.094        0.005        0.032        127577939                   1604643574                  837332783                   837332259                   
GPU 2           142.390           0.098        0.004        0.033        209775291                   2688974378                  839636757                   839635592                   
GPU 3           129.994           0.095        0.004        0.031        1129034960                  2718417160                  2003530                     833723528                   
GPU 4           132.504           0.094        0.005        0.032        339623460                   4174491175                  838499559                   2003034                     
GPU 5           144.474           0.095        0.005        0.031        148858829                   1794511570                  836186617                   836182949                   
GPU 6           144.811           0.092        0.004        0.030        106805884                   1310609059                  840790206                   840790206                   
GPU 7           135.539           0.094        0.004        0.032        1072968776                  1881296621                  2003656                     839874476                   
GPU 0           132.260           0.093        0.004        0.032        249873381                   3529484019                  876562750                   1998247                     
GPU 1           145.912           0.095        0.005        0.032        124847653                   1616072484                  840877730                   840873537                   
GPU 2           142.081           0.096        0.004        0.031        198831929                   2505869535                  878683171                   878683171                   
GPU 3           129.744           0.095        0.004        0.031        1143821842                  2860019200                  2010883                     840142225                   
GPU 4           132.006           0.093        0.005        0.031        331095672                   4040688983                  881053524                   2012548                     
GPU 5           143.444           0.092        0.004        0.030        151250811                   1759483790                  841673600                   841677268                   
GPU 6           145.244           0.092        0.004        0.031        106713741                   1212450091                  837133391                   837134963                   
GPU 7           134.436           0.091        0.004        0.030        1111628634                  1808851278                  1994143                     836025787                   
GPU 0           133.415           0.095        0.004        0.033        293588976                   3595165046                  837697934                   2004362                     
GPU 1           147.601           0.095        0.005        0.033        110596425                   1306681216                  881795512                   881799181                   
GPU 2           143.205           0.095        0.004        0.032        188358914                   2405183086                  839199265                   839194606                   
GPU 3           130.670           0.093        0.004        0.031        1121921839                  2057982971                  1991012                     878204888                   
GPU 4           133.409           0.092        0.004        0.031        316291588                   3766290566                  834124502                   1993108                     
GPU 5           145.267           0.097        0.005        0.033        167201405                   1813750939                  881074810                   881075858                   
GPU 6           146.101           0.095        0.005        0.032        95875369                    1336097742                  875290165                   875288855                   
GPU 7           135.404           0.094        0.004        0.031        1059941581                  1696226030                  2007881                     880363591                   
GPU 0           131.493           0.093        0.004        0.032        295008219                   3714578586                  880633563                   1991563                     
GPU 1           146.888           0.097        0.006        0.033        112508617                   1335766888                  837773901                   837774854                   
GPU 2           142.306           0.098        0.004        0.033        185831479                   2425679573                  883640173                   883643842                   
GPU 3           129.972           0.096        0.005        0.032        1050556436                  1782177287                  2001029                     835352813                   
GPU 4           132.147           0.095        0.005        0.032        278838479                   3321976304                  886290306                   2002054                     
GPU 5           144.029           0.094        0.004        0.031        157470126                   2007262127                  839219353                   839219353                   
GPU 6           145.024           0.094        0.005        0.033        108155098                   1264437943                  840321736                   840323046                   
GPU 7           134.930           0.094        0.004        0.032        1098816023                  1707505186                  1993460                     837876543                   
GPU 0           131.655           0.091        0.004        0.029        308438093                   3008866867                  840448301                   2021381                     
GPU 1           146.174           0.092        0.005        0.030        104440209                   1272072067                  893479509                   893480091                   
GPU 2           142.247           0.096        0.004        0.032        172922579                   2176460835                  842635803                   842635803                   
GPU 3           129.918           0.092        0.004        0.029        1180020753                  2576608205                  2004923                     891615130                   
GPU 4           131.450           0.091        0.004        0.030        332491528                   3986449219                  839494113                   2003122                     
GPU 5           143.767           0.094        0.004        0.030        145766592                   1862608768                  885061397                   885059824                   
GPU 6           146.044           0.093        0.004        0.031        100876260                   1280457664                  882258747                   882288096                   
GPU 7           135.808           0.093        0.004        0.030        1081053991                  1912970305                  2020121                     874651291                   
GPU 0           132.017           0.092        0.004        0.030        246375360                   3339559511                  894020480                   2024067                     
GPU 1           146.887           0.096        0.005        0.032        112186182                   1320552042                  842157336                   842153143                   
GPU 2           142.217           0.096        0.004        0.031        147127869                   1810019660                  901534723                   901537053                   
GPU 3           130.287           0.095        0.005        0.031        1145299192                  2872824447                  2016180                     839181939                   
GPU 4           132.630           0.092        0.004        0.030        338145580                   4146052979                  898278725                   2013863                     
GPU 5           144.624           0.094        0.004        0.031        157989728                   1763518933                  842461072                   842462025                   
GPU 6           145.845           0.095        0.005        0.033        102381856                   1260882440                  842716188                   842687887                   
GPU 7           135.449           0.096        0.004        0.033        1132875187                  1871538251                  2023570                     842607993                   
GPU 0           133.285           0.094        0.004        0.032        282365812                   2982628634                  838223994                   2011540                     
GPU 1           147.122           0.095        0.005        0.032        125746530                   1621604882                  894204656                   894208849                   
GPU 2           143.171           0.096        0.004        0.032        149032417                   1813121562                  841038678                   841032913                   
GPU 3           130.547           0.094        0.004        0.031        1119476630                  1739533835                  2024552                     892692634                   
GPU 4           132.882           0.093        0.005        0.031        316761672                   3744283480                  838639904                   2024789                     
GPU 5           145.443           0.097        0.005        0.033        164882914                   1882744025                  900604809                   900599568                   
GPU 6           146.306           0.095        0.005        0.032        102670749                   1332136281                  895830654                   895830654                   
GPU 7           135.338           0.094        0.004        0.031        1058471317                  1706344997                  2012497                     892781481                   
#Entity         POWER             SMACT        TENSO        DRAMA        PCITX                       PCIRX                       NVLTX                       NVLRX                       
ID               W                                                                                                                                                                       
GPU 0           132.446           0.094        0.004        0.032        262850507                   3246698897                  900562870                   2023573                     
GPU 1           147.509           0.097        0.006        0.033        133254153                   1675863548                  840627787                   840624118                   
GPU 2           142.524           0.098        0.004        0.033        143293913                   1740195632                  895537056                   895542297                   
GPU 3           130.309           0.096        0.005        0.032        1057203489                  1640337043                  2010613                     839300007                   
GPU 4           133.011           0.095        0.005        0.032        289442550                   3380844372                  888633093                   2014123                     
GPU 5           144.818           0.095        0.005        0.032        155661506                   1978102868                  897441794                   897323350                   
GPU 6           145.665           0.094        0.005        0.032        105044213                   1249934478                  902436289                   902435707                   
GPU 7           135.235           0.094        0.004        0.031        1115349012                  1710403481                  2025556                     888124606                   
GPU 0           133.084           0.095        0.004        0.033        282423853                   2751296914                  838590406                   2013810                     
GPU 1           147.354           0.095        0.005        0.032        105060196                   1267353684                  890959330                   890957901                   
GPU 2           142.268           0.096        0.004        0.032        144328374                   1780292958                  840680123                   840679075                   
GPU 3           130.824           0.095        0.005        0.032        1125816779                  1870330846                  2021905                     894192234                   
GPU 4           133.399           0.094        0.005        0.032        307298429                   3645511232                  840631065                   2021593                     
GPU 5           144.982           0.095        0.005        0.031        145320066                   1841492159                  840622854                   840741302                   
GPU 6           145.722           0.094        0.005        0.031        101790157                   1296246457                  840603098                   840602574                   
GPU 7           135.523           0.094        0.004        0.031        1063604539                  1508663141                  2011367                     850031826                   
GPU 0           132.549           0.094        0.004        0.031        244034214                   2712629450                  840818454                   2012126                     
GPU 1           146.635           0.096        0.005        0.032        98795077                    1207320880                  843182583                   843187824                   
GPU 2           142.712           0.096        0.004        0.031        161826282                   1941128197                  841930087                   841927903                   
GPU 3           131.398           0.097        0.005        0.032        1074597814                  1849090525                  2016729                     839418712                   
GPU 4           133.177           0.095        0.005        0.032        283759532                   3331470265                  839634667                   2011880                     
GPU 5           144.498           0.095        0.004        0.031        145342958                   1627779505                  840225464                   840225464                   
GPU 6           145.176           0.093        0.004        0.031        103944679                   1293814240                  842441456                   842441981                   
GPU 7           135.328           0.093        0.004        0.030        1050014061                  1514827968                  2015463                     837286267                   
GPU 0           131.884           0.091        0.004        0.030        239392343                   3609074266                  894995320                   1999409                     
GPU 1           147.093           0.095        0.005        0.033        102247362                   1215078139                  884685072                   884684548                   
GPU 2           142.411           0.097        0.004        0.032        162526037                   1974804738                  891288953                   891292447                   
GPU 3           130.153           0.097        0.005        0.033        1057531632                  1944886395                  1974776                     825952918                   
GPU 4           132.354           0.095        0.005        0.032        275893561                   3272619036                  883938523                   2012103                     
GPU 5           143.655           0.092        0.004        0.029        129969230                   1658533967                  892892156                   892894486                   
GPU 6           144.977           0.091        0.004        0.030        102703628                   1232539418                  886582895                   886580798                   
GPU 7           134.520           0.092        0.004        0.030        1108190099                  1580675575                  2000531                     885842328                   
GPU 0           133.153           0.095        0.004        0.032        304923755                   3593162738                  838554225                   2013437                     
GPU 1           147.116           0.096        0.005        0.032        130011967                   1674321920                  841272805                   841273329                   
GPU 2           143.086           0.095        0.004        0.031        152112558                   1858802759                  841889213                   841886593                   
GPU 3           130.811           0.094        0.004        0.031        1131878544                  2118935430                  2040273                     899514294                   
GPU 4           133.240           0.092        0.004        0.031        303547863                   3602967745                  837872744                   2004648                     
GPU 5           145.010           0.096        0.005        0.032        130111751                   1460319392                  840054253                   840048487                   
GPU 6           146.167           0.095        0.005        0.032        100177055                   1343759086                  840081887                   840079703                   
GPU 7           135.487           0.093        0.004        0.031        1055658310                  1681821236                  2013325                     838441125                   
GPU 0           132.163           0.092        0.004        0.031        297907723                   3753322227                  888249450                   2000845                     
GPU 1           147.141           0.097        0.006        0.033        133706817                   1685206505                  841719134                   841719134                   
GPU 2           142.008           0.097        0.004        0.032        150429760                   1796690096                  885425457                   885428077                   
GPU 3           129.875           0.096        0.005        0.032        1080087415                  2118935430                  2007280                     836971117                   
GPU 4           131.776           0.095        0.005        0.032        285259488                   3357280844                  895155518                   2010312                     
GPU 5           143.892           0.093        0.004        0.030        133833397                   1447301998                  886943547                   886947215                   
GPU 6           144.678           0.091        0.004        0.030        106831631                   1204260430                  896894222                   896901428                   
GPU 7           134.331           0.094        0.004        0.031        1061194216                  1714159763                  2007295                     837818406                   
GPU 0           132.984           0.097        0.004        0.031        309143963                   2861662798                  891726375                   2132580                     
GPU 1           146.091           0.095        0.005        0.030        124595447                   1583920902                  909207593                   909207996                   
GPU 2           143.638           0.094        0.004        0.031        145786478                   1793770834                  979603650                   979599458                   
GPU 3           131.513           0.095        0.004        0.030        1132722823                  1749559380                  2061387                     899295582                   
GPU 4           134.621           0.093        0.004        0.030        305559806                   3632375679                  986440260                   2033990                     
GPU 5           145.882           0.101        0.005        0.032        152041709                   1583275939                  977677837                   977678362                   
GPU 6           147.487           0.098        0.005        0.032        97187589                    1354979073                  884796779                   884795207                   
GPU 7           136.734           0.095        0.004        0.030        1127100116                  1386180760                  2098762                     918624656                   
GPU 0           134.651           0.101        0.005        0.034        236594863                   2406586957                  974963271                   2233435                     
GPU 1           147.971           0.100        0.005        0.032        111573549                   1394883665                  991018001                   991017419                   
GPU 2           144.189           0.103        0.005        0.033        145116353                   1759973342                  921701240                   921705528                   
GPU 3           132.144           0.102        0.005        0.033        1226451585                  1678694561                  2239621                     989079607                   
GPU 4           134.749           0.102        0.005        0.034        276637359                   3256236342                  918314306                   2238446                     
GPU 5           146.331           0.103        0.005        0.033        128712302                   1803887864                  921793874                   921793874                   
GPU 6           147.433           0.102        0.005        0.033        109034515                   1311819553                  983213930                   983210262                   
GPU 7           138.212           0.102        0.005        0.034        1183372811                  1198511333                  2234746                     984157509                   
GPU 0           134.937           0.103        0.005        0.035        206920096                   2229759382                  919199137                   2204838                     
GPU 1           148.030           0.101        0.005        0.033        115315203                   1365429109                  921827742                   921828791                   
GPU 2           143.976           0.103        0.004        0.033        152252823                   1861103206                  921277364                   921277364                   
GPU 3           131.708           0.103        0.005        0.033        1144627642                  1691464311                  2204027                     918960050                   
GPU 4           135.369           0.102        0.005        0.035        272561473                   3244428357                  919141419                   2205069                     
GPU 5           147.720           0.103        0.005        0.034        128977202                   1470217450                  920621307                   920618163                   
GPU 6           147.348           0.101        0.005        0.033        111250235                   1330711034                  920645382                   920650099                   
GPU 7           138.373           0.105        0.005        0.036        1114956745                  1237245813                  2202637                     916991923                   
GPU 0           135.003           0.102        0.005        0.034        198635527                   2226116427                  918201031                   2203975                     
GPU 1           148.127           0.101        0.005        0.033        108655571                   1325123325                  919802420                   919802420                   
GPU 2           144.442           0.103        0.004        0.033        152244433                   1866129699                  932034490                   932033442                   
GPU 3           132.081           0.103        0.005        0.034        1144497913                  1648905748                  2206344                     920284585                   
GPU 4           134.513           0.103        0.005        0.035        269073288                   3203718711                  966953959                   2204120                     
GPU 5           146.404           0.102        0.005        0.033        133609647                   1445954042                  914313686                   914317355                   
GPU 6           146.748           0.101        0.005        0.032        116753244                   1322327471                  921813696                   921813696                   
GPU 7           137.501           0.104        0.005        0.036        1113678835                  1218201288                  2202025                     919272442                   
GPU 0           133.030           0.097        0.004        0.032        202737787                   2311521139                  956008005                   2169736                     
GPU 1           148.153           0.100        0.005        0.033        110442132                   1309490375                  968625232                   968624067                   
GPU 2           143.591           0.102        0.005        0.033        156350662                   1897719738                  939817578                   939821389                   
GPU 3           131.335           0.101        0.005        0.033        1188622171                  1692988172                  2189680                     961190492                   
GPU 4           133.544           0.101        0.005        0.034        264607993                   3122665105                  903085697                   2197602                     
GPU 5           146.549           0.101        0.005        0.033        122000818                   1492702362                  961309159                   961303919                   
GPU 6           146.477           0.097        0.004        0.031        126444743                   1428202865                  961394782                   961394782                   
GPU 7           135.873           0.097        0.004        0.031        1163816053                  1291280733                  2169212                     958754124                   
GPU 0           133.905           0.100        0.004        0.033        195056846                   2171686805                  904937022                   2169738                     
GPU 1           148.620           0.101        0.005        0.033        115193224                   1369333425                  905145089                   905144041                   
GPU 2           143.900           0.102        0.004        0.033        149907184                   1867354586                  908216786                   908208051                   
GPU 3           132.527           0.102        0.005        0.033        1129310565                  1689306453                  2165942                     904205531                   
GPU 4           134.396           0.099        0.005        0.033        260251050                   3113491986                  906116517                   2166463                     
GPU 5           148.132           0.105        0.005        0.035        138831130                   1402348286                  908639578                   908644295                   
GPU 6           147.780           0.101        0.005        0.033        139181048                   1567222770                  907487454                   907486930                   
GPU 7           136.886           0.101        0.004        0.033        1111250714                  1347008791                  2170313                     905036886                   
GPU 0           134.471           0.100        0.005        0.034        206421895                   2323550582                  955374576                   2195819                     
GPU 1           147.862           0.102        0.006        0.034        110259561                   1353298449                  909683180                   909683704                   
GPU 2           144.254           0.103        0.005        0.034        147874694                   1806544199                  961544514                   961547849                   
GPU 3           132.105           0.104        0.005        0.035        1132113583                  1584968602                  2176163                     906191437                   
GPU 4           135.124           0.101        0.005        0.034        264737637                   3133211822                  964254798                   2169035                     
GPU 5           147.257           0.102        0.005        0.034        136016818                   1551955418                  956274655                   956274655                   
GPU 6           147.654           0.102        0.005        0.034        130213309                   1508082658                  969640433                   969639909                   
GPU 7           136.818           0.102        0.005        0.034        1169101723                  1362249813                  2195378                     960373016                   
GPU 0           134.954           0.101        0.005        0.035        201791170                   2307116109                  903933598                   2161601                     
GPU 1           150.795           0.102        0.006        0.035        113121777                   1348856213                  965388784                   965388260                   
GPU 2           144.247           0.103        0.005        0.034        133932405                   1676751917                  903745793                   903746842                   
GPU 3           132.651           0.103        0.005        0.035        1187733291                  1622654087                  2186525                     964254395                   
GPU 4           135.691           0.102        0.005        0.035        254839112                   3082616239                  900670185                   2158885                     
GPU 5           146.845           0.102        0.005        0.034        146661985                   1668716164                  904485162                   904485162                   
GPU 6           147.734           0.102        0.005        0.034        134174929                   1499806520                  903980191                   903947173                   
GPU 7           136.837           0.100        0.004        0.033        1126715026                  1580285085                  2165279                     900769493                   
#Entity         POWER             SMACT        TENSO        DRAMA        PCITX                       PCIRX                       NVLTX                       NVLRX                       
ID               W                                                                                                                                                                       
GPU 0           134.774           0.101        0.005        0.035        214891585                   2422025178                  953449801                   2172866                     
GPU 1           149.485           0.103        0.006        0.036        111995411                   1368039782                  900293678                   900289867                   
GPU 2           144.222           0.103        0.005        0.034        141713135                   1720215296                  958248227                   958244035                   
GPU 3           132.422           0.104        0.005        0.035        1116903324                  1554185812                  2162875                     899363209                   
GPU 4           134.713           0.101        0.005        0.035        266555821                   3007468421                  957449882                   2175080                     
GPU 5           146.388           0.102        0.005        0.034        146946792                   1662435790                  957359318                   957355126                   
GPU 6           147.818           0.102        0.005        0.034        138168391                   1580221616                  900302623                   900329781                   
GPU 7           136.337           0.100        0.004        0.033        1174293005                  1517528283                  2173129                     951364078                   
GPU 0           134.774           0.101        0.005        0.035        195587654                   2422025178                  953449801                   2172866                     
GPU 1           149.488           0.103        0.006        0.036        112281397                   1368039782                  900293678                   900289867                   
GPU 2           144.222           0.102        0.005        0.033        143614152                   1720215296                  958248227                   958244035                   
GPU 3           132.422           0.103        0.005        0.035        1116903324                  1554185812                  2162875                     899363209                   
GPU 4           134.713           0.101        0.005        0.035        266555821                   2922624419                  957449882                   2175080                     
GPU 5           146.388           0.102        0.005        0.034        146946792                   1684621620                  957359318                   957355126                   
GPU 6           147.818           0.102        0.005        0.034        131013379                   1580221616                  900302623                   900329781                   
GPU 7           136.337           0.101        0.004        0.033        1124396501                  1517528283                  2173129                     951364078                   
GPU 0           134.564           0.101        0.005        0.035        196927714                   2229640354                  905245130                   2171297                     
GPU 1           149.858           0.104        0.006        0.036        113785835                   1347588835                  909247481                   909247481                   
GPU 2           144.085           0.104        0.005        0.034        149734518                   1789142641                  908005130                   908007036                   
GPU 3           132.505           0.103        0.005        0.034        1136203225                  1715904141                  2177175                     908079306                   
GPU 4           135.880           0.102        0.005        0.035        252962164                   2997587817                  908053773                   2178504                     
GPU 5           147.673           0.103        0.005        0.034        145894191                   1666445891                  908271432                   908273004                   
GPU 6           148.178           0.101        0.005        0.034        132142624                   1481978661                  970122342                   970127001                   
GPU 7           137.659           0.102        0.004        0.033        1133747625                  1522544608                  2165082                     905058135                   
GPU 0           134.702           0.100        0.005        0.034        215854817                   2434174553                  954504673                   2185317                     
GPU 1           149.566           0.102        0.006        0.036        117344608                   1398593393                  901472357                   901472881                   
GPU 2           145.062           0.103        0.005        0.034        141378236                   1731045460                  956879087                   956881946                   
GPU 3           132.193           0.104        0.005        0.034        1191013128                  1657244431                  2190786                     961559706                   
GPU 4           135.813           0.101        0.005        0.035        269905941                   3184230529                  959761005                   2184268                     
GPU 5           147.804           0.103        0.005        0.035        148019323                   1703107792                  955492639                   955497403                   
GPU 6           147.406           0.100        0.005        0.032        124391783                   1463357344                  964179665                   964179141                   
GPU 7           138.062           0.101        0.005        0.034        1172562444                  1505272765                  2183297                     952435439                   
GPU 0           134.204           0.100        0.005        0.034        233602455                   2434174553                  954504673                   2185317                     
GPU 1           150.018           0.104        0.006        0.036        117344608                   1309376591                  901472357                   901472881                   
GPU 2           145.062           0.101        0.005        0.035        143823868                   1731045460                  956879087                   956881946                   
GPU 3           132.367           0.102        0.005        0.034        1191013128                  1657244431                  2190786                     961559706                   
GPU 4           135.813           0.101        0.005        0.035        226958603                   2708334336                  959761005                   2052882                     
GPU 5           147.804           0.103        0.005        0.035        148019323                   1654033308                  955492639                   955497403                   
GPU 6           147.406           0.100        0.005        0.033        110771860                   1361832142                  964179665                   964179141                   
GPU 7           138.062           0.102        0.005        0.034        1106461542                  1505272765                  2183297                     952435439                   
GPU 0           135.877           0.099        0.005        0.034        234127048                   2675780721                  875031921                   2096951                     
GPU 1           149.681           0.101        0.006        0.035        106871540                   1364238419                  928421109                   928420633                   
GPU 2           144.882           0.106        0.005        0.036        142149740                   1792910936                  858999419                   859000468                   
GPU 3           133.085           0.099        0.005        0.033        1148276078                  1714700198                  2091599                     920991901                   
GPU 4           135.395           0.099        0.005        0.035        260916940                   3066160290                  856207840                   2248796                     
GPU 5           147.060           0.101        0.005        0.035        145141790                   1531101109                  863662032                   863656212                   
GPU 6           147.994           0.104        0.005        0.035        111518805                   1341336830                  941301600                   941301123                   
GPU 7           138.145           0.102        0.005        0.035        1171862611                  1555221981                  2162060                     946447061                   
GPU 0           135.578           0.102        0.005        0.035        210001465                   2639704461                  958406080                   2179149                     
GPU 1           150.711           0.106        0.006        0.037        114360440                   1358205335                  927740036                   927738871                   
GPU 2           145.659           0.106        0.005        0.035        144404103                   1733144361                  986460601                   986460077                   
GPU 3           132.912           0.106        0.005        0.036        1144530587                  1591874469                  2215344                     924132398                   
GPU 4           135.527           0.103        0.005        0.034        263535438                   3136066954                  986752415                   2223457                     
GPU 5           147.239           0.104        0.005        0.034        135726331                   1442558826                  975223095                   975222571                   
GPU 6           148.653           0.102        0.005        0.035        119699645                   1342473464                  925821941                   925823106                   
GPU 7           137.469           0.103        0.005        0.035        1144376234                  1524060224                  2213769                     923778095                   
GPU 0           134.588           0.105        0.005        0.037        219552145                   2400215311                  923780669                   2214309                     
GPU 1           149.791           0.105        0.006        0.037        112484465                   1282635364                  970983441                   970983918                   
GPU 2           144.611           0.104        0.005        0.035        138895410                   1792193330                  922310701                   922310701                   
GPU 3           131.916           0.105        0.005        0.035        1195306967                  1616080054                  2220688                     971812596                   
GPU 4           135.662           0.102        0.005        0.036        264664493                   3124773107                  967776728                   2171509                     
GPU 5           147.290           0.104        0.005        0.034        126445874                   1677972893                  922972252                   922977056                   
GPU 6           147.996           0.105        0.005        0.034        123852527                   1396544400                  974744476                   974745001                   
GPU 7           138.254           0.101        0.005        0.034        1193065570                  1497366098                  2205380                     968853672                   
GPU 0           134.878           0.102        0.005        0.035        218716354                   2471472054                  968729217                   2204305                     
GPU 1           149.202           0.103        0.006        0.035        104463736                   1301667266                  908247838                   908245742                   
GPU 2           145.350           0.104        0.005        0.035        134248499                   1691425207                  974607093                   974607093                   
GPU 3           131.454           0.102        0.005        0.034        1144942066                  1875567701                  2171835                     906042242                   
GPU 4           135.976           0.103        0.005        0.035        263171363                   3093786658                  904813278                   2191221                     
GPU 5           147.527           0.100        0.005        0.032        148251034                   1668549607                  983356031                   983357342                   
GPU 6           149.211           0.102        0.005        0.036        131047691                   1506590404                  908623145                   908618428                   
GPU 7           136.576           0.103        0.005        0.036        1128894881                  1587092065                  2175517                     906489502                   
GPU 0           134.480           0.100        0.005        0.034        198824910                   2273090869                  905065094                   2174952                     
GPU 1           148.774           0.102        0.006        0.035        109334618                   1325806316                  963896468                   963899612                   
GPU 2           144.365           0.103        0.005        0.034        145910626                   1793330455                  965327533                   965324388                   
GPU 3           131.777           0.100        0.005        0.033        1129376919                  1707778660                  2191475                     963107577                   
GPU 4           134.729           0.102        0.005        0.033        249745081                   2971573247                  965537117                   2166081                     
GPU 5           146.732           0.103        0.005        0.035        145320268                   1511885511                  929766814                   929766338                   
GPU 6           147.429           0.102        0.005        0.034        119957689                   1337512543                  963349975                   963354692                   
GPU 7           136.758           0.100        0.004        0.033        1165816288                  1266061723                  2189696                     961192877                   
GPU 0           134.271           0.101        0.005        0.034        196678698                   2203814376                  968762349                   2191256                     
GPU 1           149.001           0.102        0.006        0.035        110466469                   1371462728                  907019799                   907019323                   
GPU 2           144.173           0.105        0.005        0.035        147197626                   1765953300                  904590852                   904593996                   
GPU 3           132.321           0.100        0.005        0.034        1134340742                  1740187049                  2163926                     903547654                   
GPU 4           134.181           0.101        0.005        0.034        251830862                   2969375327                  900043903                   2171412                     
GPU 5           146.510           0.103        0.005        0.033        133530047                   1498652187                  942428981                   942428399                   
GPU 6           147.619           0.099        0.005        0.034        106855845                   1204597413                  907016041                   907015168                   
GPU 7           136.265           0.100        0.004        0.033        1094471699                  1184426295                  2166633                     904034889                   
GPU 0           132.774           0.096        0.004        0.033        189415515                   2160412938                  904218580                   2167086                     
GPU 1           148.392           0.101        0.005        0.032        112343389                   1597470300                  956960745                   956961910                   
GPU 2           142.986           0.098        0.004        0.033        187405282                   2385881269                  907882212                   907881688                   
GPU 3           131.663           0.102        0.005        0.032        1112380385                  1739164877                  2171062                     905127761                   
GPU 4           133.561           0.093        0.005        0.032        385723282                   4707074594                  906896561                   1991346                     
GPU 5           145.620           0.097        0.005        0.032        136371635                   1631290160                  906152537                   906152537                   
GPU 6           146.293           0.093        0.004        0.033        111973577                   1286988321                  939363310                   939362728                   
GPU 7           135.507           0.096        0.004        0.032        1140104844                  1466668418                  2096437                     926282415                   
GPU 0           132.537           0.092        0.004        0.032        181271919                   2035061252                  849201568                   1939033                     
GPU 1           147.963           0.094        0.005        0.031        126549417                   1563346492                  856091176                   856088031                   
GPU 2           142.473           0.097        0.004        0.034        210114226                   2635274681                  812725358                   812721166                   
GPU 3           130.920           0.094        0.005        0.033        1064023764                  2115494330                  1945424                     813362152                   
GPU 4           131.980           0.093        0.005        0.032        370352945                   4477739343                  811321247                   1945780                     
GPU 5           144.278           0.094        0.005        0.032        151260373                   1797070642                  811068222                   811067174                   
GPU 6           145.140           0.091        0.004        0.031        158963210                   1889278917                  854821749                   854822226                   
GPU 7           134.375           0.092        0.004        0.029        1058323060                  1772606925                  1944850                     853021810                   
GPU 0           129.896           0.088        0.004        0.029        175737504                   1980659192                  811913821                   1943103                     
GPU 1           143.730           0.089        0.005        0.028        102639415                   1196018808                  814146117                   814149261                   
GPU 2           141.065           0.092        0.004        0.030        163792191                   2018247843                  857909157                   857909157                   
GPU 3           128.144           0.087        0.004        0.027        1096435411                  1926980218                  1935493                     854868716                   
GPU 4           131.008           0.088        0.004        0.029        321141634                   3872049482                  857069855                   1938654                     
GPU 5           142.049           0.089        0.004        0.028        144041100                   1684784953                  855039375                   855039852                   
GPU 6           144.464           0.090        0.004        0.030        141102918                   1772376743                  813096507                   813091848                   
GPU 7           134.097           0.089        0.004        0.028        1078542792                  1492802650                  1936317                     811188787                   
#Entity         POWER             SMACT        TENSO        DRAMA        PCITX                       PCIRX                       NVLTX                       NVLRX                       
ID               W                                                                                                                                                                       
GPU 0           129.769           0.086        0.004        0.027        178194075                   1997519279                  863087514                   1962024                     
GPU 1           144.939           0.088        0.004        0.028        108737534                   1335692783                  861723355                   861723831                   
GPU 2           140.861           0.090        0.004        0.028        141077517                   1745788029                  869606615                   869611856                   
GPU 3           128.438           0.088        0.004        0.027        1115785555                  2106016509                  1956410                     865725047                   
GPU 4           130.622           0.088        0.004        0.028        336283428                   4132566332                  865066560                   1951217                     
GPU 5           142.680           0.088        0.004        0.026        139559077                   1754987926                  812891360                   812885537                   
GPU 6           144.501           0.089        0.004        0.029        148063273                   1667190050                  863151189                   863155477                   
GPU 7           133.627           0.089        0.004        0.028        1013351666                  1289296954                  1945609                     865145827                   
GPU 0           132.917           0.087        0.004        0.028        223322164                   1996748174                  983847272                   2234368                     
GPU 1           148.642           0.096        0.005        0.030        124386935                   1586058921                  889024587                   889024004                   
GPU 2           143.884           0.094        0.004        0.030        220513077                   2797669485                  832550123                   832545411                   
GPU 3           130.818           0.096        0.004        0.031        1115183994                  2088046148                  2080166                     868058776                   
GPU 4           134.890           0.094        0.005        0.031        364202318                   4435192965                  848004558                   2035654                     
GPU 5           147.001           0.091        0.004        0.029        148164069                   1742336019                  877431866                   877433439                   
GPU 6           147.863           0.102        0.005        0.028        149255198                   1786655422                  974242407                   974242989                   
GPU 7           136.524           0.100        0.004        0.033        1050973340                  1337449846                  1960663                     968868581                   
GPU 0           136.072           0.100        0.004        0.033        232699045                   2554472874                  931143662                   2227956                     
GPU 1           150.761           0.105        0.006        0.036        105254787                   1273196939                  988889783                   988886115                   
GPU 2           145.589           0.104        0.005        0.034        158916440                   2019573885                  981154998                   981154521                   
GPU 3           133.836           0.105        0.005        0.035        1215085670                  1705608192                  2245699                     984060097                   
GPU 4           136.448           0.103        0.005        0.035        263103047                   3266941336                  979187375                   2242207                     
GPU 5           148.171           0.103        0.005        0.033        146208157                   1660548483                  986507642                   986511835                   
GPU 6           148.815           0.105        0.005        0.034        107175223                   1787683091                  932746990                   932742798                   
GPU 7           138.234           0.105        0.005        0.035        1169066379                  1173397795                  2205441                     931052642                   
GPU 0           136.175           0.105        0.005        0.037        232699045                   2627618320                  978934006                   2250909                     
GPU 1           150.761           0.105        0.006        0.037        98863833                    1226474505                  946022626                   946026819                   
GPU 2           145.762           0.108        0.005        0.036        157425495                   1917498707                  937713016                   937717092                   
GPU 3           133.293           0.105        0.005        0.037        1161197638                  1670888771                  2240489                     934311281                   
GPU 4           136.144           0.105        0.005        0.036        234454795                   2914471835                  934420668                   2240828                     
GPU 5           148.511           0.106        0.005        0.035        147597682                   1660548483                  981658825                   981518633                   
GPU 6           149.218           0.105        0.005        0.035        107175223                   1185447631                  987165689                   987169501                   
GPU 7           138.023           0.105        0.005        0.035        1125335857                  1334340548                  2227797                     984184914                   
GPU 0           135.791           0.104        0.005        0.036        214033519                   2604979725                  924841847                   2216304                     
GPU 1           149.871           0.107        0.006        0.037        107424944                   1411645718                  974530130                   974529606                   
GPU 2           146.613           0.106        0.005        0.036        154472544                   1884776776                  987541477                   987542001                   
GPU 3           134.208           0.107        0.005        0.037        1219252828                  1692039082                  2238405                     985092341                   
GPU 4           138.428           0.106        0.005        0.038        265918102                   3185579022                  985110878                   2245303                     
GPU 5           149.881           0.107        0.005        0.037        134000833                   1456711680                  974458610                   974626843                   
GPU 6           150.286           0.108        0.005        0.035        109379914                   1204763089                  926607653                   926602412                   
GPU 7           139.779           0.109        0.005        0.039        1192864684                  1571718704                  2252628                     924264816                   
GPU 0           135.816           0.106        0.005        0.037        208961181                   2444151760                  970789051                   2206806                     
GPU 1           149.566           0.103        0.006        0.035        105317938                   1338879237                  970773551                   970770693                   
GPU 2           143.365           0.102        0.005        0.036        149582968                   1865175629                  975819050                   975818526                   
GPU 3           132.877           0.104        0.005        0.035        1190766914                  1626793495                  2213521                     968424249                   
GPU 4           134.995           0.105        0.005        0.037        269044041                   3223152299                  973221341                   2212740                     
GPU 5           147.345           0.106        0.005        0.036        126644809                   1704664694                  923413435                   923413435                   
GPU 6           147.593           0.102        0.005        0.038        125623410                   1212076599                  970274292                   970278580                   
GPU 7           137.478           0.101        0.004        0.033        1150989991                  1312093442                  2217971                     966937899                   
GPU 0           136.124           0.102        0.005        0.036        200559994                   2353711725                  924736930                   2218393                     
GPU 1           150.066           0.104        0.006        0.036        115121909                   1387460056                  925026832                   925028405                   
GPU 2           144.141           0.103        0.004        0.033        143475064                   1720692034                  924886077                   924886601                   
GPU 3           132.297           0.102        0.005        0.033        1144070644                  1623817804                  2215034                     921843390                   
GPU 4           135.740           0.102        0.005        0.034        265947315                   2996773065                  921261259                   2213153                     
GPU 5           148.365           0.104        0.005        0.034        151403145                   1640680927                  927616212                   927617165                   
GPU 6           148.065           0.102        0.005        0.033        131005082                   1432742555                  924146476                   924141817                   
GPU 7           137.570           0.102        0.005        0.033        1129138227                  1336066006                  2207914                     923658148                   
GPU 0           135.986           0.105        0.005        0.037        209302493                   2288598977                  964059809                   2199680                     
GPU 1           149.598           0.103        0.006        0.035        112215452                   1346154695                  975200952                   975201476                   
GPU 2           144.687           0.106        0.004        0.037        139798254                   1770612320                  926906151                   926902220                   
GPU 3           132.370           0.102        0.005        0.033        1189971220                  1567660844                  2220563                     970280304                   
GPU 4           135.580           0.103        0.005        0.035        253483845                   2960667025                  926344310                   2219596                     
GPU 5           147.695           0.105        0.005        0.035        142297924                   1411376398                  967831889                   967832471                   
GPU 6           148.561           0.102        0.005        0.034        130856732                   1479165102                  973551616                   973554236                   
GPU 7           137.383           0.101        0.005        0.034        1180174399                  1355023281                  2221629                     967687205                   
GPU 0           134.961           0.101        0.004        0.035        225538337                   2354635489                  964945434                   2199988                     
GPU 1           149.986           0.104        0.006        0.036        105158006                   1293914361                  913007644                   913008168                   
GPU 2           146.690           0.106        0.005        0.036        141721505                   1720203937                  966790539                   966794616                   
GPU 3           132.219           0.102        0.005        0.034        1137541193                  1758654694                  2177602                     909300169                   
GPU 4           135.851           0.101        0.005        0.034        250527471                   2956429661                  963250675                   2175603                     
GPU 5           147.852           0.102        0.005        0.034        125213673                   1255388315                  972180094                   972178522                   
GPU 6           149.939           0.106        0.005        0.037        134465073                   1463592265                  914675065                   914675590                   
GPU 7           138.311           0.104        0.005        0.036        1121540354                  1344730957                  2200022                     918309236                   
GPU 0           134.714           0.099        0.005        0.033        201389557                   2546477834                  920824902                   2211683                     
GPU 1           150.876           0.104        0.006        0.036        109552416                   1305413503                  973202964                   973202440                   
GPU 2           145.273           0.106        0.005        0.035        153680677                   1736691406                  972152379                   972152903                   
GPU 3           132.052           0.102        0.005        0.033        1198434505                  1635334484                  2210131                     971558817                   
GPU 4           134.871           0.101        0.005        0.035        251182061                   2888931565                  970274887                   2210725                     
GPU 5           147.556           0.101        0.005        0.033        108688461                   1460372855                  926620867                   926621915                   
GPU 6           148.310           0.102        0.005        0.034        114651861                   1553604806                  974516974                   974518546                   
GPU 7           137.095           0.100        0.004        0.033        1179196785                  1358650989                  2199774                     975785657                   
GPU 0           135.674           0.103        0.005        0.035        210168989                   2297385868                  930175124                   2229395                     
GPU 1           150.305           0.106        0.006        0.036        114045166                   1346950747                  930392239                   930394144                   
GPU 2           145.591           0.107        0.005        0.036        149686794                   1907069202                  925882750                   925882750                   
GPU 3           132.878           0.105        0.005        0.035        1145638541                  1614964843                  2224010                     928037097                   
GPU 4           136.283           0.103        0.005        0.036        258977222                   3035108734                  926701849                   2257135                     
GPU 5           148.977           0.105        0.005        0.035        116806349                   1461279862                  991013516                   991012467                   
GPU 6           148.637           0.104        0.005        0.035        112369845                   1409308216                  930739620                   930735252                   
GPU 7           138.473           0.105        0.005        0.035        1129514131                  1423480533                  2209768                     928950124                   
GPU 0           135.641           0.103        0.005        0.035        220955824                   2355013984                  982875604                   2238896                     
GPU 1           151.214           0.105        0.006        0.036        109704624                   1407013035                  989046950                   989046426                   
GPU 2           145.102           0.106        0.005        0.035        127384946                   1820572890                  992442456                   992442980                   
GPU 3           134.043           0.105        0.005        0.035        1219761003                  1626149625                  2252444                     992481900                   
GPU 4           135.883           0.104        0.005        0.037        255458847                   3027267503                  993781509                   2208613                     
GPU 5           147.794           0.106        0.005        0.036        119511130                   1427189875                  924550359                   924549883                   
GPU 6           148.954           0.103        0.005        0.034        124967228                   1455090750                  993201286                   993205360                   
GPU 7           137.997           0.102        0.005        0.034        1201042657                  1457701455                  2227451                     982912918                   
GPU 0           135.517           0.103        0.005        0.035        224976358                   2530206808                  923876422                   2214770                     
GPU 1           150.796           0.107        0.006        0.037        117320573                   1272627461                  924369367                   924365174                   
GPU 2           145.287           0.105        0.005        0.035        128225858                   1566931556                  924831006                   924830053                   
GPU 3           132.624           0.106        0.005        0.036        1153706792                  1764850968                  2207777                     922216581                   
GPU 4           136.776           0.105        0.005        0.035        253248714                   3049589645                  922412856                   2216402                     
GPU 5           148.173           0.105        0.005        0.035        125035748                   1474101738                  980626164                   980622088                   
GPU 6           148.941           0.104        0.005        0.035        136039830                   1529323875                  924149358                   924149882                   
GPU 7           137.789           0.103        0.005        0.034        1148222637                  1539422900                  2238915                     923895661                   
GPU 0           135.725           0.104        0.005        0.036        220877705                   2532282055                  965492344                   2218101                     
GPU 1           150.407           0.105        0.006        0.036        102907423                   1218554096                  974578202                   974581870                   
GPU 2           145.388           0.107        0.005        0.036        139795288                   1563393250                  980549178                   980550343                   
GPU 3           132.773           0.103        0.005        0.034        1195561793                  1626870806                  2216396                     971850902                   
GPU 4           135.196           0.102        0.005        0.034        239921279                   2967728134                  979052339                   2228520                     
GPU 5           147.860           0.104        0.005        0.035        131344415                   1674394884                  929462117                   929466405                   
GPU 6           148.876           0.103        0.005        0.035        124596025                   1433639943                  970859334                   970855999                   
GPU 7           137.483           0.102        0.005        0.034        1171039200                  1378400551                  2214816                     969112823                   
#Entity         POWER             SMACT        TENSO        DRAMA        PCITX                       PCIRX                       NVLTX                       NVLRX                       
ID               W                                                                                                                                                                       
GPU 0           136.188           0.102        0.005        0.035        219501564                   2496027039                  929946732                   2230304                     
GPU 1           150.358           0.106        0.006        0.037        101782054                   1217823235                  930974237                   930970044                   
GPU 2           146.016           0.108        0.005        0.036        132832891                   1695776837                  928121538                   928122586                   
GPU 3           132.504           0.104        0.005        0.034        1146981600                  1576339372                  2226872                     929221831                   
GPU 4           135.201           0.103        0.005        0.034        246698673                   3093278957                  927508890                   2250447                     
GPU 5           148.533           0.106        0.005        0.035        147082253                   1641467496                  932302540                   932302540                   
GPU 6           149.287           0.106        0.005        0.036        136693005                   1532416683                  932784816                   932784816                   
GPU 7           137.730           0.103        0.005        0.034        1129152175                  1383949450                  2216012                     929627560                   
GPU 0           135.663           0.105        0.005        0.036        213202655                   2504188849                  985086398                   2245115                     
GPU 1           150.134           0.105        0.006        0.036        101576249                   1209480542                  983023604                   983027891                   
GPU 2           145.279           0.105        0.005        0.035        141446637                   1640723025                  933281970                   933281970                   
GPU 3           133.475           0.104        0.005        0.034        1206427885                  1646186736                  2242641                     980876343                   
GPU 4           134.921           0.102        0.005        0.035        256866058                   3035618649                  988192446                   2218975                     
GPU 5           148.343           0.106        0.005        0.036        143402581                   1669196830                  985781363                   985781887                   
GPU 6           149.011           0.103        0.005        0.034        127533321                   1451653963                  981957783                   981961118                   
GPU 7           137.484           0.102        0.005        0.034        1190297400                  1307286562                  2230967                     985049330                   
GPU 0           136.088           0.103        0.005        0.035        200315731                   2406891805                  927713801                   2223162                     
GPU 1           150.912           0.106        0.006        0.037        97995326                    1254749080                  930769556                   930768391                   
GPU 2           145.625           0.106        0.005        0.035        144266584                   1702589017                  985234605                   985234081                   
GPU 3           133.356           0.105        0.005        0.035        1165193481                  1818247942                  2224904                     927620196                   
GPU 4           136.235           0.103        0.005        0.036        254070478                   3035935721                  925257198                   2215601                     
GPU 5           148.062           0.104        0.005        0.034        147835917                   1656467152                  927728861                   927725049                   
GPU 6           148.439           0.104        0.005        0.034        132506425                   1496197758                  930299435                   930299435                   
GPU 7           137.768           0.103        0.005        0.034        1138606853                  1403701846                  2244772                     927868375                   
GPU 0           135.196           0.104        0.005        0.036        210632462                   2289106725                  978601106                   2227952                     
GPU 1           149.945           0.106        0.006        0.037        104521980                   1376029862                  923556839                   923557363                   
GPU 2           145.290           0.105        0.005        0.035        138511113                   1776946281                  928303143                   928302667                   
GPU 3           132.848           0.107        0.005        0.036        1151835096                  1733449739                  2214794                     922517405                   
GPU 4           136.425           0.105        0.005        0.035        265676360                   3144234062                  923799942                   2230777                     
GPU 5           148.218           0.105        0.005        0.034        143632273                   1645134244                  987669373                   987674030                   
GPU 6           148.824           0.104        0.005        0.035        135091144                   1523225652                  982534559                   982534559                   
GPU 7           137.790           0.102        0.005        0.034        1191981195                  1358836351                  2224302                     978609613                   
GPU 0           135.015           0.103        0.005        0.036        218318852                   2366533887                  924651500                   2216737                     
GPU 1           150.398           0.103        0.006        0.035        101426567                   1400754217                  984004886                   984005410                   
GPU 2           144.511           0.104        0.005        0.034        136929368                   1675814782                  985224520                   985222191                   
GPU 3           133.727           0.103        0.005        0.034        1211560022                  1666783492                  2229997                     980578921                   
GPU 4           136.110           0.103        0.005        0.036        272103481                   3220043446                  980848072                   2220557                     
GPU 5           148.018           0.105        0.005        0.035        144916867                   1652403729                  927352851                   927353328                   
GPU 6           148.913           0.104        0.005        0.035        117276001                   1346457370                  925486031                   925487460                   
GPU 7           137.316           0.102        0.004        0.033        1146255751                  1548049733                  2227970                     924552041                   
GPU 0           135.406           0.102        0.005        0.034        211098183                   2452784849                  927817247                   2221571                     
GPU 1           149.596           0.104        0.006        0.035        106751876                   1360032015                  927496384                   927496384                   
GPU 2           144.796           0.104        0.005        0.034        131397981                   1666750782                  929558329                   929559901                   
GPU 3           133.661           0.106        0.005        0.036        1153723014                  1665132102                  2224242                     927056259                   
GPU 4           136.451           0.105        0.005        0.035        265206004                   3175100478                  927728250                   2243091                     
GPU 5           148.926           0.105        0.005        0.035        145427353                   1627984283                  992494330                   992492000                   
GPU 6           149.056           0.105        0.005        0.035        121471977                   1347606246                  927869527                   927868945                   
GPU 7           138.014           0.103        0.005        0.034        1145941936                  1472363151                  2217461                     926795335                   
GPU 0           136.982           0.102        0.005        0.034        231566964                   2404207694                  983197906                   2245694                     
GPU 1           151.434           0.104        0.006        0.035        107230293                   1375755545                  986632524                   986632524                   
GPU 2           144.944           0.106        0.005        0.036        154632338                   1636795817                  986421696                   986417503                   
GPU 3           134.060           0.105        0.005        0.036        1208805218                  1685792267                  2239677                     978539567                   
GPU 4           135.970           0.103        0.005        0.037        270655193                   3198048258                  989987854                   2225943                     
GPU 5           148.310           0.106        0.005        0.036        142011426                   1677414171                  931597045                   931597045                   
GPU 6           149.145           0.104        0.005        0.035        126180386                   1443207495                  981844570                   981844094                   
GPU 7           137.777           0.103        0.005        0.035        1209537099                  1511327422                  2219547                     984093866                   
GPU 0           133.418           0.104        0.005        0.036        221138032                   2621897419                  921843553                   2206962                     
GPU 1           149.940           0.107        0.006        0.038        113608568                   1472038599                  932109963                   932109439                   
GPU 2           146.022           0.102        0.005        0.035        153390976                   1885598300                  928762459                   928767176                   
GPU 3           131.318           0.109        0.005        0.038        1157234172                  1688802375                  2225684                     928844713                   
GPU 4           136.336           0.105        0.005        0.034        304893732                   3664520090                  926821522                   2095112                     
GPU 5           148.875           0.106        0.005        0.035        148801145                   1650409822                  941920935                   941921888                   
GPU 6           148.915           0.106        0.005        0.036        129927188                   1467705013                  931608101                   931608684                   
GPU 7           138.673           0.104        0.005        0.035        1145080997                  1545018369                  2246874                     922916512                   
GPU 0           133.580           0.105        0.004        0.036        181504686                   2531940140                  864399600                   1958053                     
GPU 1           148.816           0.097        0.006        0.034        119757820                   1599528867                  891591580                   891592104                   
GPU 2           143.440           0.099        0.004        0.034        134272298                   1897144518                  930203974                   930201354                   
GPU 3           132.058           0.098        0.005        0.033        1135973696                  1741534241                  2062533                     904535446                   
GPU 4           134.318           0.098        0.005        0.036        283725780                   3483521884                  913970160                   1981115                     
GPU 5           146.280           0.102        0.005        0.034        141076508                   1791118768                  827381638                   827376979                   
GPU 6           146.845           0.095        0.005        0.032        115000159                   1282280849                  882633424                   882632900                   
GPU 7           136.025           0.093        0.004        0.032        1058445526                  1236035520                  2210670                     865436644                   
GPU 0           132.872           0.091        0.004        0.032        184994006                   2034978888                  868773506                   1971523                     
GPU 1           146.941           0.096        0.006        0.033        123403873                   1661723963                  825168446                   825167398                   
GPU 2           143.459           0.094        0.004        0.032        194345597                   1606193412                  827357826                   827361903                   
GPU 3           129.951           0.097        0.004        0.034        1054676424                  1869461201                  1979500                     823833246                   
GPU 4           134.619           0.099        0.005        0.035        405690391                   4898317123                  828650159                   2134167                     
GPU 5           146.210           0.097        0.005        0.034        150488241                   1897896271                  856873412                   856878176                   
GPU 6           147.127           0.096        0.005        0.033        108417061                   1253458905                  872627093                   872626616                   
GPU 7           136.736           0.095        0.004        0.033        1072847317                  1352310159                  1956381                     874770062                   
GPU 0           132.872           0.092        0.004        0.032        176147766                   2086603904                  809895158                   1939734                     
GPU 1           146.420           0.091        0.005        0.031        131940718                   1661723963                  863711689                   863711165                   
GPU 2           142.816           0.094        0.004        0.032        232722131                   2403615114                  861858418                   861857894                   
GPU 3           130.273           0.091        0.004        0.030        1110496259                  2126372889                  1940660                     860151099                   
GPU 4           132.987           0.092        0.005        0.031        380579515                   4652832246                  939861627                   1932477                     
GPU 5           145.068           0.092        0.004        0.031        157343137                   1969512105                  811998239                   811998821                   
GPU 6           145.716           0.091        0.004        0.030        156064505                   1850079737                  811014119                   811010043                   
GPU 7           134.889           0.091        0.004        0.030        1057677427                  2066111838                  1975861                     807771099                   
GPU 0           131.414           0.092        0.004        0.032        175641983                   2010840350                  800547918                   1924464                     
GPU 1           145.861           0.091        0.005        0.030        131387195                   1335442061                  804922017                   804922454                   
GPU 2           142.530           0.092        0.004        0.030        216889992                   2932846751                  807997429                   807996905                   
GPU 3           129.864           0.092        0.004        0.031        1052901856                  2207631813                  1932486                     805360212                   
GPU 4           132.734           0.092        0.005        0.030        369444864                   4495230384                  805542655                   1938074                     
GPU 5           144.861           0.093        0.004        0.031        163514214                   1876780402                  854011259                   854005494                   
GPU 6           145.556           0.091        0.004        0.030        152010946                   1826063788                  804796615                   804796178                   
GPU 7           135.152           0.091        0.004        0.030        1048527760                  2060840274                  1936555                     801553597                   
GPU 0           132.405           0.091        0.004        0.032        178112659                   1968674337                  859448140                   1938080                     
GPU 1           146.696           0.090        0.005        0.030        100808724                   1279459525                  867828844                   867830009                   
GPU 2           141.426           0.093        0.004        0.033        160316949                   2745361743                  858599548                   858600072                   
GPU 3           130.912           0.091        0.004        0.030        1101372210                  2023454357                  1939158                     863807228                   
GPU 4           132.203           0.089        0.004        0.031        271195971                   3333081945                  861916110                   1938216                     
GPU 5           143.974           0.090        0.004        0.029        157613643                   1249577476                  809407326                   809411138                   
GPU 6           144.820           0.089        0.004        0.029        107296904                   1326274690                  865970494                   865971077                   
GPU 7           134.106           0.089        0.004        0.029        1041318285                  1249446934                  1927692                     859528368                   
GPU 0           131.832           0.088        0.004        0.030        181363996                   2032454999                  807601334                   1936050                     
GPU 1           146.362           0.092        0.005        0.031        99219646                    1511903754                  807593533                   807588816                   
GPU 2           142.012           0.092        0.004        0.030        135934955                   2119520257                  882324670                   882324670                   
GPU 3           130.707           0.093        0.004        0.031        1020137489                  1809051194                  1934940                     805879545                   
GPU 4           132.353           0.091        0.004        0.029        319916207                   3905459704                  807046671                   1939221                     
GPU 5           144.301           0.091        0.004        0.029        99797939                    1321993570                  810016154                   810016736                   
GPU 6           145.604           0.091        0.004        0.030        101990668                   1242843753                  808248525                   808252717                   
GPU 7           134.954           0.091        0.004        0.030        984717959                   1244123438                  1939176                     806501058                   
#Entity         POWER             SMACT        TENSO        DRAMA        PCITX                       PCIRX                       NVLTX                       NVLRX                       
ID               W                                                                                                                                                                       
GPU 0           132.852           0.088        0.004        0.030        184312649                   2071362110                  852465896                   1939130                     
GPU 1           147.417           0.091        0.005        0.031        115811605                   1751699473                  856110935                   856110935                   
GPU 2           142.135           0.094        0.004        0.031        209845639                   1810237727                  870001537                   870000372                   
GPU 3           131.575           0.092        0.005        0.031        1086717092                  1908794076                  1939651                     859640510                   
GPU 4           132.684           0.089        0.004        0.032        346727424                   4212542650                  866376568                   1954734                     
GPU 5           144.922           0.091        0.004        0.029        109216289                   2021036613                  860139051                   860134763                   
GPU 6           146.042           0.094        0.004        0.030        139139242                   1711115278                  855641970                   855641494                   
GPU 7           136.127           0.091        0.004        0.030        1070934839                  1692049940                  1953913                     851801854                   
GPU 0           123.721           0.092        0.004        0.031        183737902                   2100475028                  817733247                   1964793                     
GPU 1           147.811           0.095        0.006        0.033        139450647                   1341001935                  817829443                   817831773                   
GPU 2           142.241           0.095        0.004        0.031        214200747                   2628297875                  812475240                   812476812                   
GPU 3           121.355           0.095        0.004        0.033        1086902646                  2447037030                  1952029                     815285984                   
GPU 4           133.416           0.093        0.005        0.030        331795691                   4090841532                  812204697                   1851030                     
GPU 5           145.576           0.092        0.004        0.030        167855133                   2169325625                  812319099                   812216372                   
GPU 6           146.786           0.055        0.005        0.032        173349581                   2069630704                  819400238                   819398666                   
GPU 7           121.584           0.093        0.004        0.031        1045319465                  1899562991                  1945071                     811109520                   
