#Entity         POWER             SMACT        TENSO        DRAMA        PCITX                       PCIRX                       NVLTX                       NVLRX                       
ID               W                                                                                                                                                                       
GPU 0           136.970           0.231        0.017        0.099        1178425554                  13958405757                 10459015978                 4186001                     
GPU 1           149.084           0.115        0.007        0.053        108771670                   1409160806                  3876699639                  3876776156                  
GPU 2           138.999           0.227        0.016        0.097        169914587                   2186575414                  9820755998                  9820756435                  
GPU 3           132.897           0.168        0.011        0.072        6580409398                  1695189697                  3961332                     5895909652                  
GPU 4           139.461           0.231        0.016        0.098        1084595501                  12778134585                 9551099228                  4559854                     
GPU 5           153.981           0.219        0.015        0.093        191491642                   2522612846                  8177379900                  8177506216                  
GPU 6           151.568           0.225        0.016        0.095        170376871                   2231914642                  9069266098                  9069382433                  
GPU 7           142.678           0.150        0.010        0.063        5681180076                  1724570806                  3619190                     5072465757                  
GPU 0           136.970           0.231        0.003        0.099        150692848                   13958405757                 10459015978                 4186001                     
GPU 1           103.139           0.000        0.007        0.053        3837324                     1409160806                  3876699639                  3876776156                  
GPU 2           138.999           0.021        0.001        0.009        21014901                    2186575414                  9820755998                  9820756435                  
GPU 3           100.975           0.000        0.000        0.072        6580409398                  2425155                     3961332                     5895909652                  
GPU 4           139.461           0.231        0.016        0.008        56636241                    629786737                   9551099228                  498561                      
GPU 5           153.981           0.219        0.015        0.093        191491642                   49079310                    8177379900                  8177506216                  
GPU 6           151.568           0.225        0.016        0.005        14283783                    148590726                   9069266098                  9069382433                  
GPU 7           142.678           0.000        0.010        0.063        1484197                     1724570806                  3619190                     5072465757                  
GPU 0           100.255           0.000        0.000        0.000        495839                      285134                      0                           0                           
GPU 1           102.916           0.000        0.000        0.000        494270                      287232                      0                           0                           
GPU 2           102.323           0.000        0.000        0.000        497949                      288810                      0                           0                           
GPU 3           100.836           0.000        0.000        0.000        528333                      308194                      0                           0                           
GPU 4           99.917            0.000        0.000        0.000        1374888                     1046760                     0                           0                           
GPU 5           104.516           0.000        0.000        0.000        2050476                     1635873                     0                           0                           
GPU 6           104.794           0.000        0.000        0.000        2520782                     2051117                     0                           0                           
GPU 7           105.177           0.000        0.000        0.000        2493884                     2022153                     0                           0                           
GPU 0           100.034           0.000        0.000        0.000        4066645                     3380572                     0                           0                           
GPU 1           102.852           0.000        0.000        0.000        4033426                     3352540                     0                           0                           
GPU 2           102.178           0.000        0.000        0.000        4009332                     3331064                     0                           0                           
GPU 3           100.788           0.000        0.000        0.000        3991471                     3309630                     0                           0                           
GPU 4           99.716            0.000        0.000        0.000        4330021                     3559086                     0                           0                           
GPU 5           104.340           0.000        0.000        0.000        4273894                     3493963                     0                           0                           
GPU 6           104.587           0.000        0.000        0.000        4022880                     3301120                     0                           0                           
GPU 7           105.095           0.000        0.000        0.000        4132537                     3382548                     0                           0                           
GPU 0           100.034           0.000        0.000        0.000        8168578                     3380572                     0                           0                           
GPU 1           102.742           0.000        0.000        0.000        6358757                     3352540                     0                           0                           
GPU 2           102.178           0.000        0.000        0.000        6634941                     3331064                     0                           0                           
GPU 3           100.788           0.000        0.000        0.000        3991471                     4423825                     0                           0                           
GPU 4           99.716            0.000        0.000        0.000        4330021                     4943051                     0                           0                           
GPU 5           104.340           0.000        0.000        0.000        4273894                     4535262                     0                           0                           
GPU 6           104.587           0.000        0.000        0.000        4619430                     3301120                     0                           0                           
GPU 7           105.095           0.000        0.000        0.000        5031886                     3382548                     0                           0                           
GPU 0           99.933            0.000        0.000        0.000        5065019                     6829907                     0                           0                           
GPU 1           102.532           0.000        0.000        0.000        8222657                     5268926                     0                           0                           
GPU 2           102.030           0.000        0.000        0.000        5073721                     5534649                     0                           0                           
GPU 3           100.477           0.000        0.000        0.000        5360481                     5530651                     0                           0                           
GPU 4           99.580            0.000        0.000        0.000        5617734                     4724033                     0                           0                           
GPU 5           104.049           0.000        0.000        0.000        5411195                     5705924                     0                           0                           
GPU 6           104.449           0.000        0.000        0.000        6360691                     5329547                     0                           0                           
GPU 7           104.714           0.000        0.000        0.000        6124370                     4225623                     0                           0                           
GPU 0           99.812            0.000        0.000        0.000        4477041                     4148925                     0                           0                           
GPU 1           102.453           0.000        0.000        0.000        4752996                     6878246                     0                           0                           
GPU 2           101.933           0.000        0.000        0.000        4139129                     4203730                     0                           0                           
GPU 3           100.221           0.000        0.000        0.000        7792582                     6513124                     0                           0                           
GPU 4           99.616            0.000        0.000        0.000        3421171                     2801093                     0                           0                           
GPU 5           104.003           0.000        0.000        0.000        6785679                     3604449                     0                           0                           
GPU 6           104.343           0.000        0.000        0.000        6736909                     5715018                     0                           0                           
GPU 7           104.632           0.000        0.000        0.000        6010747                     5102768                     0                           0                           
GPU 0           99.689            0.000        0.000        0.000        4094373                     3661604                     0                           0                           
GPU 1           102.384           0.000        0.000        0.000        3843027                     301916                      0                           0                           
GPU 2           101.659           0.000        0.000        0.000        3934489                     3388562                     0                           0                           
GPU 3           100.190           0.000        0.000        0.000        2800463                     2268988                     0                           0                           
GPU 4           99.454            0.000        0.000        0.000        3790679                     3113997                     0                           0                           
GPU 5           103.988           0.000        0.000        0.000        4319631                     3569396                     0                           0                           
GPU 6           104.132           0.000        0.000        0.000        3936368                     3210420                     0                           0                           
GPU 7           104.667           0.000        0.000        0.000        4144924                     5081985                     0                           0                           
GPU 0           99.576            0.000        0.000        0.000        276363                      3394682                     0                           0                           
GPU 1           102.367           0.000        0.000        0.000        504243                      3429245                     0                           0                           
GPU 2           101.620           0.000        0.000        0.000        3433171                     3281070                     0                           0                           
GPU 3           100.261           0.000        0.000        0.000        1684270                     1323189                     0                           0                           
GPU 4           99.398            0.000        0.000        0.000        3878001                     3196114                     0                           0                           
GPU 5           103.703           0.000        0.000        0.000        4345124                     320681                      0                           0                           
GPU 6           104.006           0.000        0.000        0.000        498468                      289332                      0                           0                           
GPU 7           104.598           0.000        0.000        0.000        458624                      3385441                     0                           0                           
GPU 0           99.440            0.000        0.000        0.000        4568227                     87197                       0                           0                           
GPU 1           102.281           0.000        0.000        0.000        4106394                     3387099                     0                           0                           
GPU 2           101.572           0.000        0.000        0.000        1058280                     2821347                     0                           0                           
GPU 3           100.240           0.000        0.000        0.000        3787485                     3126012                     0                           0                           
GPU 4           99.402            0.000        0.000        0.000        1038369                     754272                      0                           0                           
GPU 5           103.649           0.000        0.000        0.000        558929                      3448369                     0                           0                           
GPU 6           103.979           0.000        0.000        0.000        4059055                     3371363                     0                           0                           
GPU 7           104.499           0.000        0.000        0.000        4120900                     247919                      0                           0                           
GPU 0           99.428            0.000        0.000        0.000        6238531                     3820444                     0                           0                           
GPU 1           102.243           0.000        0.000        0.000        4165471                     3504273                     0                           0                           
GPU 2           101.524           0.000        0.000        0.000        7977586                     768419                      0                           0                           
GPU 3           100.204           0.000        0.000        0.000        2036741                     1584608                     0                           0                           
GPU 4           99.228            0.000        0.000        0.000        7424376                     6238782                     0                           0                           
GPU 5           103.531           0.000        0.000        0.000        4161223                     4543936                     0                           0                           
GPU 6           103.930           0.000        0.000        0.000        3751875                     3095113                     0                           0                           
GPU 7           104.384           0.000        0.000        0.000        3908481                     3408574                     0                           0                           
GPU 0           99.361            0.000        0.000        0.000        537534                      5168942                     0                           0                           
GPU 1           102.102           0.000        0.000        0.000        4199781                     2845143                     0                           0                           
GPU 2           101.529           0.000        0.000        0.000        530979                      6687009                     0                           0                           
GPU 3           100.193           0.000        0.000        0.000        6965407                     5877408                     0                           0                           
GPU 4           99.208            0.000        0.000        0.000        274657                      87009                       0                           0                           
GPU 5           103.453           0.000        0.000        0.000        5448967                     1277897                     0                           0                           
GPU 6           103.897           0.000        0.000        0.000        4243552                     3510260                     0                           0                           
GPU 7           104.254           0.000        0.000        0.000        4259648                     3222365                     0                           0                           
GPU 0           99.354            0.000        0.000        0.000        4032024                     331955                      0                           0                           
GPU 1           101.979           0.000        0.000        0.000        3465061                     330804                      0                           0                           
GPU 2           101.395           0.000        0.000        0.000        4003869                     323410                      0                           0                           
GPU 3           100.058           0.000        0.000        0.000        669465                      419309                      0                           0                           
GPU 4           99.126            0.000        0.000        0.000        4389315                     3617320                     0                           0                           
GPU 5           103.429           0.000        0.000        0.000        1649525                     3508359                     0                           0                           
GPU 6           103.793           0.000        0.000        0.000        2107059                     1644859                     0                           0                           
GPU 7           104.163           0.000        0.000        0.000        1921507                     1472840                     0                           0                           
GPU 0           99.386            0.000        0.000        0.000        291417                      3341763                     0                           0                           
GPU 1           101.892           0.000        0.000        0.000        534062                      3144915                     0                           0                           
GPU 2           101.335           0.000        0.000        0.000        1087614                     3325638                     0                           0                           
GPU 3           100.012           0.000        0.000        0.000        3925892                     3270121                     0                           0                           
GPU 4           99.061            0.000        0.000        0.000        1689197                     1277977                     0                           0                           
GPU 5           103.329           0.000        0.000        0.000        4286131                     88056                       0                           0                           
GPU 6           103.662           0.000        0.000        0.000        2312354                     1850232                     0                           0                           
GPU 7           104.234           0.000        0.000        0.000        2688854                     2155276                     0                           0                           
GPU 0           99.311            0.000        0.000        0.000        4130522                     106398                      0                           0                           
GPU 1           101.978           0.000        0.000        0.000        3805872                     294575                      0                           0                           
GPU 2           101.263           0.000        0.000        0.000        3381441                     788410                      0                           0                           
GPU 3           99.989            0.000        0.000        0.000        3189383                     2593612                     0                           0                           
GPU 4           99.090            0.000        0.000        0.000        3018279                     2448748                     0                           0                           
GPU 5           103.298           0.000        0.000        0.000        276750                      3563213                     0                           0                           
GPU 6           103.560           0.000        0.000        0.000        3942718                     3225241                     0                           0                           
GPU 7           104.171           0.000        0.000        0.000        4159195                     3389206                     0                           0                           
#Entity         POWER             SMACT        TENSO        DRAMA        PCITX                       PCIRX                       NVLTX                       NVLRX                       
ID               W                                                                                                                                                                       
GPU 0           99.317            0.000        0.000        0.000        3508843                     3443412                     0                           0                           
GPU 1           101.920           0.000        0.000        0.000        497947                      3384890                     0                           0                           
GPU 2           101.161           0.000        0.000        0.000        3446095                     2789718                     0                           0                           
GPU 3           99.801            0.000        0.000        0.000        537530                      323799                      0                           0                           
GPU 4           99.070            0.000        0.000        0.000        3784912                     3070491                     0                           0                           
GPU 5           103.062           0.000        0.000        0.000        4337915                     909276                      0                           0                           
GPU 6           103.488           0.000        0.000        0.000        507372                      294045                      0                           0                           
GPU 7           104.076           0.000        0.000        0.000        432185                      223002                      0                           0                           
GPU 0           166.092           0.021        0.002        0.007        294524148                   589078579                   0                           0                           
GPU 1           111.601           0.000        0.027        0.053        4056312                     239068685                   0                           0                           
GPU 2           206.773           0.059        0.008        0.021        30143000                    361923904                   0                           0                           
GPU 3           166.579           0.000        0.020        0.040        4619212837                  3262898                     0                           0                           
GPU 4           199.304           0.076        0.013        0.027        2656752247                  2946606371                  0                           4386176859                  
GPU 5           214.144           0.000        0.000        0.000        1257264                     264518440                   0                           0                           
GPU 6           105.192           0.148        0.000        0.000        4214716                     3470418                     0                           0                           
GPU 7           179.241           0.000        0.000        0.000        4822894                     3991320                     0                           0                           
GPU 0           213.736           0.186        0.045        0.071        8502156814                  8291420562                  14576453540                 14234221463                 
GPU 1           231.954           0.140        0.060        0.073        22118677                    44652290                    19003696787                 19003696311                 
GPU 2           237.466           0.210        0.050        0.077        10601793                    49320066                    5683412003                  5684561583                  
GPU 3           210.206           0.114        0.056        0.071        9084172644                  4216142596                  7177917762                  7480181005                  
GPU 4           226.700           0.206        0.052        0.073        8939488287                  8615654333                  4606803452                  14986144681                 
GPU 5           240.141           0.202        0.047        0.076        8393565                     47677550                    30446347780                 30447676364                 
GPU 6           237.531           0.207        0.064        0.058        25368852                    272556977                   21126941470                 21126941470                 
GPU 7           216.461           0.163        0.069        0.062        7460772243                  6653326513                  11739205459                 12155477304                 
GPU 0           194.310           0.213        0.065        0.073        7939640488                  8646808127                  14330914967                 13157490509                 
GPU 1           233.272           0.209        0.037        0.083        9938389                     959900071                   29420037378                 29420036795                 
GPU 2           186.800           0.224        0.061        0.076        23304613                    275498545                   30660903596                 30671912123                 
GPU 3           190.385           0.210        0.042        0.078        10059418934                 8106531689                  14733266067                 15029810946                 
GPU 4           179.898           0.224        0.055        0.075        6271640619                  9650659150                  15323025619                 9954514227                  
GPU 5           194.614           0.222        0.061        0.076        28557743                    320883544                   25902168179                 25900142045                 
GPU 6           194.079           0.211        0.033        0.074        10864564                    48276472                    29191944570                 29192497203                 
GPU 7           189.084           0.213        0.021        0.071        8840054170                  7971180027                  14478401659                 14702113158                 
GPU 0           177.709           0.210        0.017        0.084        1062270280                  12404868535                 9918472544                  3582711                     
GPU 1           196.152           0.218        0.018        0.091        76848583                    1585835404                  17177538602                 17177537649                 
GPU 2           185.597           0.212        0.017        0.087        119707816                   1512176831                  25547767912                 25535725134                 
GPU 3           173.435           0.222        0.017        0.087        10978490260                 4437208614                  6739214162                  12221716987                 
GPU 4           178.233           0.217        0.017        0.087        1076203910                  12620046048                 13280615449                 3578852                     
GPU 5           192.847           0.217        0.017        0.087        130611188                   1640466174                  9942663271                  9942663795                  
GPU 6           194.358           0.211        0.017        0.082        76748830                    961054993                   15910444190                 15909884797                 
GPU 7           178.369           0.211        0.017        0.082        10777301572                 2319718998                  1935110555                  10644411042                 
GPU 0           178.611           0.214        0.018        0.087        1062352194                  12455543548                 9932429114                  3566183                     
GPU 1           197.772           0.216        0.018        0.092        123789814                   1565556396                  9888196082                  9888085479                  
GPU 2           186.141           0.215        0.018        0.090        115692677                   1498472174                  9919298328                  9919298328                  
GPU 3           176.696           0.217        0.018        0.090        10907318726                 1414031932                  3568684                     9934076930                  
GPU 4           177.853           0.221        0.018        0.090        1062282034                  12474119077                 9910076094                  3552836                     
GPU 5           193.542           0.220        0.018        0.090        124884842                   1615140898                  9888026542                  9888026066                  
GPU 6           194.041           0.214        0.017        0.087        111630033                   1386205216                  9908696286                  9908827323                  
GPU 7           180.555           0.216        0.017        0.087        10982992140                 1377719905                  3566141                     9941069527                  
GPU 0           177.973           0.214        0.018        0.087        1062881546                  12413448803                 9876347720                  3557812                     
GPU 1           197.259           0.218        0.018        0.092        124339975                   1502300754                  9901415084                  9901416657                  
GPU 2           183.324           0.215        0.018        0.089        112574367                   1442761756                  9895271655                  9895215748                  
GPU 3           174.403           0.221        0.018        0.090        10968442810                 1487468551                  3565282                     9864113347                  
GPU 4           176.149           0.220        0.018        0.089        1070692856                  12563309496                 9885476787                  3570247                     
GPU 5           191.347           0.220        0.018        0.090        126492500                   1587409253                  9903676779                  9903679109                  
GPU 6           192.593           0.214        0.017        0.089        114365948                   1422350813                  9901619247                  9901502891                  
GPU 7           177.599           0.216        0.016        0.087        10906644580                 1415470240                  3557396                     9866947168                  
GPU 0           175.160           0.207        0.017        0.084        1099726169                  12839298945                 9626285679                  3463149                     
GPU 1           195.167           0.218        0.018        0.087        115410566                   1417516357                  9929899585                  9929887006                  
GPU 2           187.079           0.207        0.017        0.085        108518978                   1369047199                  9938835459                  9938902549                  
GPU 3           172.284           0.221        0.017        0.086        10651366496                 1432829416                  3564960                     9926887330                  
GPU 4           179.161           0.211        0.017        0.085        1037989936                  12164791805                 9935482469                  3465544                     
GPU 5           194.442           0.214        0.017        0.087        115155978                   1476670703                  9661160707                  9661159754                  
GPU 6           193.831           0.205        0.016        0.089        108991606                   1376321325                  9939963646                  9940080528                  
GPU 7           177.013           0.209        0.017        0.084        10648847055                 1310374368                  3470571                     9642153430                  
GPU 0           174.623           0.209        0.019        0.085        1521481907                  11834800687                 10026419301                 937911558                   
GPU 1           197.287           0.209        0.027        0.069        113183480                   496640421                   9641546412                  9641536979                  
GPU 2           193.544           0.194        0.021        0.076        74729268                    959030594                   9628335465                  9628201817                  
GPU 3           174.664           0.213        0.023        0.069        7960298026                  1294440711                  3470941                     9642782459                  
GPU 4           183.945           0.194        0.022        0.075        2817365149                  9703577281                  9632750516                  3631556272                  
GPU 5           197.838           0.205        0.019        0.082        105763246                   1334238214                  10654813474                 10654812891                 
GPU 6           196.433           0.177        0.027        0.084        102874182                   1265635982                  9631834221                  9631700054                  
GPU 7           179.130           0.215        0.028        0.087        10994543638                 1459315088                  3583681                     9949307784                  
GPU 0           180.353           0.165        0.030        0.061        5834127303                  6489005835                  10645063806                 9650628546                  
GPU 1           205.687           0.181        0.027        0.076        40209871                    762932146                   17216796322                 17217501491                 
GPU 2           189.002           0.184        0.031        0.069        27641566                    286694716                   13043585282                 13046314888                 
GPU 3           181.095           0.187        0.030        0.071        8838860547                  3405455570                  5127946447                  9572085822                  
GPU 4           181.207           0.185        0.031        0.067        5753612709                  7887036853                  9672694193                  9264749840                  
GPU 5           196.402           0.176        0.032        0.065        14274100                    123167974                   21700960539                 21700961063                 
GPU 6           195.749           0.192        0.026        0.069        31920339                    385656458                   17644765404                 17644877220                 
GPU 7           183.517           0.168        0.022        0.062        7110981445                  5034999092                  8740987761                  10473237985                 
GPU 0           175.164           0.206        0.019        0.079        2335842993                  11876460989                 10842032726                 2419367479                  
GPU 1           196.402           0.197        0.015        0.086        64213820                    1449307313                  18143685693                 18142830774                 
GPU 2           182.402           0.211        0.017        0.082        100687752                   1307183976                  20549387028                 20546791455                 
GPU 3           170.142           0.193        0.014        0.083        11038653133                 5212948888                  8597660814                  11969530697                 
GPU 4           175.077           0.216        0.016        0.082        1487074649                  12591828157                 11509086541                 760356244                   
GPU 5           187.741           0.214        0.019        0.082        103940282                   1320904093                  12997995421                 12997995945                 
GPU 6           189.536           0.211        0.014        0.075        67449087                    781973872                   17613163687                 17613003176                 
GPU 7           174.127           0.196        0.014        0.074        9663391883                  3518080314                  3598697                     11057644352                 
GPU 0           175.287           0.215        0.015        0.084        1065441902                  12422980537                 10028211422                 3609246                     
GPU 1           194.928           0.216        0.015        0.088        115479673                   1553487232                  10013446531                 10013442164                 
GPU 2           183.631           0.216        0.015        0.086        118115166                   1483288116                  11670404068                 11670280378                 
GPU 3           171.276           0.218        0.015        0.086        11116550147                 1330775588                  3606033                     9992375990                  
GPU 4           176.153           0.221        0.015        0.086        1086775107                  12723807264                 10317578953                 3609709                     
GPU 5           189.767           0.220        0.015        0.086        126911248                   1586109672                  10007721859                 10000652482                 
GPU 6           191.084           0.214        0.014        0.083        100838143                   1262212999                  10026008659                 10026116094                 
GPU 7           175.760           0.215        0.014        0.082        11057207794                 1399623789                  3608481                     10006352549                 
GPU 0           176.392           0.216        0.015        0.085        1063428887                  12445865434                 10018063058                 3604067                     
GPU 1           195.170           0.219        0.016        0.091        120119768                   1524215888                  10036247023                 10036259835                 
GPU 2           185.272           0.218        0.015        0.088        116115157                   1466797382                  10032151008                 10032158346                 
GPU 3           172.615           0.222        0.015        0.089        11021138030                 1366460001                  3620404                     10069348009                 
GPU 4           177.516           0.223        0.015        0.087        1082795641                  12696559747                 10029612969                 3618352                     
GPU 5           192.292           0.222        0.015        0.087        126526798                   1616006250                  9998087090                  10004405449                 
GPU 6           192.585           0.218        0.015        0.085        108972858                   1356595332                  10041202503                 10041201455                 
GPU 7           177.082           0.218        0.014        0.084        11079621386                 1415196244                  3601664                     10026121851                 
GPU 0           174.539           0.212        0.015        0.083        1062879474                  11926276361                 9995384346                  3593199                     
GPU 1           194.156           0.222        0.016        0.088        122314662                   1403667381                  9998860565                  9998854799                  
GPU 2           184.659           0.212        0.015        0.085        103362631                   1335786039                  10032736354                 10032841659                 
GPU 3           170.684           0.225        0.015        0.089        10495682956                 1404526387                  3593511                     9968388531                  
GPU 4           177.516           0.223        0.015        0.084        1188593677                  11925999442                 10005726011                 315787587                   
GPU 5           192.292           0.222        0.015        0.087        126526798                   1528834666                  9934114213                  9934244655                  
GPU 6           192.585           0.211        0.015        0.088        112582507                   1378406186                  9981812194                  9981693750                  
GPU 7           174.721           0.221        0.014        0.087        11062493921                 1364048178                  259028414                   10012749678                 
#Entity         POWER             SMACT        TENSO        DRAMA        PCITX                       PCIRX                       NVLTX                       NVLRX                       
ID               W                                                                                                                                                                       
GPU 0           168.874           0.157        0.015        0.055        1149488289                  5933746723                  9686293635                  237738960                   
GPU 1           195.664           0.216        0.017        0.074        108684883                   976489013                   9901581536                  9901706277                  
GPU 2           180.803           0.217        0.015        0.087        110066457                   1388154607                  9840792110                  9840643610                  
GPU 3           166.003           0.218        0.014        0.080        9621403649                  1456681002                  284565369                   9630563416                  
GPU 4           168.610           0.212        0.015        0.083        1155969187                  11809901210                 9548536624                  270532622                   
GPU 5           182.419           0.164        0.015        0.086        115689864                   1470567489                  9950248770                  9950127758                  
GPU 6           185.703           0.165        0.015        0.084        97138219                    1224225910                  9905125322                  9905224470                  
GPU 7           165.792           0.213        0.014        0.083        10496534027                 1391998695                  2770649448                  9623901028                  
GPU 0           175.448           0.195        0.021        0.076        3782345284                  11934991993                 8177253301                  5985101617                  
GPU 1           187.828           0.191        0.023        0.067        80111604                    869539352                   10864637567                 10865222488                 
GPU 2           186.614           0.158        0.023        0.054        11742263                    125444895                   9995105434                  9995240136                  
GPU 3           172.955           0.206        0.024        0.058        7156136664                  1425193044                  441258261                   8906287263                  
GPU 4           176.353           0.159        0.024        0.056        4828898803                  6436757539                  9479752996                  7802468279                  
GPU 5           193.713           0.204        0.022        0.059        24383452                    271294801                   15487716940                 15488685066                 
GPU 6           191.534           0.188        0.016        0.061        48976726                    567977683                   10718887471                 10719238049                 
GPU 7           180.540           0.176        0.016        0.065        7600681592                  2323517475                  6231277479                  8154594974                  
GPU 0           180.668           0.234        0.020        0.100        3184524452                  15105507629                 11636519630                 3912402                     
GPU 1           196.842           0.181        0.016        0.102        70954610                    2677222857                  11654054434                 11654055599                 
GPU 2           189.510           0.212        0.018        0.086        138506017                   1753069758                  11139202623                 11139316980                 
GPU 3           178.368           0.171        0.016        0.099        12894914807                 4362061806                  3913472                     11646049630                 
GPU 4           181.668           0.221        0.016        0.091        1486323102                  13850622810                 9692422206                  553051743                   
GPU 5           196.733           0.227        0.016        0.096        160325591                   1526196328                  11332698451                 11333270712                 
GPU 6           198.252           0.233        0.016        0.073        65228476                    816768971                   11657541554                 11653353771                 
GPU 7           184.087           0.178        0.016        0.099        8667562495                  2090634808                  3906134                     11674775365                 
GPU 0           167.963           0.156        0.016        0.055        1286388976                  6554407219                  7423117365                  3960756137                  
GPU 1           188.122           0.235        0.017        0.070        213513378                   1313685312                  11582494436                 11583902217                 
GPU 2           173.890           0.215        0.016        0.090        149416304                   1887699472                  11676567072                 11676568819                 
GPU 3           166.283           0.193        0.016        0.076        8970505870                  2566401103                  2230588166                  9127534460                  
GPU 4           159.668           0.203        0.016        0.083        1596429473                  11585911288                 7699490906                  1108475973                  
GPU 5           173.442           0.151        0.017        0.053        35193128                    2037234841                  11874172853                 11874172271                 
GPU 6           174.540           0.160        0.016        0.100        145082316                   1842252481                  11164833298                 11166010504                 
GPU 7           164.027           0.235        0.016        0.065        12933867301                 2684747528                  3169049462                  8191768339                  
GPU 0           164.284           0.168        0.017        0.062        2727737993                  9562972486                  8867610901                  3931617767                  
GPU 1           181.545           0.181        0.018        0.055        105538480                   441830916                   12701538477                 12700013831                 
GPU 2           184.545           0.154        0.016        0.054        42285096                    800489681                   13157228038                 13157227085                 
GPU 3           162.339           0.155        0.016        0.053        6479769379                  2556465888                  4010982818                  7716155964                  
GPU 4           174.060           0.147        0.017        0.053        3038107755                  6309078110                  9794092708                  4538668033                  
GPU 5           187.688           0.179        0.017        0.068        84595292                    398850021                   12708686625                 12708686625                 
GPU 6           187.796           0.161        0.018        0.060        54490610                    674157711                   13237064408                 13236828555                 
GPU 7           166.524           0.171        0.018        0.056        7450224995                  3045199390                  4802972720                  8641437240                  
GPU 0           178.701           0.232        0.018        0.097        2962181347                  15008706461                 11694997737                 3938682                     
GPU 1           198.082           0.158        0.016        0.088        35087833                    1749162096                  11812820677                 11805673271                 
GPU 2           185.410           0.183        0.018        0.069        67580075                    1752890816                  11408714947                 11408714947                 
GPU 3           175.062           0.212        0.017        0.084        10804142772                 2058779528                  2216316522                  10787760425                 
GPU 4           178.875           0.186        0.018        0.071        2703934273                  9952242252                  11048688783                 3376698618                  
GPU 5           194.170           0.221        0.015        0.091        161688256                   1091990632                  11428862464                 11428860891                 
GPU 6           193.649           0.227        0.015        0.058        36448031                    457557730                   11478427445                 11477409047                 
GPU 7           178.639           0.159        0.015        0.090        7076794257                  1826707491                  255729673                   10736415097                 
GPU 0           169.857           0.166        0.016        0.060        1280690066                  10651329709                 9550511595                  4730832727                  
GPU 1           193.267           0.214        0.016        0.078        143465946                   1352883183                  11683155294                 11691583252                 
GPU 2           176.091           0.217        0.015        0.090        137969612                   538203998                   13861354789                 13862240407                 
GPU 3           169.867           0.203        0.016        0.080        10746443150                 3117351508                  1496903425                  10414945751                 
GPU 4           167.094           0.220        0.015        0.089        1382222831                  13815413154                 9203935784                  371730840                   
GPU 5           183.291           0.171        0.019        0.063        68800532                    2063316609                  13879088824                 13878966181                 
GPU 6           184.111           0.179        0.018        0.095        146670327                   1804412676                  13564051358                 13564605933                 
GPU 7           169.446           0.221        0.016        0.070        11752018609                 2283516109                  2505555246                  9809845627                  
GPU 0           177.388           0.161        0.019        0.056        3425566575                  7262578783                  8329360977                  5132100274                  
GPU 1           195.011           0.193        0.020        0.059        74254899                    887643703                   14147249606                 14146085181                 
GPU 2           185.281           0.169        0.024        0.059        20668252                    236540291                   16438616458                 16440485225                 
GPU 3           174.330           0.188        0.021        0.058        7362227656                  3434637665                  4953387522                  8947442754                  
GPU 4           174.059           0.162        0.019        0.065        3665037663                  8395549232                  9751581054                  5372946919                  
GPU 5           186.720           0.166        0.022        0.059        44731744                    608151600                   15612727147                 15613338468                 
GPU 6           187.852           0.161        0.019        0.058        36672478                    408473821                   13501509132                 13501249226                 
GPU 7           179.950           0.190        0.020        0.058        9287342542                  3444722215                  4412638780                  9059687002                  
GPU 0           180.993           0.210        0.020        0.085        2590282189                  13077564482                 11325324168                 2690461657                  
GPU 1           201.963           0.217        0.022        0.074        134250669                   1682524149                  15259680980                 15259577466                 
GPU 2           191.556           0.215        0.017        0.089        129277529                   1589776334                  12219501463                 12216799085                 
GPU 3           176.252           0.230        0.017        0.068        8593458072                  1974269809                  5072851730                  10121666178                 
GPU 4           183.225           0.177        0.021        0.096        1585788811                  14298393574                 11492648913                 665778269                   
GPU 5           198.344           0.231        0.017        0.097        174852606                   2192159256                  12213266391                 12212658469                 
GPU 6           197.703           0.201        0.021        0.080        90633276                    1100121043                  14568258941                 14567909877                 
GPU 7           178.704           0.216        0.020        0.072        11329397359                 3203059148                  1785195735                  10451694251                 
GPU 0           164.397           0.198        0.017        0.079        2091752979                  11084483074                 9860460919                  2098500534                  
GPU 1           179.120           0.165        0.019        0.090        55891586                    647770433                   12824497954                 12824622170                 
GPU 2           176.295           0.188        0.016        0.074        82150579                    1035656696                  11202499866                 11202622283                 
GPU 3           161.577           0.163        0.015        0.097        12260648955                 2362587195                  463274505                   11296505670                 
GPU 4           167.290           0.232        0.018        0.062        2381556040                  7973748047                  8135553894                  3090959340                  
GPU 5           182.211           0.184        0.016        0.072        99776902                    1292398887                  11065974690                 11065750195                 
GPU 6           183.287           0.206        0.018        0.085        108569662                   1380299534                  12423954222                 12424074246                 
GPU 7           164.177           0.162        0.018        0.089        7041653750                  2468420834                  3303674190                  11064677074                 
GPU 0           164.397           0.165        0.018        0.060        2997878120                  9612280227                  8766350452                  3977894492                  
GPU 1           188.916           0.188        0.016        0.060        106602460                   647770433                   11486829175                 11481202755                 
GPU 2           179.639           0.171        0.020        0.061        49227181                    591931726                   14210100388                 14210100388                 
GPU 3           170.658           0.190        0.019        0.058        6751635649                  3107084549                  3336739282                  7638463260                  
GPU 4           171.445           0.164        0.016        0.063        3276296009                  8898631485                  9658190440                  4584171111                  
GPU 5           184.425           0.173        0.020        0.063        66359362                    850912634                   14668671554                 14668691353                 
GPU 6           183.071           0.166        0.017        0.061        54430626                    649883918                   11820711723                 11820443899                 
GPU 7           164.177           0.186        0.016        0.058        9751944825                  2346201698                  3303674190                  7909984100                  
GPU 0           169.876           0.202        0.016        0.080        1854149004                  13374390032                 10467161681                 1320667292                  
GPU 1           195.056           0.210        0.016        0.073        135874181                   1654319686                  12138572249                 12144200228                 
GPU 2           186.412           0.210        0.015        0.086        128689781                   1590282090                  11418481220                 11418370205                 
GPU 3           170.062           0.214        0.015        0.070        9464620873                  1954695497                  3774975663                  10302173143                 
GPU 4           179.984           0.172        0.020        0.093        1254402247                  14688295310                 11309806236                 3798733                     
GPU 5           195.602           0.220        0.015        0.091        159655045                   1977524999                  11183922679                 11184172641                 
GPU 6           195.582           0.188        0.016        0.074        99617039                    1277811821                  12220227047                 12220372754                 
GPU 7           174.124           0.211        0.016        0.071        11014627841                 2500945018                  1072299909                  9951610588                  
GPU 0           169.876           0.192        0.016        0.075        1854149004                  10934609282                 9544612920                  2171135918                  
GPU 1           195.056           0.210        0.016        0.086        49131138                    1654319686                  11368267078                 11368265505                 
GPU 2           181.678           0.210        0.015        0.086        128689781                   1070604612                  13347631764                 13352229383                 
GPU 3           170.062           0.214        0.015        0.086        11366866167                 3555664434                  751102508                   10617324571                 
GPU 4           175.776           0.226        0.015        0.093        1254402247                  14688295310                 9796991572                  3798733                     
GPU 5           191.286           0.190        0.019        0.073        81686589                    1977524999                  13853184299                 13853185871                 
GPU 6           192.056           0.200        0.015        0.074        99617039                    1277811821                  11060945057                 11062648434                 
GPU 7           174.124           0.211        0.015        0.085        11014627841                 2218882602                  1072299909                  10442409198                 
GPU 0           176.182           0.180        0.023        0.067        4187674652                  9088568161                  10328437803                 6265654221                  
GPU 1           175.224           0.181        0.022        0.067        56374672                    561196394                   15486905422                 15482379791                 
GPU 2           181.728           0.192        0.018        0.074        85503481                    589594613                   15968211026                 15964070326                 
GPU 3           173.606           0.155        0.021        0.070        8730111701                  2665982736                  5152671695                  10271443282                 
GPU 4           171.526           0.180        0.020        0.068        3433394880                  8907632051                  9061348716                  4870930251                  
GPU 5           187.999           0.177        0.021        0.066        66564964                    1023192178                  14916715844                 14916713747                 
GPU 6           189.604           0.180        0.023        0.068        71155574                    539774609                   16522206859                 16522447484                 
GPU 7           177.592           0.177        0.021        0.065        8048842038                  3997946616                  5831004512                  9971255246                  
#Entity         POWER             SMACT        TENSO        DRAMA        PCITX                       PCIRX                       NVLTX                       NVLRX                       
ID               W                                                                                                                                                                       
GPU 0           153.507           0.146        0.012        0.053        1849354306                  9649263550                  6879703175                  1878169772                  
GPU 1           195.417           0.154        0.015        0.057        141062912                   714330565                   10547956534                 10553488247                 
GPU 2           168.883           0.186        0.022        0.069        51447190                    828508829                   7938885899                  7939010636                  
GPU 3           152.089           0.201        0.016        0.054        6233343028                  726435336                   3891585191                  7425893781                  
GPU 4           159.129           0.169        0.019        0.063        3247744368                  8084282736                  8463823653                  4653386944                  
GPU 5           176.405           0.164        0.012        0.063        98717379                    766363741                   8343111998                  8337924319                  
GPU 6           176.384           0.147        0.013        0.054        143487660                   862894263                   9360708916                  9358376662                  
GPU 7           155.837           0.137        0.012        0.053        6616640188                  1859789277                  2029979306                  6924718149                  
GPU 0           176.557           0.209        0.015        0.086        1382027225                  12194923601                 10247433961                 594669203                   
GPU 1           170.600           0.204        0.015        0.085        44033054                    1733056547                  10584112217                 10584112217                 
GPU 2           173.657           0.148        0.011        0.055        65030021                    1314127832                  10191586076                 10191587125                 
GPU 3           169.170           0.147        0.014        0.082        10605740811                 1819712546                  180794231                   9721069052                  
GPU 4           163.480           0.180        0.013        0.071        1320973105                  12044361761                 7660160510                  523076487                   
GPU 5           179.038           0.183        0.014        0.074        131259996                   1263442095                  9514234675                  9520412522                  
GPU 6           180.503           0.207        0.015        0.086        49124914                    1770982736                  10824472664                 10824726867                 
GPU 7           175.177           0.209        0.015        0.087        11128526688                 1695144825                  571220131                   10327887826                 
GPU 0           167.197           0.140        0.018        0.049        3387205939                  8061460498                  7774733139                  4920535291                  
GPU 1           184.443           0.137        0.013        0.049        37191456                    522219120                   9505396154                  9505394057                  
GPU 2           179.692           0.150        0.020        0.053        30494856                    319404587                   14695704009                 14695703634                 
GPU 3           164.845           0.154        0.014        0.053        6505511199                  4054374351                  2696675066                  7139610071                  
GPU 4           169.023           0.151        0.021        0.052        4281099091                  8528548199                  8996457506                  6466544109                  
GPU 5           184.454           0.150        0.022        0.053        27144646                    294864596                   15777119898                 15776111330                 
GPU 6           184.491           0.130        0.013        0.046        36120275                    577365150                   9410168226                  9410167702                  
GPU 7           168.682           0.130        0.017        0.049        6141786799                  2955260257                  4763608635                  7770019836                  
GPU 0           155.721           0.139        0.018        0.049        3232816581                  6506672178                  7583912596                  4891869322                  
GPU 1           172.714           0.158        0.022        0.057        62126242                    388001858                   15831172798                 15831174895                 
GPU 2           163.503           0.145        0.013        0.053        51715258                    647322656                   9135279817                  9135280982                  
GPU 3           152.306           0.132        0.022        0.054        6594114897                  1994218518                  6750545055                  9075846296                  
GPU 4           154.940           0.143        0.013        0.050        2079715525                  6616626491                  6647968720                  2742082629                  
GPU 5           168.901           0.139        0.014        0.049        47949897                    555755613                   9483291168                  9483425108                  
GPU 6           169.111           0.151        0.022        0.055        51737301                    378259569                   15821538710                 15821539758                 
GPU 7           157.120           0.134        0.018        0.047        5690645195                  3265693741                  5343975404                  7617545111                  
GPU 0           158.264           0.134        0.011        0.048        1509276505                  6435984018                  5758790572                  1746937069                  
GPU 1           187.024           0.144        0.013        0.053        103663779                   771143291                   8951200432                  8951200956                  
GPU 2           167.158           0.143        0.011        0.053        67733947                    787978126                   7708609504                  7708607932                  
GPU 3           154.840           0.161        0.013        0.050        5902541690                  1243523371                  2700570815                  6587954384                  
GPU 4           158.924           0.159        0.011        0.060        1192954408                  8485649332                  6877274363                  835031454                   
GPU 5           172.014           0.142        0.011        0.052        73512764                    868278999                   7722373196                  7722373196                  
GPU 6           175.695           0.146        0.013        0.053        113234840                   640811290                   8820131031                  8820129983                  
GPU 7           161.280           0.141        0.011        0.050        5865930626                  1747807327                  1812208157                  6133710874                  
GPU 0           169.235           0.222        0.016        0.094        1340500679                  15332934159                 11166798554                 65645285                    
GPU 1           195.110           0.185        0.021        0.072        67556398                    800621346                   14530951819                 14531057956                 
GPU 2           186.717           0.210        0.020        0.085        104642073                   1309599734                  13777274825                 13777276254                 
GPU 3           168.975           0.198        0.019        0.077        9571425467                  2754138151                  3240314268                  10153404894                 
GPU 4           175.708           0.205        0.020        0.081        2772218179                  11181489213                 10844949335                 3311492293                  
GPU 5           190.079           0.219        0.018        0.091        129328108                   1655413830                  12460207035                 12460173491                 
GPU 6           191.394           0.178        0.020        0.077        49671306                    1385926810                  13640689434                 13641607700                 
GPU 7           175.348           0.208        0.015        0.085        11154312563                 1810954217                  254199050                   10188414408                 
GPU 0           169.008           0.177        0.024        0.065        4185859178                  7982836594                  9961642511                  6402961196                  
GPU 1           184.482           0.187        0.018        0.065        54699043                    666512110                   12286848983                 12286707472                 
GPU 2           175.455           0.164        0.018        0.059        38286953                    410451118                   12670266833                 12670265669                 
GPU 3           167.080           0.170        0.019        0.059        6729679402                  3209440567                  5080314713                  8430720449                  
GPU 4           169.425           0.157        0.018        0.059        2925180880                  6862704143                  7906269379                  4257395908                  
GPU 5           187.392           0.171        0.021        0.064        48149557                    557104063                   14514798734                 14514832277                 
GPU 6           182.795           0.172        0.020        0.068        58842857                    609746341                   13679689860                 13678770547                 
GPU 7           170.720           0.182        0.021        0.068        8242476698                  3516834753                  5235006825                  9875661423                  
GPU 0           171.969           0.168        0.016        0.062        2274464975                  8921412309                  8015648316                  2767910494                  
GPU 1           190.261           0.174        0.015        0.076        112081173                   1348532845                  10386454634                 10385113939                 
GPU 2           180.525           0.185        0.016        0.072        71616611                    886869065                   11389848266                 11390730099                 
GPU 3           166.465           0.187        0.015        0.072        8802964993                  2086952250                  1840370158                  8801801017                  
GPU 4           170.649           0.180        0.016        0.071        2103133743                  9409233660                  8907103166                  2356845185                  
GPU 5           185.953           0.177        0.016        0.068        76719026                    961161790                   10913619045                 10913503260                 
GPU 6           187.192           0.188        0.015        0.065        100082005                   690886391                   10377851684                 10377717513                 
GPU 7           171.335           0.171        0.017        0.063        7595972147                  2755858006                  3719612230                  8599692783                  
GPU 0           168.300           0.203        0.016        0.082        1635126911                  11616697407                 8015648316                  2767910494                  
GPU 1           190.261           0.190        0.015        0.072        112081173                   1077213324                  10386454634                 10385113939                 
GPU 2           180.525           0.199        0.016        0.080        98689992                    1226233017                  11389848266                 11390730099                 
GPU 3           167.105           0.187        0.016        0.072        9567697503                  2086952250                  1840370158                  8801801017                  
GPU 4           170.649           0.180        0.016        0.076        1839009741                  10838172196                 8907103166                  1661718230                  
GPU 5           185.953           0.177        0.016        0.068        76719026                    1654710167                  10913619045                 10913503260                 
GPU 6           187.192           0.184        0.015        0.075        100082005                   1210152233                  10377851684                 10377717513                 
GPU 7           171.437           0.194        0.017        0.063        9578275198                  2755858006                  1346671257                  8599692783                  
GPU 0           182.629           0.179        0.018        0.068        2845795546                  9943107437                  9309427696                  3647835058                  
GPU 1           198.568           0.184        0.026        0.075        84783546                    928746902                   11064609746                 11066077839                 
GPU 2           190.349           0.188        0.022        0.072        57616135                    679394036                   11292778842                 11291386947                 
GPU 3           183.246           0.195        0.023        0.076        9573354000                  2161345871                  1895628512                  9524535268                  
GPU 4           179.833           0.192        0.024        0.072        4098349911                  9420980377                  9634303045                  5999363040                  
GPU 5           195.842           0.190        0.021        0.074        85132159                    1051502543                  14884434012                 14884658043                 
GPU 6           197.942           0.191        0.027        0.072        95279923                    1191385950                  11432169471                 11432292404                 
GPU 7           179.557           0.183        0.024        0.069        8825601543                  2583708961                  2707911503                  9228136861                  
GPU 0           164.326           0.184        0.023        0.070        3807584010                  9313893401                  10448393984                 5524396838                  
GPU 1           190.264           0.196        0.016        0.069        79487873                    1297716290                  18091571567                 18091571567                 
GPU 2           190.349           0.184        0.019        0.070        69786189                    895811743                   15454416068                 15454670973                 
GPU 3           163.245           0.200        0.017        0.076        7558316350                  4023391161                  5596991339                  11230840914                 
GPU 4           179.833           0.192        0.024        0.068        2721266033                  8912200625                  10933162431                 3567042603                  
GPU 5           195.842           0.190        0.021        0.074        85132159                    1209274918                  13914438761                 13914437597                 
GPU 6           197.942           0.175        0.027        0.075        59470717                    692660344                   18587812763                 18587811016                 
GPU 7           169.032           0.189        0.024        0.072        9186650525                  4275444174                  6483368516                  11310220251                 
GPU 0           178.632           0.189        0.015        0.074        1814337248                  10491128600                 8916048819                  1696472053                  
GPU 1           199.525           0.180        0.022        0.079        102560412                   1401116302                  10964873482                 10964873005                 
GPU 2           184.818           0.194        0.017        0.077        95812240                    1187743696                  13412641741                 13413266474                 
GPU 3           176.211           0.176        0.021        0.078        9725300288                  2800425915                  3780090804                  8574085507                  
GPU 4           176.360           0.198        0.021        0.078        3010381829                  10657758249                 9005768433                  3825267581                  
GPU 5           191.809           0.193        0.015        0.077        145884314                   1808792041                  10644790783                 10645946328                 
GPU 6           191.706           0.197        0.022        0.067        93159867                    1189268663                  10778456372                 10781847077                 
GPU 7           178.520           0.184        0.020        0.077        9254854726                  2634427831                  2391928591                  9463664696                  
GPU 0           167.407           0.183        0.021        0.069        3236300018                  8939257435                  9666655798                  4526954444                  
GPU 1           185.636           0.199        0.015        0.069        113565382                   875394153                   15048596031                 15048596613                 
GPU 2           175.574           0.181        0.019        0.067        46621561                    518895477                   12065781664                 12065159565                 
GPU 3           163.797           0.201        0.014        0.069        8471593936                  3225910602                  4155680463                  10711806736                 
GPU 4           165.531           0.175        0.015        0.065        1785866964                  8752594191                  10470078551                 1893148914                  
GPU 5           181.547           0.182        0.022        0.067        65730540                    751733071                   14387303486                 14386024086                 
GPU 6           181.477           0.177        0.014        0.078        106316116                   1272012738                  15068517863                 15063870660                 
GPU 7           165.341           0.183        0.013        0.069        8442971728                  3106892698                  4445374169                  9696945706                  
GPU 0           162.847           0.180        0.014        0.067        1431542516                  9635484864                  8020246007                  1086416154                  
GPU 1           182.381           0.183        0.013        0.068        83893297                    889063588                   9506979042                  9506979042                  
GPU 2           172.952           0.178        0.013        0.067        55653967                    532788954                   12361120278                 12360874896                 
GPU 3           160.824           0.188        0.012        0.062        7008896394                  1617597586                  1281632145                  8258599350                  
GPU 4           164.111           0.170        0.013        0.064        1361849582                  8375674659                  8024249322                  1172276401                  
GPU 5           180.064           0.180        0.013        0.067        90132084                    941232285                   8428991726                  8429115403                  
GPU 6           180.298           0.177        0.013        0.066        72839809                    763759632                   9562602921                  9562717694                  
GPU 7           164.014           0.181        0.012        0.066        8321147316                  1178795027                  1141062693                  8081376086                  
#Entity         POWER             SMACT        TENSO        DRAMA        PCITX                       PCIRX                       NVLTX                       NVLRX                       
ID               W                                                                                                                                                                       
GPU 0           166.324           0.176        0.013        0.065        1339861201                  8161588446                  7473333777                  1157671703                  
GPU 1           187.156           0.181        0.015        0.073        82441389                    940228032                   8679920302                  8679919778                  
GPU 2           176.784           0.186        0.014        0.070        55774673                    545715014                   8362839610                  8363138321                  
GPU 3           164.770           0.173        0.013        0.071        9078775844                  1482565068                  1282736784                  6927727563                  
GPU 4           168.758           0.188        0.014        0.071        1332461554                  10103444875                 7231355231                  851036258                   
GPU 5           185.016           0.184        0.014        0.069        84586129                    907742463                   9249199400                  9249199400                  
GPU 6           183.243           0.178        0.013        0.066        76374395                    800002596                   8689509358                  8689508310                  
GPU 7           168.320           0.177        0.014        0.064        7644860884                  1169737058                  1158804284                  7473619371                  
GPU 0           164.364           0.177        0.015        0.065        1731458053                  10461444291                 8542692302                  1590838348                  
GPU 1           189.584           0.190        0.014        0.071        90350150                    958929659                   9871121036                  9871121560                  
GPU 2           176.784           0.192        0.014        0.073        58793525                    592232426                   9347701462                  9347702415                  
GPU 3           160.294           0.193        0.014        0.071        8077272514                  1495193175                  835995066                   8599483260                  
GPU 4           168.758           0.188        0.014        0.075        1568102789                  10605581441                 8453998238                  1209638813                  
GPU 5           185.016           0.184        0.014        0.069        84586129                    1048278123                  9873882865                  9873868889                  
GPU 6           183.243           0.178        0.013        0.074        86607693                    896902345                   10385520592                 10385386418                 
GPU 7           167.931           0.184        0.014        0.067        8509427688                  1443763995                  1616585629                  8468667805                  
GPU 0           165.596           0.198        0.013        0.075        1295802046                  11589587504                 9482871336                  840286470                   
GPU 1           181.205           0.186        0.013        0.069        89050050                    919090944                   9366945786                  9367084966                  
GPU 2           178.460           0.173        0.013        0.064        51560413                    495947197                   8683832436                  8683714520                  
GPU 3           163.468           0.186        0.013        0.068        9080604766                  1686881848                  634477691                   8521790992                  
GPU 4           169.997           0.170        0.013        0.064        1312040741                  9031843580                  7713535480                  979169540                   
GPU 5           186.949           0.197        0.014        0.075        102756117                   897358383                   10266026267                 8548264666                  
GPU 6           188.174           0.192        0.014        0.067        79313172                    844603332                   8935555369                  8935667612                  
GPU 7           166.961           0.179        0.013        0.074        8488044837                  1130431536                  816626104                   8081711184                  
GPU 0           174.732           0.207        0.015        0.080        1463564124                  11235977636                 9591520330                  298148096                   
GPU 1           189.918           0.183        0.015        0.083        88224903                    1253620824                  10241980668                 10241981144                 
GPU 2           180.889           0.197        0.014        0.076        61659691                    629353083                   10082484116                 10082468916                 
GPU 3           170.442           0.185        0.015        0.080        10203332399                 1245645038                  763151377                   9584060546                  
GPU 4           172.027           0.201        0.014        0.076        1372328727                  11193382963                 9311378368                  763270188                   
GPU 5           188.162           0.211        0.014        0.081        126844198                   1093161004                  9603905740                  10266027315                 
GPU 6           188.520           0.207        0.014        0.074        90758305                    942542863                   10357641547                 10357640382                 
GPU 7           173.862           0.197        0.013        0.079        9765028778                  860961537                   839030284                   9250444762                  
GPU 0           167.073           0.180        0.014        0.068        1140868849                  9273750077                  8481312602                  2290836607                  
GPU 1           190.870           0.210        0.015        0.072        103415977                   1226919590                  10192524163                 10192522416                 
GPU 2           177.279           0.202        0.014        0.079        74714451                    754511042                   12390999115                 12390985004                 
GPU 3           165.303           0.211        0.014        0.075        9361500152                  2852827173                  3654165813                  9020862882                  
GPU 4           170.146           0.202        0.014        0.078        1205275038                  11281830697                 9013007978                  441029281                   
GPU 5           183.021           0.179        0.016        0.068        104725773                   1341654105                  11443110696                 11443109385                 
GPU 6           182.841           0.182        0.015        0.081        111287790                   1176118259                  10494700505                 10494699981                 
GPU 7           169.629           0.208        0.017        0.064        10421621092                 2944245433                  133449318                   8623607797                  
GPU 0           170.648           0.179        0.018        0.068        2748976779                  9141239566                  9033189481                  3614056102                  
GPU 1           182.606           0.182        0.018        0.069        106119549                   1316101073                  12925648000                 12925648000                 
GPU 2           179.719           0.174        0.017        0.065        63657501                    966248823                   11151109743                 11151255328                 
GPU 3           167.378           0.173        0.015        0.067        8121107254                  2253250953                  2999120198                  7839908066                  
GPU 4           172.335           0.178        0.017        0.062        2647744132                  7526651678                  7707670394                  3394225347                  
GPU 5           185.774           0.189        0.018        0.073        119818959                   1489968429                  12604567966                 12604569932                 
GPU 6           185.580           0.176        0.018        0.067        93582502                    1230421429                  12892923632                 12892924156                 
GPU 7           170.971           0.179        0.015        0.068        8113056651                  2540701372                  3578124507                  8522327206                  
GPU 0           162.120           0.170        0.016        0.063        2220988873                  8213126477                  7877277244                  2793517651                  
GPU 1           188.856           0.170        0.015        0.063        83958788                    1069035549                  10558647650                 10558648174                 
GPU 2           175.004           0.186        0.016        0.072        90350620                    823122303                   10717273888                 10717139709                 
GPU 3           161.318           0.192        0.016        0.063        7133853636                  2233529560                  2154634979                  9040581640                  
GPU 4           167.210           0.163        0.016        0.074        2355223497                  10164359576                 9138457860                  3112994535                  
GPU 5           180.944           0.172        0.016        0.065        95360991                    1202800418                  10832271039                 10833142131                 
GPU 6           182.786           0.170        0.015        0.065        89855600                    1160129316                  10471056800                 10471057324                 
GPU 7           166.107           0.176        0.015        0.067        7876265941                  2409486893                  2589101108                  8260425449                  
GPU 0           172.632           0.187        0.016        0.073        2220988873                  10341601153                 8810875080                  1641122209                  
GPU 1           188.856           0.170        0.016        0.078        83958788                    1700264151                  11277995772                 11277870623                 
GPU 2           176.104           0.186        0.015        0.072        90350620                    1117267340                  13158632306                 13158765436                 
GPU 3           168.007           0.192        0.016        0.074        8908467676                  2233529560                  4368834572                  9132958845                  
GPU 4           166.481           0.187        0.016        0.074        2053700691                  10164359576                 9227682987                  2148803235                  
GPU 5           181.722           0.183        0.015        0.072        124900341                   1202800418                  10247396863                 10247397387                 
GPU 6           181.338           0.188        0.015        0.065        89855600                    1150186491                  14478354513                 14478354989                 
GPU 7           171.337           0.176        0.018        0.071        7876265941                  3160253620                  2476072298                  9614311602                  
GPU 0           176.521           0.176        0.022        0.065        3686401631                  8564096196                  9496724959                  5429128759                  
GPU 1           196.665           0.179        0.019        0.068        114925638                   1152657016                  13566759621                 13566849092                 
GPU 2           186.603           0.181        0.019        0.069        69055817                    916452438                   15714524757                 15714432520                 
GPU 3           174.114           0.181        0.019        0.066        7870149429                  3389400200                  4405202435                  10623105852                 
GPU 4           177.296           0.175        0.020        0.066        3223370356                  8375493457                  10593418344                 4564266651                  
GPU 5           190.577           0.182        0.022        0.069        88689850                    1542180791                  15384679683                 15383766835                 
GPU 6           192.792           0.167        0.021        0.062        65424441                    849138217                   14785058012                 14785056847                 
GPU 7           174.364           0.184        0.021        0.069        8733098944                  3913909637                  3728672037                  10158901180                 
GPU 0           173.344           0.194        0.020        0.075        2930997320                  11885821379                 10489949197                 3524707651                  
GPU 1           196.671           0.195        0.020        0.076        119330472                   1474870773                  14299196194                 14299063412                 
GPU 2           186.812           0.195        0.022        0.075        83848702                    1059687673                  12026459742                 12026424005                 
GPU 3           170.965           0.196        0.021        0.075        9502959344                  2559872037                  2713706702                  9636004553                  
GPU 4           176.355           0.195        0.020        0.076        3038069764                  10725893846                 9700455871                  3862176291                  
GPU 5           191.692           0.199        0.020        0.078        128346648                   1123247572                  14022034393                 14021952095                 
GPU 6           192.634           0.199        0.021        0.080        128325482                   1599050319                  11694484454                 11694509612                 
GPU 7           174.708           0.184        0.017        0.073        8482294885                  2596504352                  5396163674                  9661369483                  
GPU 0           176.841           0.195        0.017        0.077        2091844088                  11335565832                 9827905707                  2070470654                  
GPU 1           191.351           0.199        0.017        0.079        32206609                    1497465879                  11966729510                 11966850057                 
GPU 2           181.944           0.186        0.017        0.072        82376898                    1059784492                  12224771645                 12227338960                 
GPU 3           169.237           0.195        0.017        0.075        9280078301                  3156847993                  4307229981                  9866785124                  
GPU 4           172.423           0.193        0.017        0.075        2274202820                  10594490219                 10725871625                 2498124255                  
GPU 5           186.031           0.199        0.017        0.079        111396297                   1620251682                  11951675984                 11952471302                 
GPU 6           186.676           0.192        0.017        0.076        114394688                   1461986532                  19017265435                 19017241326                 
GPU 7           173.019           0.190        0.014        0.071        9443335493                  2055391805                  2441016411                  8597720598                  
GPU 0           209.326           0.177        0.040        0.065        6543273000                  7956773843                  12202609664                 10729064861                 
GPU 1           217.569           0.183        0.034        0.069        29954445                    382143731                   21212900196                 21213972037                 
GPU 2           224.345           0.186        0.018        0.073        84810482                    1066783110                  28518656133                 28516676450                 
GPU 3           200.236           0.182        0.020        0.069        8708430281                  7769825862                  14128750453                 14359216605                 
GPU 4           207.324           0.178        0.028        0.067        4638611923                  8746188624                  13747541972                 7104097822                  
GPU 5           221.127           0.186        0.041        0.067        23251319                    278174859                   23178918952                 23178307163                 
GPU 6           225.707           0.181        0.031        0.070        47376209                    566027564                   23993740566                 23993739137                 
GPU 7           205.186           0.183        0.056        0.071        8912432251                  7813058847                  1204931801                  14583525576                 
GPU 0           192.750           0.193        0.053        0.067        5873250802                  8116088909                  11818252335                 9459891677                  
GPU 1           227.493           0.206        0.058        0.069        67522081                    299101576                   23147620748                 23146549449                 
GPU 2           202.982           0.217        0.063        0.073        10207161                    48445305                    11335828945                 11335828945                 
GPU 3           187.060           0.217        0.065        0.070        8662551591                  1747227116                  1714330880                  7316730158                  
GPU 4           201.264           0.217        0.066        0.069        7850732139                  8081210631                  6768391728                  13072978293                 
GPU 5           215.095           0.205        0.053        0.069        37610827                    410254890                   20816750057                 20810747511                 
GPU 6           212.218           0.199        0.059        0.069        23685022                    222411465                   7981411751                  7981412333                  
GPU 7           198.199           0.198        0.038        0.065        8866902938                  3702269015                  14187152986                 9757057842                  
GPU 0           161.413           0.147        0.015        0.058        1774716439                  7394203292                  7062865358                  2090327125                  
GPU 1           178.477           0.156        0.013        0.060        100754621                   867750348                   7501537038                  7501410223                  
GPU 2           170.327           0.174        0.026        0.064        54936932                    694552673                   9433688954                  9433554785                  
GPU 3           157.774           0.167        0.017        0.062        7199134962                  1882008989                  2038271237                  7517780140                  
GPU 4           161.565           0.161        0.014        0.060        1356183094                  8973716137                  8133044028                  1069264334                  
GPU 5           177.367           0.161        0.015        0.060        73042680                    912781092                   9028417555                  9032920330                  
GPU 6           176.663           0.162        0.014        0.063        64605867                    812309264                   9837818000                  9837817476                  
GPU 7           162.615           0.188        0.014        0.057        6662191931                  1950946234                  2167722644                  7022318822                  
#Entity         POWER             SMACT        TENSO        DRAMA        PCITX                       PCIRX                       NVLTX                       NVLRX                       
ID               W                                                                                                                                                                       
GPU 0           166.547           0.171        0.016        0.069        1332515502                  9492955705                  8135475951                  956035179                   
GPU 1           188.774           0.187        0.018        0.075        101844595                   1244145231                  10461949733                 10462073962                 
GPU 2           176.920           0.160        0.016        0.061        67048886                    800731892                   8602259846                  8602394543                  
GPU 3           164.161           0.167        0.016        0.063        7270829376                  1468060827                  863758870                   7470787021                  
GPU 4           167.433           0.178        0.016        0.068        1839658275                  10211081243                 7339212791                  1760267113                  
GPU 5           183.282           0.184        0.016        0.071        104080103                   1288212737                  9234010649                  9233884854                  
GPU 6           183.122           0.171        0.016        0.067        84463280                    1010141563                  7755978620                  7755781841                  
GPU 7           167.816           0.156        0.015        0.070        8681593642                  1638842697                  805816640                   8215998957                  
GPU 0           153.036           0.145        0.012        0.058        1148063771                  7447212222                  6443648242                  697674624                   
GPU 1           183.376           0.173        0.013        0.058        84035822                    1561821375                  7577176566                  7577177519                  
GPU 2           163.759           0.172        0.015        0.068        82174769                    1060434923                  7017839925                  7017719932                  
GPU 3           151.037           0.148        0.014        0.066        7820260086                  2110474783                  1116328906                  6058072791                  
GPU 4           153.796           0.169        0.014        0.064        1365575555                  9883057850                  6388458346                  950160569                   
GPU 5           168.743           0.153        0.012        0.057        103437102                   1640175278                  7018660888                  7018650406                  
GPU 6           169.034           0.157        0.013        0.060        86396034                    1445706700                  8136614345                  8136831331                  
GPU 7           154.914           0.141        0.011        0.051        5738187424                  2077717354                  1128437898                  5677965213                  
GPU 0           166.801           0.165        0.014        0.066        971564951                   8953060184                  7555347059                  702423483                   
GPU 1           176.897           0.155        0.014        0.069        78322581                    1068702617                  8220692161                  8220692161                  
GPU 2           174.507           0.144        0.012        0.054        87223927                    1364242654                  7925574706                  7925693156                  
GPU 3           162.473           0.171        0.012        0.054        6168683525                  1216468772                  421576941                   7168641839                  
GPU 4           165.206           0.154        0.013        0.056        1322845524                  9339151173                  6483520674                  1004804991                  
GPU 5           179.316           0.169        0.013        0.064        91632771                    1156825747                  7851968286                  7852090927                  
GPU 6           181.605           0.165        0.013        0.064        66646722                    1169796747                  6781084278                  6780956921                  
GPU 7           167.158           0.175        0.013        0.067        8174017853                  1302056265                  398342082                   7575206150                  
GPU 0           165.395           0.143        0.012        0.057        1039586786                  7449019083                  6263230627                  611197469                   
GPU 1           184.153           0.176        0.012        0.060        93940131                    950671568                   6878700427                  6878700951                  
GPU 2           174.343           0.173        0.014        0.068        88605686                    1141385349                  7934103428                  7934102904                  
GPU 3           162.459           0.179        0.013        0.065        7711163278                  1328516093                  425226632                   7653876742                  
GPU 4           164.715           0.160        0.012        0.060        1059979050                  8801093906                  7555869301                  553766564                   
GPU 5           180.499           0.168        0.013        0.064        93928604                    1152831708                  7362683759                  7362681662                  
GPU 6           179.244           0.151        0.012        0.057        88893175                    793563655                   8274699510                  8274706324                  
GPU 7           166.069           0.176        0.013        0.068        8240522867                  1336018871                  318678795                   7596139974                  
GPU 0           159.430           0.169        0.014        0.068        1124629601                  9234354556                  7673482144                  463714541                   
GPU 1           181.844           0.164        0.014        0.070        84534393                    1196203220                  8153196032                  8153196032                  
GPU 2           170.057           0.174        0.014        0.069        88449274                    1098804506                  7501541382                  7501542955                  
GPU 3           157.393           0.168        0.014        0.069        8238265882                  1213345681                  473855355                   7295443450                  
GPU 4           157.566           0.177        0.014        0.068        1163465707                  10454332778                 7758529774                  494197242                   
GPU 5           177.617           0.160        0.013        0.060        78223879                    980868497                   7477878167                  7477879597                  
GPU 6           177.831           0.176        0.014        0.069        84153067                    1109352324                  8056779118                  8057033825                  
GPU 7           160.475           0.157        0.012        0.058        7206060273                  1265484559                  633324273                   6801794345                  
GPU 0           159.263           0.155        0.013        0.062        1124629601                  8482036237                  7300572960                  733390531                   
GPU 1           181.844           0.164        0.014        0.064        73486167                    1029295290                  8051083924                  8051083924                  
GPU 2           171.378           0.157        0.013        0.060        71843859                    870425691                   8351168404                  8351168928                  
GPU 3           158.113           0.168        0.013        0.063        7834028841                  1493772997                  1211372654                  7117805398                  
GPU 4           161.118           0.175        0.014        0.067        1300797217                  12572635806                 7068859674                  408081333                   
GPU 5           176.408           0.180        0.015        0.069        91476961                    1132805343                  8707609410                  8709306372                  
GPU 6           177.602           0.165        0.013        0.064        84153067                    1001011137                  9767998381                  9775270151                  
GPU 7           162.314           0.157        0.013        0.058        7269724450                  1457753619                  1211337425                  7139027957                  
GPU 0           180.243           0.160        0.017        0.063        4113477348                  8893086839                  8621875563                  2681702149                  
GPU 1           203.439           0.201        0.015        0.065        62292479                    898124932                   10129295174                 10129212268                 
GPU 2           190.933           0.158        0.014        0.060        62898134                    806460165                   16514882789                 16514882789                 
GPU 3           177.951           0.192        0.014        0.060        7247689612                  4275985204                  6472655128                  11374599879                 
GPU 4           179.268           0.159        0.014        0.058        1594593163                  10820953157                 12100929669                 1218796921                  
GPU 5           198.553           0.172        0.015        0.065        95927655                    1192584825                  10287977126                 10286449382                 
GPU 6           198.058           0.157        0.015        0.059        88911806                    787299386                   19000193776                 18991024398                 
GPU 7           178.564           0.187        0.022        0.072        9372437796                  3810782617                  5236362149                  10886055864                 
GPU 0           177.000           0.192        0.025        0.075        2679884671                  10120489831                 11332037007                 5949393353                  
GPU 1           194.122           0.190        0.027        0.079        91928154                    786299216                   19048157877                 19048258044                 
GPU 2           187.653           0.190        0.024        0.074        78667606                    932526510                   14199913534                 14199913058                 
GPU 3           171.857           0.199        0.025        0.072        9271826349                  2776866915                  3073423344                  10210240725                 
GPU 4           177.405           0.198        0.027        0.074        4740438823                  10625580115                 9677872738                  6991415108                  
GPU 5           191.858           0.198        0.025        0.077        92918486                    1159170415                  18025965685                 18025843589                 
GPU 6           192.234           0.202        0.027        0.081        76362484                    1085378849                  12604518574                 12604412351                 
GPU 7           178.016           0.194        0.020        0.074        9461563657                  3165140918                  3881763050                  10353820196                 
GPU 0           175.029           0.189        0.019        0.073        2950497624                  10890555256                 9975390798                  3196354619                  
GPU 1           195.177           0.199        0.018        0.074        90780854                    1115641948                  12687867399                 12687752091                 
GPU 2           185.986           0.196        0.020        0.076        80702609                    1026413015                  13014121043                 13014334174                 
GPU 3           174.371           0.191        0.019        0.077        9717632751                  2630448176                  3198716554                  9840571248                  
GPU 4           178.010           0.194        0.019        0.074        2593952341                  9997478281                  10104937333                 3169005983                  
GPU 5           190.989           0.194        0.020        0.083        112563932                   1418495874                  15152226851                 15153455128                 
GPU 6           191.691           0.186        0.018        0.072        99747638                    944469876                   14705272519                 14705509455                 
GPU 7           177.984           0.197        0.019        0.077        9981870556                  3019875355                  3026580899                  10409746007                 
GPU 0           172.457           0.189        0.020        0.074        5153594394                  11953103744                 10276564947                 3548806882                  
GPU 1           202.454           0.171        0.021        0.079        32482506                    1182348289                  14542476966                 14543460244                 
GPU 2           181.591           0.198        0.020        0.068        59194535                    753478076                   13922088326                 13923770696                 
GPU 3           169.403           0.176        0.019        0.065        7992259035                  3221998208                  4336614135                  9223059075                  
GPU 4           173.834           0.189        0.018        0.074        2468799365                  11527324479                 9268368901                  2704366346                  
GPU 5           190.739           0.187        0.018        0.074        94130066                    1237213442                  12354272688                 12354004886                 
GPU 6           188.522           0.197        0.021        0.079        56681114                    1302962993                  16289703707                 16289703183                 
GPU 7           173.360           0.175        0.017        0.066        8415236219                  2797700494                  3313991641                  9136235689                  
GPU 0           211.180           0.175        0.065        0.066        8089368146                  8216498783                  10941166332                 8128646678                  
GPU 1           241.514           0.217        0.024        0.064        6310157                     346498585                   16867280660                 16866413803                 
GPU 2           227.641           0.196        0.042        0.066        22753709                    226216320                   24078305109                 24076812537                 
GPU 3           210.744           0.208        0.051        0.072        9190199054                  7665769274                  13473130023                 14539848968                 
GPU 4           217.764           0.170        0.020        0.065        3331709897                  8632963560                  14637330969                 4770233803                  
GPU 5           233.551           0.185        0.034        0.069        29982144                    111579169                   22208850483                 22209771595                 
GPU 6           233.748           0.166        0.024        0.074        5803540                     734020514                   28773400133                 28774180018                 
GPU 7           215.851           0.183        0.040        0.067        7724525831                  6425570402                  11354821025                 12797171150                 
GPU 0           190.420           0.202        0.015        0.069        1490849816                  7785561394                  13844639412                 13557269840                 
GPU 1           181.067           0.162        0.066        0.073        72768477                    42242893                    28845232262                 28845231309                 
GPU 2           200.113           0.201        0.057        0.061        17289431                    145203444                   22833376542                 22832675845                 
GPU 3           184.855           0.198        0.047        0.066        7810032519                  4757166926                  8113577653                  10814303700                 
GPU 4           187.019           0.210        0.056        0.072        8367994841                  7652440129                  9758660016                  13946886765                 
GPU 5           204.785           0.201        0.058        0.067        12242451                    894705470                   24140880676                 24139513270                 
GPU 6           204.658           0.208        0.065        0.063        48946237                    42236439                    11590309744                 11589990025                 
GPU 7           188.216           0.190        0.054        0.065        6973746052                  5800108715                  10227116331                 11727733711                 
GPU 0           160.510           0.164        0.015        0.063        1327470953                  8773604066                  7166247096                  1353017249                  
GPU 1           188.401           0.173        0.016        0.062        83059394                    870352947                   8957640557                  8957641722                  
GPU 2           169.936           0.160        0.015        0.080        66260656                    854471601                   8450107348                  8449985235                  
GPU 3           158.593           0.165        0.015        0.062        7131825706                  1526050464                  1393224782                  7090511393                  
GPU 4           160.626           0.163        0.014        0.062        1332621684                  8797943543                  6894567738                  1045044346                  
GPU 5           175.486           0.159        0.015        0.060        72482266                    1477988368                  8440341680                  8440105361                  
GPU 6           173.751           0.168        0.025        0.063        73748898                    464694169                   8067441878                  8066856436                  
GPU 7           161.586           0.152        0.014        0.060        9415997721                  1504603080                  1502733127                  7014116179                  
GPU 0           165.779           0.168        0.015        0.065        1251460566                  9771877036                  7368171968                  898626200                   
GPU 1           183.720           0.169        0.015        0.069        81018995                    1029878553                  8299834181                  8299834181                  
GPU 2           177.160           0.194        0.016        0.061        68053167                    1287616297                  8839946687                  8839959790                  
GPU 3           165.884           0.190        0.014        0.075        8706831020                  1558395596                  761111811                   8220425120                  
GPU 4           168.339           0.186        0.016        0.073        1318684873                  10819378162                 8081304670                  717291943                   
GPU 5           182.065           0.199        0.016        0.080        118282290                   907040323                   8831886389                  8831995386                  
GPU 6           183.918           0.161        0.014        0.067        82661295                    893666209                   8180856170                  8180982477                  
GPU 7           167.834           0.192        0.015        0.078        6487907542                  1299453378                  202008571                   8612547237                  
#Entity         POWER             SMACT        TENSO        DRAMA        PCITX                       PCIRX                       NVLTX                       NVLRX                       
ID               W                                                                                                                                                                       
GPU 0           164.995           0.170        0.014        0.066        1360517002                  9468486874                  7353060278                  808236597                   
GPU 1           183.199           0.175        0.015        0.067        92189589                    1023987297                  8013311139                  8013162639                  
GPU 2           174.957           0.159        0.014        0.069        80473991                    860615276                   8081278645                  8081369890                  
GPU 3           163.439           0.168        0.016        0.064        7187727117                  1411868376                  972460995                   6945473590                  
GPU 4           165.754           0.173        0.015        0.067        1336583841                  9714735837                  7385579108                  1368284212                  
GPU 5           181.075           0.160        0.014        0.061        71631383                    1069328349                  7879300209                  7879429143                  
GPU 6           181.908           0.169        0.014        0.067        75242913                    1005293677                  8611708103                  8611597512                  
GPU 7           165.854           0.146        0.013        0.057        7757788038                  1491106034                  1438822493                  6540467435                  
GPU 0           169.450           0.162        0.016        0.062        1647302759                  8530495085                  6931001872                  1147529693                  
GPU 1           188.786           0.182        0.015        0.070        86785050                    1127444976                  8620193356                  8620207507                  
GPU 2           179.341           0.175        0.016        0.066        73220230                    1004906818                  9163187616                  9163073360                  
GPU 3           158.546           0.178        0.014        0.068        8012322827                  1669869441                  1305545020                  7846280999                  
GPU 4           169.913           0.177        0.016        0.068        1612425219                  10068133251                 7947837155                  1294705447                  
GPU 5           187.109           0.168        0.016        0.064        88084088                    1213350655                  9098239949                  9098142464                  
GPU 6           186.567           0.170        0.015        0.071        79132069                    906090134                   9634502475                  9635986791                  
GPU 7           172.088           0.165        0.015        0.065        7804207793                  1717210570                  1450197886                  7687097454                  
GPU 0           163.820           0.176        0.015        0.068        1285478191                  9980413303                  8110345994                  1452517589                  
GPU 1           186.198           0.169        0.017        0.073        79474992                    1111898893                  9678007718                  9678128268                  
GPU 2           172.850           0.170        0.015        0.066        69899241                    898860423                   8342699857                  8342814105                  
GPU 3           162.912           0.164        0.015        0.061        6987199166                  1587475249                  1294086405                  6907268608                  
GPU 4           163.285           0.163        0.014        0.061        1567327045                  8557688070                  6919934414                  1435226756                  
GPU 5           178.174           0.184        0.015        0.072        95976150                    925385689                   8766086768                  8766183726                  
GPU 6           177.363           0.179        0.016        0.063        75643840                    758331103                   8222543313                  8221167618                  
GPU 7           162.800           0.165        0.014        0.065        7788804152                  1379215933                  909536419                   7486612533                  
GPU 0           202.239           0.172        0.020        0.066        2622201625                  8238330726                  8444960480                  3497828550                  
GPU 1           196.656           0.174        0.018        0.068        68961725                    179811598                   10635511886                 10635390387                 
GPU 2           188.474           0.169        0.031        0.075        50076833                    898084160                   8504501330                  8504501855                  
GPU 3           187.574           0.179        0.033        0.068        7791565838                  1628303563                  1223155020                  7613017957                  
GPU 4           179.429           0.174        0.016        0.067        6021658915                  9129612961                  7537050123                  9560821166                  
GPU 5           197.491           0.190        0.024        0.074        72885387                    876868431                   15091128080                 15091129128                 
GPU 6           194.900           0.169        0.017        0.066        61958986                    243860622                   10631235248                 10631235248                 
GPU 7           175.301           0.166        0.014        0.066        8405373140                  1365839875                  897956552                   7467318523                  
GPU 0           206.617           0.192        0.056        0.070        8327548188                  7967621497                  14233346760                 13976453334                 
GPU 1           234.776           0.197        0.049        0.074        15834682                    754118470                   26181835334                 26181968984                 
GPU 2           230.124           0.194        0.065        0.073        11908162                    580897870                   19023492629                 19024767821                 
GPU 3           210.217           0.196        0.061        0.073        8837923142                  5167444362                  8628506712                  11975743000                 
GPU 4           226.257           0.199        0.037        0.074        6361455711                  9198344529                  12687523195                 10199910792                 
GPU 5           236.125           0.209        0.062        0.072        5803565                     41955694                    28228912752                 28228911179                 
GPU 6           229.167           0.193        0.047        0.075        24125046                    507954563                   25523137230                 25524304871                 
GPU 7           213.633           0.184        0.026        0.071        8635312533                  4097809894                  6289540738                  10499701690                 
GPU 0           175.257           0.204        0.044        0.076        4330237661                  9902358925                  11160850602                 6360943501                  
GPU 1           215.613           0.218        0.048        0.081        63551711                    749184279                   18939942129                 18940320011                 
GPU 2           199.010           0.218        0.022        0.083        80689091                    121784107                   26332337265                 26331178038                 
GPU 3           173.061           0.217        0.021        0.071        8856767713                  6458419228                  11428462888                 13308923106                 
GPU 4           195.094           0.217        0.057        0.074        2458719728                  9112322284                  12922391578                 2953951504                  
GPU 5           210.621           0.204        0.034        0.078        65587982                    793912292                   15503774050                 15505747050                 
GPU 6           208.866           0.212        0.051        0.079        42851630                    826663416                   20052500699                 20051547297                 
GPU 7           195.516           0.208        0.066        0.070        9143452715                  7731710428                  14042570177                 14305732872                 
GPU 0           172.339           0.182        0.019        0.071        2243155764                  8735130765                  8509338330                  2740338015                  
GPU 1           189.504           0.187        0.020        0.073        58830811                    1274403300                  11950729937                 11950352043                 
GPU 2           182.185           0.183        0.016        0.072        77391867                    998343562                   9209758464                  9209758941                  
GPU 3           167.684           0.189        0.016        0.078        8922314930                  1546287854                  1075086907                  8176481081                  
GPU 4           172.704           0.197        0.021        0.077        1414361402                  9836561970                  9439388961                  1075167042                  
GPU 5           188.693           0.192        0.017        0.076        84805156                    1085635514                  9821310928                  9819409788                  
GPU 6           188.589           0.183        0.020        0.072        67871585                    1042930985                  12021775951                 12021632692                 
GPU 7           173.139           0.182        0.015        0.070        8217878493                  1537503559                  3986709961                  8000210026                  
GPU 0           175.684           0.207        0.017        0.084        1089504486                  12713753758                 9580139993                  3449037                     
GPU 1           198.803           0.201        0.017        0.083        102707197                   1053028115                  9371955120                  9371954071                  
GPU 2           186.186           0.202        0.019        0.082        90620491                    963528223                   11331363095                 11331363677                 
GPU 3           174.440           0.208        0.019        0.073        8487684891                  2041260571                  1644959765                  9508153344                  
GPU 4           178.196           0.185        0.016        0.073        1846984942                  9648129390                  8171464286                  1710009340                  
GPU 5           196.766           0.206        0.018        0.083        106168840                   1322473709                  10376047135                 10378643323                 
GPU 6           193.265           0.190        0.016        0.076        85919135                    957443968                   9591314207                  9591322069                  
GPU 7           175.987           0.208        0.018        0.083        10040587131                 1977677843                  1203846191                  9730023671                  
GPU 0           176.825           0.191        0.019        0.075        1872831535                  9659024864                  8811097028                  1916666485                  
GPU 1           194.045           0.194        0.019        0.078        82601334                    1232664133                  10859933833                 10859934357                 
GPU 2           183.450           0.195        0.019        0.078        87766142                    1175633853                  10704156145                 10704029316                 
GPU 3           173.542           0.195        0.018        0.082        9670565229                  1956484843                  1853026643                  8654901061                  
GPU 4           176.206           0.203        0.019        0.080        1854500310                  10678272118                 9306304214                  1828268101                  
GPU 5           191.036           0.197        0.018        0.078        94241277                    1183609859                  10418388364                 10416371896                 
GPU 6           190.786           0.191        0.018        0.076        75507093                    1022659416                  10791522049                 10791633070                 
GPU 7           175.382           0.192        0.018        0.074        8822174149                  2049623618                  1400818548                  8855573420                  
GPU 0           171.977           0.197        0.019        0.078        1750952412                  10366082373                 9244667571                  1588382146                  
GPU 1           190.737           0.195        0.019        0.083        93540233                    1164829005                  10755261582                 10755261582                 
GPU 2           186.183           0.196        0.017        0.079        92629091                    1091841946                  9435116329                  9435125763                  
GPU 3           168.143           0.201        0.017        0.075        8623933253                  1474272704                  548029323                   8889391416                  
GPU 4           177.060           0.192        0.018        0.078        1234406767                  10587463834                 8684533591                  604100707                   
GPU 5           190.906           0.201        0.018        0.080        104651317                   1327598712                  10179803158                 10179510813                 
GPU 6           192.488           0.196        0.018        0.078        88793593                    1104925068                  9312247464                  9312138709                  
GPU 7           177.331           0.194        0.016        0.076        9384619179                  1492771864                  1892681397                  8796053363                  
GPU 0           177.753           0.189        0.016        0.075        1310509438                  10692554207                 8485401077                  724187358                   
GPU 1           199.753           0.185        0.017        0.079        58147950                    736439029                   9236366247                  9236265714                  
GPU 2           181.293           0.191        0.016        0.077        91881831                    1203004694                  8904419710                  8904268786                  
GPU 3           175.678           0.194        0.016        0.079        9544298402                  1324476410                  391976663                   8442108299                  
GPU 4           173.224           0.196        0.017        0.074        1342174277                  10218235470                 8479438245                  854181303                   
GPU 5           190.516           0.198        0.017        0.079        102931741                   1278793613                  9338604866                  9338867966                  
GPU 6           188.209           0.192        0.016        0.073        63608445                    786434441                   13164168657                 13168075031                 
GPU 7           172.859           0.195        0.015        0.077        9187405079                  1422306079                  647801098                   8540204523                  
GPU 0           173.601           0.179        0.023        0.070        3432777231                  9785332163                  9919502908                  4749875693                  
GPU 1           196.954           0.203        0.023        0.073        93469169                    1164252431                  14696767577                 14697785951                 
GPU 2           187.945           0.190        0.024        0.074        55107732                    1153727413                  14695725574                 14695854683                 
GPU 3           172.108           0.193        0.024        0.076        9131945234                  3507994586                  5014203820                  9986881705                  
GPU 4           178.934           0.186        0.016        0.075        3559908332                  9430982537                  10301546036                 5026987028                  
GPU 5           194.296           0.188        0.023        0.074        57353137                    740872307                   14388628642                 14388629118                 
GPU 6           194.543           0.182        0.021        0.077        80358843                    971261691                   11947655885                 11944270605                 
GPU 7           178.174           0.188        0.023        0.074        8943162999                  3210965474                  491924520                   10157324532                 
GPU 0           173.601           0.199        0.023        0.077        3432777231                  10468873440                 9217915903                  1357006536                  
GPU 1           196.954           0.203        0.018        0.081        58378665                    1164252431                  10695287984                 10694989240                 
GPU 2           182.692           0.190        0.024        0.074        55107732                    690895971                   11164573618                 11164573618                 
GPU 3           172.108           0.193        0.024        0.073        8485006739                  1917392902                  1913163370                  8941617653                  
GPU 4           174.893           0.194        0.024        0.075        3559908332                  9430982537                  8988394884                  5026987028                  
GPU 5           190.200           0.197        0.017        0.075        92304533                    740872307                   11308480486                 11308481651                 
GPU 6           190.155           0.194        0.019        0.077        80358843                    971261691                   10544510412                 10544684944                 
GPU 7           176.106           0.188        0.015        0.070        8943162999                  2054224986                  4440027284                  8821920866                  
GPU 0           167.413           0.175        0.015        0.064        1373567354                  8151987285                  7874300712                  2346153822                  
GPU 1           194.549           0.214        0.015        0.067        110518654                   739128607                   10082635780                 10082334174                 
GPU 2           178.128           0.193        0.015        0.069        74587443                    915340706                   10285508551                 10289843117                 
GPU 3           164.917           0.193        0.016        0.072        8897844942                  1932653052                  1884628461                  8638604219                  
GPU 4           172.441           0.195        0.016        0.073        1819118231                  10246500450                 8677312669                  1722437892                  
GPU 5           184.790           0.188        0.015        0.070        79573211                    991613668                   9971685547                  9971684237                  
GPU 6           185.395           0.180        0.015        0.068        86471484                    740813210                   10748728839                 10748556420                 
GPU 7           171.241           0.185        0.014        0.068        8323999522                  1909718639                  1898008376                  8414205092                  
#Entity         POWER             SMACT        TENSO        DRAMA        PCITX                       PCIRX                       NVLTX                       NVLRX                       
ID               W                                                                                                                                                                       
GPU 0           170.778           0.206        0.015        0.079        1300230756                  12055633535                 9811982124                  629937960                   
GPU 1           187.814           0.193        0.016        0.085        90169336                    1368606085                  10690376851                 10690068784                 
GPU 2           179.520           0.184        0.014        0.076        87604953                    1127827825                  9651960357                  9647751281                  
GPU 3           167.137           0.201        0.015        0.071        8586212899                  1444245936                  574284641                   9008757964                  
GPU 4           172.356           0.190        0.015        0.071        1870290223                  9769999755                  9086149567                  1884752449                  
GPU 5           187.971           0.204        0.015        0.078        103092659                   1299965747                  10087781489                 10087654540                 
GPU 6           188.967           0.199        0.015        0.077        79730271                    1043322478                  9285201301                  9285095048                  
GPU 7           171.131           0.195        0.013        0.073        9516433095                  1437798180                  638081914                   8911053980                  
GPU 0           169.793           0.190        0.014        0.072        1683686475                  10644068123                 8664025494                  710176487                   
GPU 1           193.566           0.202        0.014        0.075        93562809                    1124632744                  9273768565                  9273769041                  
GPU 2           179.565           0.196        0.014        0.075        85565461                    1077904377                  9520046863                  9520046863                  
GPU 3           167.576           0.196        0.014        0.076        9658000900                  1886891911                  1558408710                  8905299465                  
GPU 4           171.435           0.199        0.014        0.076        1236281424                  11157866554                 8788529345                  522751956                   
GPU 5           185.357           0.196        0.014        0.075        99173168                    1235727621                  9209809832                  9209924077                  
GPU 6           187.505           0.188        0.013        0.072        87188058                    1001374550                  10953850043                 10959651322                 
GPU 7           171.411           0.196        0.013        0.073        9373704486                  1424438323                  705009590                   8815600907                  
GPU 0           172.709           0.198        0.016        0.075        2554505615                  10622345320                 9380339184                  1423210315                  
GPU 1           198.989           0.195        0.017        0.078        79998037                    1190885060                  10928143652                 10928005630                 
GPU 2           184.639           0.196        0.020        0.078        79538805                    1020899741                  13673933436                 13673824809                 
GPU 3           172.055           0.204        0.018        0.077        9733484472                  2354018801                  2444995851                  9939917602                  
GPU 4           176.783           0.197        0.018        0.071        2323579008                  9957544318                  9584396087                  2635642578                  
GPU 5           192.417           0.202        0.019        0.077        82052203                    1048064437                  13074558677                 13076681314                 
GPU 6           192.895           0.189        0.019        0.075        71077395                    861382974                   12626657896                 12621550764                 
GPU 7           175.531           0.200        0.019        0.076        9809380746                  2769493249                  3275952110                  10394008074                 
GPU 0           167.231           0.190        0.019        0.073        1955650330                  9627089383                  9504106616                  3160347663                  
GPU 1           187.341           0.183        0.019        0.076        77533182                    978710965                   12664176185                 12664298831                 
GPU 2           176.831           0.202        0.014        0.072        84537784                    1045455828                  8964990648                  8965002297                  
GPU 3           164.453           0.192        0.014        0.072        8406429302                  1656151551                  1168787454                  8140150785                  
GPU 4           167.711           0.185        0.014        0.075        1471869426                  10316006694                 8073085904                  1223462405                  
GPU 5           181.928           0.201        0.016        0.077        93742544                    1151220475                  10411264050                 10409141959                 
GPU 6           183.026           0.181        0.014        0.074        65096363                    802017599                   9212333612                  9212575234                  
GPU 7           168.310           0.188        0.013        0.070        8495262122                  1482741626                  881489155                   8093687284                  
GPU 0           173.799           0.179        0.016        0.067        2930857328                  8425531135                  8093271083                  2258411392                  
GPU 1           191.966           0.188        0.015        0.071        75617935                    985486860                   9241539030                  9241414810                  
GPU 2           183.026           0.188        0.017        0.072        80475692                    965888248                   11651811193                 11651902475                 
GPU 3           172.249           0.190        0.017        0.072        8922414492                  2361529074                  2611618939                  9278994593                  
GPU 4           178.477           0.191        0.020        0.071        2904917915                  9359414886                  10176270326                 3693298391                  
GPU 5           192.603           0.177        0.017        0.066        66610429                    832566426                   11430967120                 11430967120                 
GPU 6           191.025           0.187        0.019        0.070        87822434                    1039176063                  13793443630                 13793203584                 
GPU 7           175.307           0.186        0.017        0.071        8584600126                  2441951356                  2776498170                  9052388174                  
GPU 0           174.533           0.212        0.019        0.087        2930857328                  14047146817                 8093271083                  2258411392                  
GPU 1           191.966           0.188        0.016        0.088        75617935                    1675059483                  9241539030                  9241414810                  
GPU 2           184.943           0.186        0.019        0.079        78473641                    994896278                   11651811193                 11651902475                 
GPU 3           170.726           0.190        0.018        0.077        9869173754                  2361529074                  2611618939                  9278994593                  
GPU 4           178.477           0.191        0.020        0.074        1980004942                  10277578686                 10176270326                 1841166652                  
GPU 5           194.725           0.177        0.017        0.066        66610429                    1277414984                  11430967120                 11430967120                 
GPU 6           191.025           0.203        0.019        0.073        87822434                    1272624193                  13793443630                 13793203584                 
GPU 7           179.703           0.186        0.017        0.071        9580676808                  2441951356                  3088199087                  9052388174                  
GPU 0           177.852           0.202        0.016        0.086        843569543                   9899937008                  7219189390                  4735958                     
GPU 1           188.351           0.219        0.014        0.091        161215900                   2035172242                  7934679615                  7934660397                  
GPU 2           175.983           0.202        0.016        0.088        124752939                   1541434131                  10589775536                 10589701639                 
GPU 3           177.425           0.218        0.016        0.091        11009850367                 1857480851                  544746374                   10198907218                 
GPU 4           172.666           0.227        0.016        0.078        1115255157                  11349095636                 10019270627                 4237423                     
GPU 5           187.970           0.201        0.013        0.085        172417861                   2163651740                  6787828411                  6787820550                  
GPU 6           186.051           0.223        0.015        0.082        163929923                   2029283535                  8954151236                  8954243833                  
GPU 7           171.390           0.211        0.015        0.086        11057275722                 1801473412                  544544699                   10244410034                 
