#Entity         POWER             SMACT        TENSO        DRAMA        PCITX                       PCIRX                       NVLTX                       NVLRX                       
ID               W                                                                                                                                                                       
GPU 0           116.987           0.096        0.006        0.041        3676228215                  5064205042                  0                           0                           
GPU 1           121.954           0.145        0.010        0.062        7773500657                  9248995469                  0                           0                           
GPU 2           120.478           0.070        0.005        0.030        2315612272                  3100835356                  0                           0                           
GPU 3           115.853           0.145        0.010        0.060        7991505989                  9578977936                  0                           0                           
GPU 4           120.912           0.146        0.011        0.062        7496447334                  9115963455                  0                           0                           
GPU 5           123.165           0.149        0.010        0.063        6875258829                  8688159572                  0                           0                           
GPU 6           124.291           0.148        0.009        0.061        6220606403                  8232890815                  0                           0                           
GPU 7           123.670           0.111        0.007        0.047        4373235865                  5964678976                  0                           0                           
GPU 0           99.348            0.000        0.000        0.000        3541873                     2933509                     0                           0                           
GPU 1           101.433           0.026        0.002        0.011        739912402                   1030836967                  0                           0                           
GPU 2           100.668           0.000        0.000        0.000        4148184                     3470448                     0                           0                           
GPU 3           99.704            0.032        0.002        0.014        1042670855                  1440405530                  0                           0                           
GPU 4           99.173            0.020        0.001        0.009        479037058                   702191042                   0                           0                           
GPU 5           102.396           0.007        0.000        0.003        145171297                   257900456                   0                           0                           
GPU 6           102.974           0.000        0.000        0.000        5608681                     5468237                     0                           0                           
GPU 7           104.050           0.000        0.000        0.000        3138720                     2583144                     0                           0                           
GPU 0           99.348            0.000        0.000        0.000        5904288                     2933509                     0                           0                           
GPU 1           101.401           0.000        0.002        0.011        3978376                     1030836967                  0                           0                           
GPU 2           100.668           0.000        0.000        0.000        5398953                     3470448                     0                           0                           
GPU 3           99.704            0.000        0.000        0.014        1042670855                  3140021                     0                           0                           
GPU 4           99.173            0.020        0.001        0.000        479037058                   3204436                     0                           0                           
GPU 5           102.396           0.007        0.000        0.003        145171297                   3192423                     0                           0                           
GPU 6           102.974           0.000        0.000        0.000        3324712                     5468237                     0                           0                           
GPU 7           104.050           0.000        0.000        0.000        3810792                     2583144                     0                           0                           
GPU 0           99.188            0.000        0.000        0.000        7932624                     6788012                     0                           0                           
GPU 1           101.449           0.000        0.000        0.000        8675451                     7442772                     0                           0                           
GPU 2           100.597           0.000        0.000        0.000        7846068                     6718612                     0                           0                           
GPU 3           99.514            0.000        0.000        0.000        7208208                     6165667                     0                           0                           
GPU 4           99.020            0.000        0.000        0.000        7989160                     6873760                     0                           0                           
GPU 5           102.185           0.000        0.000        0.000        8423021                     7241073                     0                           0                           
GPU 6           102.896           0.000        0.000        0.000        8084338                     6954141                     0                           0                           
GPU 7           103.738           0.000        0.000        0.000        7787233                     6689147                     0                           0                           
GPU 0           99.062            0.000        0.000        0.000        7019958                     5982665                     0                           0                           
GPU 1           101.495           0.000        0.000        0.000        7112897                     6067869                     0                           0                           
GPU 2           100.491           0.000        0.000        0.000        7582991                     6481364                     0                           0                           
GPU 3           99.418            0.000        0.000        0.000        8388117                     7174422                     0                           0                           
GPU 4           98.942            0.000        0.000        0.000        7671297                     6562743                     0                           0                           
GPU 5           102.115           0.000        0.000        0.000        7094852                     6050751                     0                           0                           
GPU 6           102.680           0.000        0.000        0.000        7532875                     6435335                     0                           0                           
GPU 7           103.722           0.000        0.000        0.000        7461375                     6385805                     0                           0                           
GPU 0           98.920            0.000        0.000        0.000        516813                      304007                      0                           0                           
GPU 1           101.261           0.000        0.000        0.000        2866253                     2366508                     0                           0                           
GPU 2           100.335           0.000        0.000        0.000        501608                      296143                      0                           0                           
GPU 3           99.354            0.000        0.000        0.000        4094547                     3432039                     0                           0                           
GPU 4           98.777            0.000        0.000        0.000        2577237                     2093972                     0                           0                           
GPU 5           101.998           0.000        0.000        0.000        2539510                     2060960                     0                           0                           
GPU 6           102.550           0.000        0.000        0.000        2535829                     2056757                     0                           0                           
GPU 7           103.707           0.000        0.000        0.000        2496490                     2027382                     0                           0                           
GPU 0           98.976            0.000        0.000        0.000        7592088                     6466849                     0                           0                           
GPU 1           101.238           0.000        0.000        0.000        6786909                     5744785                     0                           0                           
GPU 2           100.327           0.000        0.000        0.000        7392310                     6271723                     0                           0                           
GPU 3           99.283            0.000        0.000        0.000        4394215                     3651839                     0                           0                           
GPU 4           98.817            0.000        0.000        0.000        5814456                     4895612                     0                           0                           
GPU 5           102.054           0.000        0.000        0.000        6109085                     5167855                     0                           0                           
GPU 6           102.658           0.000        0.000        0.000        5741904                     4833577                     0                           0                           
GPU 7           103.642           0.000        0.000        0.000        5755327                     4841267                     0                           0                           
GPU 0           98.847            0.000        0.000        0.000        491127                      286709                      0                           0                           
GPU 1           101.126           0.000        0.000        0.000        514205                      316071                      0                           0                           
GPU 2           100.188           0.000        0.000        0.000        515244                      312920                      0                           0                           
GPU 3           99.246            0.000        0.000        0.000        3448231                     2863529                     0                           0                           
GPU 4           98.637            0.000        0.000        0.000        2138543                     1726559                     0                           0                           
GPU 5           101.939           0.000        0.000        0.000        1796395                     1431035                     0                           0                           
GPU 6           102.568           0.000        0.000        0.000        2099761                     1693017                     0                           0                           
GPU 7           103.691           0.000        0.000        0.000        2073176                     1682129                     0                           0                           
GPU 0           98.847            0.000        0.000        0.000        4190995                     3516955                     0                           0                           
GPU 1           100.976           0.000        0.000        0.000        4151990                     3495806                     0                           0                           
GPU 2           100.161           0.000        0.000        0.000        4084676                     3422154                     0                           0                           
GPU 3           99.272            0.000        0.000        0.000        3813179                     3161139                     0                           0                           
GPU 4           98.663            0.000        0.000        0.000        4079784                     3418339                     0                           0                           
GPU 5           101.956           0.000        0.000        0.000        4040070                     3384896                     0                           0                           
GPU 6           102.544           0.000        0.000        0.000        4017021                     3364989                     0                           0                           
GPU 7           103.632           0.000        0.000        0.000        3979277                     3325673                     0                           0                           
GPU 0           98.847            0.000        0.000        0.000        191367457                   3516955                     0                           0                           
GPU 1           100.980           0.000        0.000        0.000        1158392                     3495806                     0                           0                           
GPU 2           100.161           0.009        0.000        0.000        4084676                     3422154                     0                           0                           
GPU 3           99.272            0.000        0.000        0.000        3813179                     300333                      0                           0                           
GPU 4           98.663            0.000        0.000        0.000        4079784                     242526771                   0                           0                           
GPU 5           101.956           0.000        0.000        0.000        4040070                     322880503                   0                           0                           
GPU 6           102.544           0.000        0.000        0.000        82221299                    3364989                     0                           0                           
GPU 7           103.632           0.008        0.000        0.000        252843692                   3325673                     0                           0                           
GPU 0           132.677           0.077        0.013        0.027        10008896437                 9680070165                  0                           0                           
GPU 1           132.362           0.068        0.010        0.022        7599153590                  7398321983                  0                           0                           
GPU 2           135.706           0.080        0.014        0.026        10890428014                 10175187553                 0                           0                           
GPU 3           132.353           0.045        0.006        0.015        4438825556                  4551345812                  0                           0                           
GPU 4           134.073           0.077        0.014        0.027        10289895535                 9787650617                  0                           0                           
GPU 5           135.102           0.076        0.014        0.027        10797819798                 10140761780                 0                           0                           
GPU 6           137.132           0.075        0.013        0.026        9348889704                  9057559086                  0                           0                           
GPU 7           134.233           0.073        0.013        0.026        10572197534                 10023768417                 0                           0                           
GPU 0           134.132           0.075        0.016        0.026        11734586884                 10827448884                 0                           0                           
GPU 1           140.619           0.079        0.016        0.026        11891651645                 10970783758                 0                           0                           
GPU 2           135.706           0.080        0.017        0.026        11709554264                 10807748689                 0                           0                           
GPU 3           133.568           0.074        0.015        0.015        11925779369                 11006523883                 0                           0                           
GPU 4           134.073           0.077        0.014        0.026        11726247504                 10826597976                 0                           0                           
GPU 5           135.102           0.076        0.014        0.027        10797819798                 10811313040                 0                           0                           
GPU 6           137.132           0.076        0.013        0.026        11832617131                 10923297923                 0                           0                           
GPU 7           135.739           0.073        0.013        0.026        11739803117                 10023768417                 0                           0                           
GPU 0           137.822           0.079        0.021        0.025        11447733088                 10562835924                 0                           0                           
GPU 1           140.734           0.078        0.018        0.025        11487213375                 10602293842                 0                           0                           
GPU 2           142.870           0.086        0.022        0.025        11432798611                 10544986943                 0                           0                           
GPU 3           135.750           0.076        0.017        0.026        11628413760                 10729937901                 0                           0                           
GPU 4           139.115           0.080        0.021        0.025        11450522180                 10571711231                 0                           0                           
GPU 5           143.095           0.080        0.021        0.025        11441434030                 10563430883                 0                           0                           
GPU 6           143.932           0.079        0.020        0.025        11466848856                 10583424221                 0                           0                           
GPU 7           142.833           0.078        0.021        0.025        11434562553                 10560596172                 0                           0                           
GPU 0           148.126           0.085        0.027        0.025        11387136279                 10506008708                 0                           0                           
GPU 1           148.607           0.084        0.029        0.025        11433432720                 10442581008                 0                           0                           
GPU 2           148.489           0.091        0.028        0.025        11334980882                 10464500909                 0                           0                           
GPU 3           141.357           0.080        0.028        0.025        11366767305                 10547893727                 0                           0                           
GPU 4           145.979           0.088        0.028        0.025        11382864581                 10509217664                 0                           0                           
GPU 5           147.139           0.080        0.021        0.025        11441434030                 10498267478                 0                           0                           
GPU 6           143.932           0.084        0.020        0.025        11411566952                 10537893357                 0                           0                           
GPU 7           147.737           0.085        0.021        0.025        11385734637                 10560596172                 0                           0                           
GPU 0           138.819           0.094        0.023        0.030        10949736117                 10486696920                 0                           0                           
GPU 1           151.757           0.092        0.020        0.035        10154251590                 10195534406                 0                           0                           
GPU 2           143.564           0.103        0.020        0.034        10297375574                 10030085083                 0                           0                           
GPU 3           138.998           0.087        0.021        0.032        10512406694                 10274523281                 0                           0                           
GPU 4           143.179           0.099        0.021        0.033        10467741532                 10253870814                 0                           0                           
GPU 5           144.256           0.099        0.020        0.034        10314181760                 10168738006                 0                           0                           
GPU 6           143.841           0.088        0.028        0.025        11354019417                 10474341967                 0                           0                           
GPU 7           143.738           0.086        0.027        0.026        11514213955                 10634208829                 0                           0                           
#Entity         POWER             SMACT        TENSO        DRAMA        PCITX                       PCIRX                       NVLTX                       NVLRX                       
ID               W                                                                                                                                                                       
GPU 0           141.297           0.133        0.010        0.051        7432625093                  8367081964                  0                           0                           
GPU 1           147.422           0.105        0.011        0.054        7512596565                  8368852483                  0                           0                           
GPU 2           140.138           0.131        0.011        0.052        7493380232                  8491689539                  0                           0                           
GPU 3           138.332           0.098        0.010        0.052        7517183137                  8787782046                  0                           0                           
GPU 4           142.086           0.135        0.011        0.053        7520559294                  8641575862                  0                           0                           
GPU 5           144.326           0.131        0.011        0.053        7494292165                  8554325560                  0                           0                           
GPU 6           145.742           0.113        0.015        0.041        8929275109                  9421932048                  0                           0                           
GPU 7           141.971           0.124        0.010        0.047        7805625818                  8858856515                  0                           0                           
GPU 0           142.885           0.138        0.011        0.055        7582969777                  8328452455                  0                           0                           
GPU 1           146.509           0.136        0.011        0.055        7455781380                  8283056279                  0                           0                           
GPU 2           140.981           0.134        0.011        0.054        7532818097                  8623931260                  0                           0                           
GPU 3           137.833           0.136        0.011        0.054        7507168069                  8658845856                  0                           0                           
GPU 4           142.082           0.137        0.011        0.055        7496290427                  8473701455                  0                           0                           
GPU 5           143.202           0.133        0.011        0.054        7540829545                  8543754642                  0                           0                           
GPU 6           145.039           0.135        0.010        0.054        7467973286                  8805893183                  0                           0                           
GPU 7           142.508           0.135        0.010        0.053        7640778836                  8575834403                  0                           0                           
GPU 0           141.665           0.134        0.011        0.053        7369462340                  8533828969                  0                           0                           
GPU 1           146.960           0.137        0.011        0.055        7366679605                  8005242900                  0                           0                           
GPU 2           139.925           0.132        0.011        0.054        7415852248                  8785230025                  0                           0                           
GPU 3           138.418           0.135        0.011        0.053        7423150058                  8771663634                  0                           0                           
GPU 4           142.711           0.136        0.011        0.055        7391118514                  8567798121                  0                           0                           
GPU 5           144.257           0.132        0.011        0.054        7385541417                  8511599359                  0                           0                           
GPU 6           145.936           0.134        0.010        0.053        7426596509                  8784787237                  0                           0                           
GPU 7           142.288           0.132        0.010        0.052        7387683627                  8497560869                  0                           0                           
GPU 0           142.958           0.135        0.011        0.054        7407082462                  8447931525                  0                           0                           
GPU 1           147.214           0.136        0.011        0.055        7348596032                  8226659905                  0                           0                           
GPU 2           141.748           0.132        0.011        0.053        7401678601                  8684044892                  0                           0                           
GPU 3           139.356           0.135        0.011        0.054        7389001570                  8676668937                  0                           0                           
GPU 4           143.513           0.135        0.011        0.054        7384019156                  8533475927                  0                           0                           
GPU 5           144.260           0.131        0.011        0.053        7409337626                  8540059635                  0                           0                           
GPU 6           145.984           0.133        0.010        0.053        7396203228                  8792350980                  0                           0                           
GPU 7           142.697           0.133        0.010        0.052        7444015888                  8681608365                  0                           0                           
GPU 0           142.958           0.135        0.011        0.054        7363106324                  8447931525                  0                           0                           
GPU 1           147.214           0.135        0.011        0.055        7348596032                  8226659905                  0                           0                           
GPU 2           141.748           0.131        0.011        0.053        7392991381                  8684044892                  0                           0                           
GPU 3           139.356           0.135        0.011        0.054        7389001570                  8676668937                  0                           0                           
GPU 4           143.513           0.135        0.011        0.054        7384019156                  8702215155                  0                           0                           
GPU 5           144.260           0.131        0.011        0.053        7409337626                  8627120003                  0                           0                           
GPU 6           145.984           0.133        0.010        0.053        7396203228                  8792350980                  0                           0                           
GPU 7           142.697           0.132        0.010        0.052        7400566351                  8681608365                  0                           0                           
GPU 0           139.095           0.134        0.011        0.053        7345287210                  8457139839                  0                           0                           
GPU 1           147.700           0.135        0.011        0.055        7310522072                  7313978955                  0                           0                           
GPU 2           139.917           0.132        0.011        0.053        7373352390                  8726331784                  0                           0                           
GPU 3           135.133           0.135        0.010        0.053        7372626051                  8723925145                  0                           0                           
GPU 4           143.432           0.135        0.011        0.055        7346860447                  8625061852                  0                           0                           
GPU 5           144.843           0.132        0.011        0.054        7363032889                  8684964119                  0                           0                           
GPU 6           144.842           0.133        0.010        0.052        7402637276                  8797178426                  0                           0                           
GPU 7           142.511           0.131        0.010        0.052        7364428254                  8672118876                  0                           0                           
GPU 0           139.095           0.127        0.010        0.050        6854968266                  7927820580                  0                           0                           
GPU 1           144.200           0.126        0.010        0.051        6738635503                  7313978955                  0                           0                           
GPU 2           137.721           0.125        0.010        0.050        6875536831                  8759015502                  0                           0                           
GPU 3           139.252           0.127        0.011        0.050        6812791231                  8068068407                  0                           0                           
GPU 4           140.160           0.135        0.011        0.052        6880931387                  7915571915                  0                           0                           
GPU 5           141.090           0.125        0.010        0.051        6849713918                  7806255657                  0                           0                           
GPU 6           143.828           0.131        0.010        0.051        7267243372                  8342451602                  0                           0                           
GPU 7           139.480           0.124        0.010        0.049        6724024888                  7757750591                  0                           0                           
GPU 0           136.439           0.127        0.012        0.050        8040758298                  8770383541                  0                           0                           
GPU 1           146.359           0.136        0.011        0.056        7339980192                  9767788363                  0                           0                           
GPU 2           140.936           0.120        0.012        0.047        8627474838                  8022967684                  0                           0                           
GPU 3           134.093           0.136        0.014        0.055        7381528555                  8749227546                  0                           0                           
GPU 4           141.241           0.130        0.010        0.045        9013733672                  9528886259                  0                           0                           
GPU 5           144.886           0.127        0.012        0.051        7924622337                  8887584935                  0                           0                           
GPU 6           146.914           0.129        0.010        0.040        7034432711                  9162567648                  0                           0                           
GPU 7           143.439           0.133        0.010        0.053        7393513499                  8683574367                  0                           0                           
GPU 0           136.439           0.087        0.015        0.029        10457681142                 9756494234                  0                           0                           
GPU 1           139.800           0.082        0.015        0.033        11335179081                 9767788363                  0                           0                           
GPU 2           139.251           0.085        0.015        0.028        10773101574                 9955336007                  0                           0                           
GPU 3           134.332           0.078        0.015        0.037        9614205716                  10505848870                 0                           0                           
GPU 4           132.412           0.080        0.015        0.027        10889187686                 10064619159                 0                           0                           
GPU 5           138.270           0.082        0.015        0.028        11081358321                 10271246110                 0                           0                           
GPU 6           138.516           0.108        0.016        0.027        11510318749                 10633262492                 0                           0                           
GPU 7           136.098           0.076        0.015        0.027        11332413993                 10467441182                 0                           0                           
GPU 0           137.682           0.078        0.016        0.027        11739922745                 10838370900                 0                           0                           
GPU 1           143.509           0.113        0.016        0.027        9295390556                  9351345502                  0                           0                           
GPU 2           139.267           0.089        0.015        0.029        10754096456                 10073270314                 0                           0                           
GPU 3           134.993           0.109        0.013        0.027        11379723039                 9757778753                  0                           0                           
GPU 4           137.768           0.103        0.014        0.036        9672473917                  9509891278                  0                           0                           
GPU 5           138.368           0.107        0.013        0.038        9634139357                  9663649946                  0                           0                           
GPU 6           143.445           0.081        0.013        0.038        9527340866                  9589332365                  0                           0                           
GPU 7           139.259           0.108        0.012        0.038        9469972562                  9671311374                  0                           0                           
GPU 0           140.037           0.109        0.013        0.038        9451853500                  9587942297                  0                           0                           
GPU 1           144.999           0.134        0.013        0.040        7397376497                  7994766411                  0                           0                           
GPU 2           137.297           0.119        0.011        0.043        9068256265                  9728900838                  0                           0                           
GPU 3           135.942           0.133        0.008        0.038        9768465994                  8839537343                  0                           0                           
GPU 4           139.121           0.121        0.011        0.044        8947456823                  9551026520                  0                           0                           
GPU 5           141.443           0.129        0.009        0.049        7514127153                  8667195718                  0                           0                           
GPU 6           143.016           0.110        0.008        0.049        7498786026                  9002379327                  0                           0                           
GPU 7           140.119           0.130        0.008        0.049        7488473233                  8636404358                  0                           0                           
GPU 0           138.791           0.133        0.009        0.050        7388710747                  8512196310                  0                           0                           
GPU 1           143.956           0.135        0.009        0.051        7357586620                  8113181221                  0                           0                           
GPU 2           138.586           0.131        0.009        0.051        7437578181                  8784430303                  0                           0                           
GPU 3           135.128           0.134        0.009        0.049        7494754260                  8772241891                  0                           0                           
GPU 4           140.388           0.134        0.009        0.052        7437390103                  8621920838                  0                           0                           
GPU 5           142.506           0.129        0.009        0.050        7382436168                  8695325434                  0                           0                           
GPU 6           142.631           0.132        0.009        0.050        7414848981                  8909620778                  0                           0                           
GPU 7           140.668           0.131        0.008        0.049        7392192157                  8696444983                  0                           0                           
GPU 0           139.878           0.133        0.009        0.051        7446617934                  8533747471                  0                           0                           
GPU 1           145.776           0.136        0.009        0.052        7364385012                  8056833839                  0                           0                           
GPU 2           137.124           0.133        0.009        0.052        7403383812                  8818888688                  0                           0                           
GPU 3           136.559           0.135        0.009        0.050        7421434318                  8850626951                  0                           0                           
GPU 4           140.927           0.134        0.009        0.052        7397533427                  8757214920                  0                           0                           
GPU 5           142.553           0.130        0.009        0.051        7396123680                  8567416621                  0                           0                           
GPU 6           142.160           0.132        0.009        0.050        7413417651                  8740268828                  0                           0                           
GPU 7           140.193           0.131        0.008        0.050        7482932164                  8840596743                  0                           0                           
GPU 0           140.448           0.134        0.009        0.051        7364514360                  8600995130                  0                           0                           
GPU 1           144.284           0.136        0.009        0.053        7347890733                  8136726021                  0                           0                           
GPU 2           138.893           0.132        0.009        0.051        7408544221                  8787853721                  0                           0                           
GPU 3           137.200           0.136        0.009        0.051        7398730996                  8656561144                  0                           0                           
GPU 4           141.216           0.135        0.009        0.052        7424549009                  8655669366                  0                           0                           
GPU 5           143.313           0.132        0.009        0.052        7423088277                  8584678028                  0                           0                           
GPU 6           144.037           0.134        0.009        0.051        7430672142                  8877577365                  0                           0                           
GPU 7           139.579           0.132        0.009        0.050        7385122611                  8723071874                  0                           0                           
#Entity         POWER             SMACT        TENSO        DRAMA        PCITX                       PCIRX                       NVLTX                       NVLRX                       
ID               W                                                                                                                                                                       
GPU 0           140.448           0.134        0.009        0.051        7408497199                  8600995130                  0                           0                           
GPU 1           145.671           0.137        0.009        0.053        7390025454                  8136726021                  0                           0                           
GPU 2           139.275           0.133        0.009        0.052        7440535751                  8787853721                  0                           0                           
GPU 3           136.684           0.137        0.009        0.052        7398730996                  8795668862                  0                           0                           
GPU 4           140.305           0.135        0.009        0.053        7428588129                  8658294368                  0                           0                           
GPU 5           141.548           0.132        0.009        0.052        7394583527                  8636793342                  0                           0                           
GPU 6           143.954           0.134        0.009        0.051        7429239407                  9004671253                  0                           0                           
GPU 7           139.579           0.133        0.009        0.051        7401683224                  8573853372                  0                           0                           
GPU 0           139.444           0.135        0.009        0.052        7363883763                  8487405987                  0                           0                           
GPU 1           144.257           0.128        0.009        0.050        7083702698                  7667537498                  0                           0                           
GPU 2           136.175           0.125        0.009        0.048        7167792484                  8240246883                  0                           0                           
GPU 3           134.009           0.127        0.009        0.048        7152458535                  8327966479                  0                           0                           
GPU 4           139.987           0.127        0.009        0.048        7095932198                  8082006623                  0                           0                           
GPU 5           141.632           0.125        0.009        0.052        7456768137                  8136724784                  0                           0                           
GPU 6           142.024           0.135        0.009        0.052        7458567905                  8856913513                  0                           0                           
GPU 7           138.905           0.133        0.009        0.051        7392880884                  8699975371                  0                           0                           
GPU 0           143.901           0.131        0.009        0.049        7322628098                  8088638390                  0                           0                           
GPU 1           147.278           0.139        0.010        0.054        7552854501                  8295209874                  0                           0                           
GPU 2           142.065           0.136        0.009        0.053        7617184481                  8681256553                  0                           0                           
GPU 3           138.536           0.141        0.009        0.054        7612854754                  8717680886                  0                           0                           
GPU 4           142.362           0.140        0.010        0.055        7636326906                  8548555497                  0                           0                           
GPU 5           143.889           0.133        0.009        0.048        7119853079                  8795336279                  0                           0                           
GPU 6           144.767           0.126        0.009        0.047        7179484774                  8322107781                  0                           0                           
GPU 7           142.192           0.128        0.009        0.048        7296334075                  8314632976                  0                           0                           
GPU 0           138.088           0.131        0.016        0.049        11811163615                 8088638390                  0                           0                           
GPU 1           141.221           0.097        0.010        0.054        11612123607                 10888821552                 0                           0                           
GPU 2           142.065           0.113        0.016        0.037        11488231390                 8681256553                  0                           0                           
GPU 3           135.984           0.113        0.015        0.054        7612854754                  10674735867                 0                           0                           
GPU 4           142.362           0.140        0.010        0.036        11710460834                 10969643224                 0                           0                           
GPU 5           143.889           0.133        0.010        0.052        8211998593                  10979711151                 0                           0                           
GPU 6           144.767           0.126        0.010        0.034        11801561330                 11014174373                 0                           0                           
GPU 7           140.438           0.098        0.011        0.048        11707435774                 8877751844                  0                           0                           
GPU 0           144.080           0.139        0.010        0.063        9333106953                  10263674665                 0                           0                           
GPU 1           147.626           0.140        0.009        0.058        8443166723                  9465914617                  0                           0                           
GPU 2           141.074           0.101        0.014        0.034        11271776784                 10684225981                 0                           0                           
GPU 3           139.831           0.096        0.015        0.033        11494182939                 10767219882                 0                           0                           
GPU 4           144.442           0.102        0.014        0.035        11091316535                 10655211953                 0                           0                           
GPU 5           146.796           0.113        0.013        0.041        10406440963                 10330842149                 0                           0                           
GPU 6           146.647           0.120        0.012        0.045        9796165997                  10205895991                 0                           0                           
GPU 7           144.473           0.127        0.011        0.050        9652636783                  10418584204                 0                           0                           
GPU 0           144.080           0.139        0.009        0.063        8448764776                  10263674665                 0                           0                           
GPU 1           148.351           0.141        0.009        0.058        8425920039                  9465914617                  0                           0                           
GPU 2           141.074           0.139        0.010        0.059        8458202862                  10684225981                 0                           0                           
GPU 3           139.211           0.140        0.009        0.033        11494182939                 9400873533                  0                           0                           
GPU 4           144.442           0.102        0.014        0.059        8480777791                  10068026707                 0                           0                           
GPU 5           146.796           0.113        0.013        0.041        10406440963                 9715111753                  0                           0                           
GPU 6           146.647           0.120        0.012        0.057        8448557113                  9710225679                  0                           0                           
GPU 7           144.473           0.139        0.011        0.050        8453413413                  10418584204                 0                           0                           
GPU 0           144.060           0.140        0.011        0.058        8614639621                  9392820780                  0                           0                           
GPU 1           146.891           0.141        0.010        0.059        8569246069                  9550426962                  0                           0                           
GPU 2           141.004           0.136        0.011        0.056        8578848847                  9685632915                  0                           0                           
GPU 3           140.471           0.140        0.009        0.057        8458369888                  9317340736                  0                           0                           
GPU 4           145.168           0.141        0.010        0.059        8443302149                  9827866319                  0                           0                           
GPU 5           146.636           0.138        0.009        0.058        8454265252                  9673235978                  0                           0                           
GPU 6           146.903           0.140        0.009        0.058        8408003555                  9640812701                  0                           0                           
GPU 7           144.078           0.141        0.009        0.057        8419056212                  9689881864                  0                           0                           
GPU 0           140.639           0.112        0.015        0.038        11386322275                 10621488289                 0                           0                           
GPU 1           148.135           0.115        0.015        0.038        11056933608                 10342420548                 0                           0                           
GPU 2           143.619           0.115        0.016        0.038        11527692733                 10763573436                 0                           0                           
GPU 3           138.079           0.138        0.010        0.057        8419702563                  9246330066                  0                           0                           
GPU 4           141.653           0.135        0.011        0.054        8828484280                  9629750921                  0                           0                           
GPU 5           143.960           0.127        0.012        0.050        9428889934                  9667431606                  0                           0                           
GPU 6           146.063           0.124        0.013        0.046        9648023617                  9739637476                  0                           0                           
GPU 7           142.444           0.118        0.014        0.042        10284017597                 9893585773                  0                           0                           
GPU 0           141.607           0.112        0.013        0.038        9886243732                  10621488289                 0                           0                           
GPU 1           147.665           0.116        0.015        0.038        10538426550                 10074751204                 0                           0                           
GPU 2           143.619           0.120        0.012        0.044        9705590874                  10763573436                 0                           0                           
GPU 3           138.010           0.112        0.012        0.057        8419702563                  10865670882                 0                           0                           
GPU 4           141.653           0.135        0.011        0.046        9768196113                  10005205416                 0                           0                           
GPU 5           143.960           0.127        0.012        0.050        9428889934                  10607508936                 0                           0                           
GPU 6           146.063           0.124        0.013        0.051        11709377356                 9635890380                  0                           0                           
GPU 7           142.444           0.106        0.014        0.042        11385237429                 9893585773                  0                           0                           
GPU 0           144.295           0.141        0.009        0.058        8441555315                  9245612846                  0                           0                           
GPU 1           146.914           0.139        0.009        0.057        8314347157                  9224657198                  0                           0                           
GPU 2           141.021           0.139        0.009        0.058        8487460225                  9663118117                  0                           0                           
GPU 3           139.718           0.125        0.009        0.058        8419505713                  9464013426                  0                           0                           
GPU 4           144.711           0.141        0.009        0.058        8490012631                  9955801816                  0                           0                           
GPU 5           146.101           0.139        0.009        0.058        8424630930                  9661625215                  0                           0                           
GPU 6           147.138           0.140        0.009        0.057        8933515336                  9705609435                  0                           0                           
GPU 7           144.034           0.134        0.010        0.053        8529561712                  9449513621                  0                           0                           
GPU 0           144.295           0.141        0.010        0.058        8677561819                  9245612846                  0                           0                           
GPU 1           146.704           0.141        0.009        0.057        8438832151                  9224657198                  0                           0                           
GPU 2           141.021           0.132        0.011        0.053        9057051210                  9663118117                  0                           0                           
GPU 3           138.323           0.141        0.011        0.058        8419505713                  9378550566                  0                           0                           
GPU 4           144.711           0.141        0.009        0.053        9245693652                  10073297093                 0                           0                           
GPU 5           146.101           0.139        0.009        0.058        8424630930                  9516837329                  0                           0                           
GPU 6           147.138           0.140        0.009        0.051        8449218422                  10033797726                 0                           0                           
GPU 7           144.034           0.140        0.010        0.053        8464035680                  9449513621                  0                           0                           
GPU 0           141.229           0.110        0.014        0.039        10419203148                 9955690515                  0                           0                           
GPU 1           144.250           0.121        0.013        0.043        9864465769                  9706246115                  0                           0                           
GPU 2           139.613           0.106        0.014        0.038        10456668719                 10109381287                 0                           0                           
GPU 3           134.571           0.129        0.013        0.049        10281133511                 9663150681                  0                           0                           
GPU 4           140.901           0.132        0.011        0.038        10017987910                 9803112436                  0                           0                           
GPU 5           143.887           0.128        0.011        0.050        9262787412                  9733570826                  0                           0                           
GPU 6           146.235           0.105        0.011        0.037        9347462470                  9895622607                  0                           0                           
GPU 7           140.281           0.126        0.009        0.057        9346656216                  9685485924                  0                           0                           
GPU 0           139.417           0.108        0.014        0.038        10938271509                 10506329274                 0                           0                           
GPU 1           146.649           0.105        0.015        0.036        11135954980                 10528820655                 0                           0                           
GPU 2           139.897           0.109        0.014        0.038        10801041643                 10322249869                 0                           0                           
GPU 3           135.756           0.106        0.015        0.037        11309941173                 9914567493                  0                           0                           
GPU 4           139.130           0.111        0.015        0.038        11174856397                 10801679371                 0                           0                           
GPU 5           142.075           0.104        0.014        0.037        11044121031                 10186171696                 0                           0                           
GPU 6           143.047           0.109        0.015        0.037        10020819279                 10978365140                 0                           0                           
GPU 7           139.393           0.107        0.014        0.038        10659949613                 10252516368                 0                           0                           
GPU 0           142.397           0.104        0.014        0.037        10574852516                 10244669413                 0                           0                           
GPU 1           144.187           0.103        0.014        0.035        10704994758                 10153076966                 0                           0                           
GPU 2           142.426           0.117        0.013        0.043        10236169975                 10238234900                 0                           0                           
GPU 3           137.585           0.106        0.013        0.044        10295392684                 10673361120                 0                           0                           
GPU 4           142.798           0.116        0.013        0.042        10509638631                 10494065446                 0                           0                           
GPU 5           145.437           0.118        0.013        0.045        10382124414                 10499754349                 0                           0                           
GPU 6           145.571           0.116        0.013        0.042        11307724510                 10728681244                 0                           0                           
GPU 7           142.681           0.100        0.014        0.035        10986001780                 10427446224                 0                           0                           
#Entity         POWER             SMACT        TENSO        DRAMA        PCITX                       PCIRX                       NVLTX                       NVLRX                       
ID               W                                                                                                                                                                       
GPU 0           144.162           0.136        0.011        0.055        9277390154                  9844411086                  0                           0                           
GPU 1           148.482           0.133        0.012        0.053        9615809335                  10269302381                 0                           0                           
GPU 2           141.880           0.137        0.011        0.056        8984805889                  10151864493                 0                           0                           
GPU 3           139.451           0.117        0.010        0.058        8431624336                  10194673448                 0                           0                           
GPU 4           144.308           0.140        0.010        0.058        8785691255                  10149993520                 0                           0                           
GPU 5           146.228           0.138        0.010        0.059        8424464552                  10477693832                 0                           0                           
GPU 6           147.445           0.140        0.010        0.057        10551016281                 9776892592                  0                           0                           
GPU 7           144.242           0.121        0.012        0.046        10049028120                 10512851403                 0                           0                           
GPU 0           144.162           0.136        0.010        0.055        8415080678                  9844411086                  0                           0                           
GPU 1           147.529           0.141        0.012        0.053        8438153507                  10269302381                 0                           0                           
GPU 2           141.880           0.134        0.011        0.055        8178591762                  10151864493                 0                           0                           
GPU 3           139.451           0.140        0.011        0.058        8431624336                  9460739507                  0                           0                           
GPU 4           144.308           0.140        0.010        0.056        8785691255                  9394316323                  0                           0                           
GPU 5           146.228           0.138        0.010        0.059        8424464552                  9704025225                  0                           0                           
GPU 6           147.445           0.140        0.010        0.053        8588796449                  9776892592                  0                           0                           
GPU 7           144.242           0.139        0.012        0.046        8414086932                  10512851403                 0                           0                           
GPU 0           141.155           0.140        0.012        0.059        8958536263                  9477951067                  0                           0                           
GPU 1           147.100           0.129        0.012        0.049        8983330644                  9205454399                  0                           0                           
GPU 2           139.600           0.124        0.013        0.045        9810861165                  9203387981                  0                           0                           
GPU 3           140.615           0.132        0.013        0.052        8971568676                  9203504885                  0                           0                           
GPU 4           140.248           0.137        0.010        0.045        9880860746                  9871939895                  0                           0                           
GPU 5           145.388           0.130        0.011        0.051        8913703654                  9358700231                  0                           0                           
GPU 6           145.887           0.134        0.011        0.044        8479415889                  10018668276                 0                           0                           
GPU 7           142.582           0.128        0.011        0.050        8896047150                  9452708395                  0                           0                           
GPU 0           141.155           0.126        0.015        0.047        11441800644                 8906285269                  0                           0                           
GPU 1           147.113           0.124        0.014        0.043        10916963677                 9205454399                  0                           0                           
GPU 2           144.779           0.124        0.015        0.043        11178452821                 9750321027                  0                           0                           
GPU 3           136.384           0.123        0.013        0.045        9868769214                  10410748406                 0                           0                           
GPU 4           143.490           0.124        0.013        0.045        10954122074                 11552148826                 0                           0                           
GPU 5           145.470           0.119        0.015        0.042        11252458615                 11619363211                 0                           0                           
GPU 6           145.719           0.122        0.013        0.045        10038663093                 11031722338                 0                           0                           
GPU 7           142.582           0.122        0.014        0.044        10533302316                 11140588553                 0                           0                           
GPU 0           144.788           0.120        0.011        0.042        8733421219                  11868008664                 0                           0                           
GPU 1           146.163           0.127        0.012        0.047        9429863867                  9560424270                  0                           0                           
GPU 2           139.889           0.130        0.010        0.052        8479475119                  11715734449                 0                           0                           
GPU 3           138.827           0.125        0.009        0.045        9991858828                  10059575783                 0                           0                           
GPU 4           142.076           0.126        0.014        0.054        8168414849                  8915349859                  0                           0                           
GPU 5           144.307           0.130        0.011        0.051        8826219077                  9221053551                  0                           0                           
GPU 6           146.406           0.125        0.014        0.054        10508906282                 9460786795                  0                           0                           
GPU 7           144.231           0.125        0.012        0.046        9727170879                  9787823909                  0                           0                           
GPU 0           137.882           0.131        0.009        0.051        8420777500                  9231848922                  0                           0                           
GPU 1           147.091           0.140        0.009        0.057        8407673957                  9684161348                  0                           0                           
GPU 2           141.203           0.137        0.009        0.057        8432446712                  8977260718                  0                           0                           
GPU 3           133.712           0.139        0.009        0.057        8370545599                  9382005506                  0                           0                           
GPU 4           143.799           0.135        0.010        0.058        8460791993                  9670807756                  0                           0                           
GPU 5           145.194           0.137        0.009        0.057        8425893243                  9733801517                  0                           0                           
GPU 6           147.180           0.136        0.009        0.053        8320154951                  9215385329                  0                           0                           
GPU 7           140.701           0.139        0.009        0.056        8423174339                  9749671234                  0                           0                           
GPU 0           134.573           0.139        0.009        0.057        7559967650                  9484636190                  0                           0                           
GPU 1           141.715           0.123        0.009        0.048        7837977608                  8378012706                  0                           0                           
GPU 2           134.406           0.108        0.009        0.040        7479714788                  9721027934                  0                           0                           
GPU 3           132.302           0.134        0.011        0.053        8330128331                  9326745438                  0                           0                           
GPU 4           136.812           0.140        0.009        0.036        7019082352                  6995563489                  0                           0                           
GPU 5           139.042           0.115        0.009        0.044        7578058824                  8030940255                  0                           0                           
GPU 6           139.372           0.134        0.009        0.034        8307674272                  7999999301                  0                           0                           
GPU 7           137.598           0.124        0.009        0.048        8002023608                  8668583590                  0                           0                           
GPU 0           132.957           0.113        0.011        0.044        8810244052                  7953592017                  0                           0                           
GPU 1           140.818           0.101        0.011        0.036        8368376017                  8397172832                  0                           0                           
GPU 2           134.037           0.099        0.012        0.034        9034433876                  7611105487                  0                           0                           
GPU 3           131.545           0.094        0.011        0.033        8269425459                  7986635507                  0                           0                           
GPU 4           133.482           0.102        0.009        0.035        9277579441                  9032879432                  0                           0                           
GPU 5           135.412           0.098        0.011        0.036        8302481198                  8293701067                  0                           0                           
GPU 6           136.702           0.097        0.010        0.036        8082469745                  8959231660                  0                           0                           
GPU 7           135.938           0.099        0.011        0.036        8682674418                  8707602739                  0                           0                           
GPU 0           132.107           0.093        0.012        0.033        9311579533                  8856694817                  0                           0                           
GPU 1           138.365           0.095        0.011        0.032        9485281670                  9011343925                  0                           0                           
GPU 2           134.694           0.096        0.012        0.032        9315618188                  8864650213                  0                           0                           
GPU 3           130.191           0.102        0.012        0.036        9000849928                  8733178873                  0                           0                           
GPU 4           135.021           0.099        0.012        0.032        9637278592                  9111428344                  0                           0                           
GPU 5           138.490           0.097        0.014        0.033        10302913928                 9804019454                  0                           0                           
GPU 6           139.879           0.094        0.011        0.032        8865525681                  9064268799                  0                           0                           
GPU 7           133.957           0.093        0.011        0.032        8792366163                  8474298660                  0                           0                           
GPU 0           142.214           0.100        0.010        0.038        7819728793                  7799521514                  0                           0                           
GPU 1           139.776           0.095        0.009        0.058        8079771381                  7796425443                  0                           0                           
GPU 2           141.754           0.113        0.009        0.044        7299080341                  7888210895                  0                           0                           
GPU 3           137.662           0.095        0.009        0.045        7478310222                  8539796559                  0                           0                           
GPU 4           143.787           0.112        0.009        0.043        7181233562                  7726294701                  0                           0                           
GPU 5           146.139           0.139        0.010        0.034        7820396594                  7778974557                  0                           0                           
GPU 6           148.055           0.113        0.013        0.043        9489543486                  7650215973                  0                           0                           
GPU 7           142.059           0.088        0.011        0.029        8155704618                  7695314060                  0                           0                           
GPU 0           146.025           0.141        0.010        0.059        8453217211                  9630699424                  0                           0                           
GPU 1           148.268           0.139        0.010        0.057        8802472156                  9732388844                  0                           0                           
GPU 2           143.799           0.138        0.010        0.058        8420885546                  9533335332                  0                           0                           
GPU 3           139.941           0.139        0.010        0.057        8695171255                  9619562893                  0                           0                           
GPU 4           144.296           0.140        0.010        0.058        8654723519                  9649901373                  0                           0                           
GPU 5           146.093           0.138        0.010        0.058        8452760965                  9570137352                  0                           0                           
GPU 6           150.763           0.138        0.009        0.056        8733707279                  9862275466                  0                           0                           
GPU 7           145.233           0.139        0.009        0.056        8782667560                  9504480872                  0                           0                           
GPU 0           142.073           0.137        0.011        0.055        8939780016                  9502803770                  0                           0                           
GPU 1           148.611           0.124        0.014        0.045        10233021726                 10027103824                 0                           0                           
GPU 2           141.838           0.133        0.011        0.052        9121871149                  9552744136                  0                           0                           
GPU 3           137.937           0.123        0.013        0.045        10220307396                 10093431794                 0                           0                           
GPU 4           141.846           0.134        0.012        0.052        9188786268                  9660394523                  0                           0                           
GPU 5           145.121           0.119        0.011        0.057        8907958299                  9903507836                  0                           0                           
GPU 6           146.913           0.132        0.010        0.050        9623333644                  9752813156                  0                           0                           
GPU 7           142.901           0.122        0.010        0.056        10129500548                 9823177660                  0                           0                           
GPU 0           142.073           0.137        0.015        0.055        11192172239                 9502803770                  0                           0                           
GPU 1           143.075           0.091        0.014        0.045        12041855687                 10027103824                 0                           0                           
GPU 2           141.838           0.099        0.011        0.033        11753772455                 9552744136                  0                           0                           
GPU 3           137.937           0.087        0.016        0.045        10220307396                 11266662343                 0                           0                           
GPU 4           141.846           0.134        0.012        0.033        9188786268                  11041303375                 0                           0                           
GPU 5           145.121           0.119        0.014        0.044        10413508858                 11153797263                 0                           0                           
GPU 6           146.913           0.132        0.012        0.030        12006911317                 9752813156                  0                           0                           
GPU 7           142.901           0.087        0.013        0.045        11932586526                 9982416600                  0                           0                           
GPU 0           142.402           0.097        0.015        0.035        11361920169                 10970084494                 0                           0                           
GPU 1           149.708           0.125        0.013        0.046        9899767122                  9929215978                  0                           0                           
GPU 2           139.718           0.113        0.014        0.040        11143909008                 10793806276                 0                           0                           
GPU 3           140.773           0.123        0.013        0.045        9882369588                  9744772940                  0                           0                           
GPU 4           140.956           0.114        0.015        0.040        11349814967                 10911380167                 0                           0                           
GPU 5           143.012           0.123        0.015        0.031        11847436317                 9792495154                  0                           0                           
GPU 6           147.661           0.121        0.016        0.044        9974642797                  9926353231                  0                           0                           
GPU 7           141.284           0.120        0.015        0.030        10078936500                 11192913314                 0                           0                           
#Entity         POWER             SMACT        TENSO        DRAMA        PCITX                       PCIRX                       NVLTX                       NVLRX                       
ID               W                                                                                                                                                                       
GPU 0           144.145           0.124        0.013        0.046        9892328701                  9849118206                  0                           0                           
GPU 1           148.830           0.140        0.010        0.058        8441048989                  9449906232                  0                           0                           
GPU 2           141.343           0.126        0.012        0.048        9240116402                  9541837274                  0                           0                           
GPU 3           140.259           0.140        0.010        0.045        8449017633                  9532369510                  0                           0                           
GPU 4           140.956           0.114        0.015        0.053        8524216178                  9116747264                  0                           0                           
GPU 5           145.940           0.123        0.013        0.046        9885459206                  9700209114                  0                           0                           
GPU 6           147.661           0.139        0.013        0.056        8589006627                  9634364011                  0                           0                           
GPU 7           145.398           0.139        0.013        0.044        8431796198                  9934620017                  0                           0                           
GPU 0           143.875           0.141        0.010        0.059        8425770415                  9531086951                  0                           0                           
GPU 1           148.059           0.136        0.011        0.055        8870394724                  9711722866                  0                           0                           
GPU 2           142.595           0.139        0.010        0.059        8440951964                  9572039443                  0                           0                           
GPU 3           138.614           0.135        0.011        0.054        8847527887                  9480110307                  0                           0                           
GPU 4           144.208           0.141        0.010        0.059        8286303083                  9401314028                  0                           0                           
GPU 5           146.240           0.134        0.010        0.059        8426515853                  9650301218                  0                           0                           
GPU 6           147.141           0.135        0.010        0.054        8901515294                  9778048507                  0                           0                           
GPU 7           144.749           0.134        0.010        0.057        8892364261                  9646813075                  0                           0                           
GPU 0           143.221           0.134        0.011        0.053        8823825143                  9496405854                  0                           0                           
GPU 1           147.547           0.128        0.014        0.048        10313943239                 11240929479                 0                           0                           
GPU 2           141.647           0.131        0.012        0.051        9155809005                  10328138521                 0                           0                           
GPU 3           138.715           0.127        0.014        0.047        10311309303                 11142259865                 0                           0                           
GPU 4           144.611           0.132        0.013        0.055        10384631165                 11337973264                 0                           0                           
GPU 5           147.610           0.126        0.011        0.055        8904793529                  11339775893                 0                           0                           
GPU 6           148.909           0.129        0.011        0.049        9749587932                  10929864407                 0                           0                           
GPU 7           144.623           0.125        0.011        0.053        10273140551                 9676689742                  0                           0                           
GPU 0           143.221           0.134        0.011        0.053        8823825143                  9496405854                  0                           0                           
GPU 1           147.547           0.128        0.014        0.048        10986139859                 11240929479                 0                           0                           
GPU 2           141.647           0.131        0.012        0.051        9155809005                  10328138521                 0                           0                           
GPU 3           138.715           0.127        0.014        0.047        10311309303                 11182255480                 0                           0                           
GPU 4           144.611           0.132        0.013        0.055        10384631165                 11337973264                 0                           0                           
GPU 5           147.610           0.126        0.014        0.047        10335991934                 11339775893                 0                           0                           
GPU 6           148.909           0.129        0.013        0.049        9749587932                  10929864407                 0                           0                           
GPU 7           144.623           0.125        0.013        0.047        10273140551                 11296389091                 0                           0                           
GPU 0           142.464           0.117        0.014        0.042        8220379581                  10936019157                 0                           0                           
GPU 1           149.239           0.134        0.015        0.041        8750989642                  10702946152                 0                           0                           
GPU 2           142.299           0.121        0.014        0.043        10799275410                 10811197345                 0                           0                           
GPU 3           137.527           0.130        0.016        0.040        11563697933                 8911371588                  0                           0                           
GPU 4           145.197           0.128        0.014        0.046        10360845671                 10476651949                 0                           0                           
GPU 5           144.539           0.117        0.015        0.042        10910598328                 10763735069                 0                           0                           
GPU 6           146.785           0.114        0.015        0.040        9969337863                  11167587452                 0                           0                           
GPU 7           143.901           0.125        0.015        0.041        11352576134                 11211142638                 0                           0                           
GPU 0           142.663           0.137        0.010        0.056        8567735379                  9126871239                  0                           0                           
GPU 1           148.175           0.139        0.011        0.054        8364229216                  9439990527                  0                           0                           
GPU 2           140.998           0.135        0.010        0.056        8285428859                  9655449235                  0                           0                           
GPU 3           140.006           0.138        0.011        0.050        8534456742                  9300282957                  0                           0                           
GPU 4           144.195           0.138        0.010        0.057        8265313434                  9494595851                  0                           0                           
GPU 5           146.599           0.135        0.010        0.056        8279117454                  9499002895                  0                           0                           
GPU 6           146.294           0.127        0.013        0.046        8258525903                  10097927429                 0                           0                           
GPU 7           145.256           0.139        0.012        0.046        9214240090                  9534222502                  0                           0                           
GPU 0           143.922           0.138        0.010        0.056        8833799288                  9402594009                  0                           0                           
GPU 1           145.927           0.128        0.010        0.058        8869643469                  9522982545                  0                           0                           
GPU 2           141.648           0.136        0.011        0.055        8879241128                  9962715863                  0                           0                           
GPU 3           139.326           0.132        0.010        0.057        8313166190                  9268582236                  0                           0                           
GPU 4           142.971           0.136        0.011        0.054        8677826728                  9589669792                  0                           0                           
GPU 5           145.204           0.136        0.011        0.056        8845137326                  9828323466                  0                           0                           
GPU 6           146.640           0.138        0.009        0.057        8586459491                  9736189549                  0                           0                           
GPU 7           144.259           0.132        0.009        0.057        8373002047                  9736805397                  0                           0                           
GPU 0           141.415           0.127        0.012        0.046        7185914681                  9023498683                  0                           0                           
GPU 1           149.480           0.142        0.012        0.047        7995853656                  8973906747                  0                           0                           
GPU 2           137.701           0.125        0.011        0.047        8567341050                  8935824476                  0                           0                           
GPU 3           137.146           0.138        0.011        0.051        8961716330                  8914603644                  0                           0                           
GPU 4           143.956           0.129        0.011        0.049        8745381164                  9149732953                  0                           0                           
GPU 5           147.207           0.126        0.011        0.047        8589186776                  8924024438                  0                           0                           
GPU 6           145.972           0.133        0.011        0.051        8678073066                  9212624877                  0                           0                           
GPU 7           141.042           0.132        0.011        0.051        8583352141                  9197741368                  0                           0                           
GPU 0           146.358           0.148        0.010        0.063        4453215121                  8329321784                  0                           0                           
GPU 1           148.409           0.157        0.010        0.058        6027916349                  8934940707                  0                           0                           
GPU 2           143.227           0.150        0.010        0.063        7025551085                  8286019670                  0                           0                           
GPU 3           142.942           0.155        0.010        0.055        8131556039                  7636449772                  0                           0                           
GPU 4           146.891           0.152        0.010        0.065        6957274757                  8452809842                  0                           0                           
GPU 5           149.350           0.152        0.010        0.064        7051665973                  5463264952                  0                           0                           
GPU 6           149.357           0.134        0.011        0.052        6395740841                  9393489134                  0                           0                           
GPU 7           144.796           0.153        0.011        0.052        8524728794                  9021300357                  0                           0                           
