#Entity         POWER             SMACT        TENSO        DRAMA        PCITX                       PCIRX                       
ID               W                                                                                                               
GPU 0           98.138            N/A          N/A          N/A          N/A                         N/A                         
GPU 1           99.487            N/A          N/A          N/A          N/A                         N/A                         
GPU 2           100.113           N/A          N/A          N/A          N/A                         N/A                         
GPU 3           98.571            N/A          N/A          N/A          N/A                         N/A                         
GPU 4           97.630            N/A          N/A          N/A          N/A                         N/A                         
GPU 5           100.151           N/A          N/A          N/A          N/A                         N/A                         
GPU 6           101.466           N/A          N/A          N/A          N/A                         N/A                         
GPU 7           102.751           N/A          N/A          N/A          N/A                         N/A                         
GPU 0           98.151            0.000        0.000        0.000        4120349                     3426897                     
GPU 1           99.575            0.000        0.000        0.000        4090065                     3403932                     
GPU 2           100.164           0.000        0.000        0.000        4076902                     3385013                     
GPU 3           98.538            0.000        0.000        0.000        4053260                     3364002                     
GPU 4           97.632            0.000        0.000        0.000        4383214                     3599131                     
GPU 5           100.136           0.000        0.000        0.000        4291602                     3536418                     
GPU 6           101.471           0.000        0.000        0.000        4226175                     3474028                     
GPU 7           102.697           0.000        0.000        0.000        4373563                     3582086                     
GPU 0           98.151            0.000        0.000        0.000        2987627                     3426897                     
GPU 1           99.507            0.000        0.000        0.000        2967222                     3403932                     
GPU 2           100.164           0.000        0.000        0.000        4076902                     3385013                     
GPU 3           98.538            0.000        0.000        0.000        4053260                     727941                      
GPU 4           97.632            0.000        0.000        0.000        4383214                     1273714                     
GPU 5           100.136           0.000        0.000        0.000        4291602                     1435004                     
GPU 6           101.471           0.000        0.000        0.000        1795028                     3474028                     
GPU 7           102.697           0.000        0.000        0.000        1917117                     3582086                     
GPU 0           98.247            0.000        0.000        0.000        4350829                     3537525                     
GPU 1           99.464            0.000        0.000        0.000        524749                      5973599                     
GPU 2           100.236           0.000        0.000        0.000        4142628                     3395450                     
GPU 3           98.608            0.000        0.000        0.000        4819851                     3089450                     
GPU 4           97.676            0.000        0.000        0.000        4207121                     3463130                     
GPU 5           100.164           0.000        0.000        0.000        1866433                     3174302                     
GPU 6           101.490           0.000        0.000        0.000        2195307                     1737987                     
GPU 7           102.736           0.000        0.000        0.000        2316012                     1483296                     
GPU 0           98.247            0.000        0.000        0.000        6849598                     3537525                     
GPU 1           99.632            0.000        0.000        0.000        7161934                     5973599                     
GPU 2           100.236           0.000        0.000        0.000        5029538                     3395450                     
GPU 3           98.532            0.000        0.000        0.000        4819851                     3969574                     
GPU 4           97.665            0.000        0.000        0.000        4207121                     4485969                     
GPU 5           100.164           0.000        0.000        0.000        3859709                     4682787                     
GPU 6           101.538           0.000        0.000        0.000        6583240                     4661100                     
GPU 7           102.736           0.000        0.000        0.000        7394127                     1837160                     
GPU 0           98.037            0.000        0.000        0.000        4817290                     5670239                     
GPU 1           99.585            0.000        0.000        0.000        6609885                     5491103                     
GPU 2           100.185           0.000        0.000        0.000        7997098                     4136731                     
GPU 3           98.532            0.000        0.000        0.000        5851700                     4855825                     
GPU 4           97.733            0.000        0.000        0.000        5344288                     6292502                     
GPU 5           100.183           0.000        0.000        0.000        5587198                     5097151                     
GPU 6           101.525           0.000        0.000        0.000        5555133                     4661100                     
GPU 7           102.709           0.000        0.000        0.000        5476472                     4592555                     
GPU 0           98.102            0.000        0.000        0.000        523627                      306628                      
GPU 1           99.493            0.000        0.000        0.000        515784                      310833                      
GPU 2           100.102           0.000        0.000        0.000        4384483                     3648057                     
GPU 3           98.527            0.000        0.000        0.000        613270                      385550                      
GPU 4           97.611            0.000        0.000        0.000        4757163                     3940826                     
GPU 5           100.131           0.000        0.000        0.000        7592225                     6371505                     
GPU 6           101.492           0.000        0.000        0.000        3444298                     2827539                     
GPU 7           102.752           0.000        0.000        0.000        7339619                     1261727                     
GPU 0           98.185            0.000        0.000        0.000        4068436                     3384423                     
GPU 1           99.556            0.000        0.000        0.000        4014055                     3338406                     
GPU 2           100.091           0.000        0.000        0.000        1123594                     811961                      
GPU 3           98.560            0.000        0.000        0.000        3793804                     3125512                     
GPU 4           97.639            0.000        0.000        0.000        2000382                     1554009                     
GPU 5           100.152           0.000        0.000        0.000        293533                      100116                      
GPU 6           101.603           0.000        0.000        0.000        2464015                     1956117                     
GPU 7           102.725           0.000        0.000        0.000        1634951                     3577894                     
GPU 0           98.185            0.000        0.000        0.000        4068436                     3384423                     
GPU 1           99.556            0.000        0.000        0.000        4014055                     3338406                     
GPU 2           100.091           0.000        0.000        0.000        3382540                     811961                      
GPU 3           98.560            0.000        0.000        0.000        3793804                     3125512                     
GPU 4           97.639            0.000        0.000        0.000        2000382                     1886986                     
GPU 5           100.152           0.000        0.000        0.000        293533                      3527949                     
GPU 6           101.603           0.000        0.000        0.000        2464015                     1956117                     
GPU 7           102.725           0.000        0.000        0.000        4369371                     3577894                     
GPU 0           98.242            0.000        0.000        0.000        2831879                     2285271                     
GPU 1           99.550            0.000        0.000        0.000        3016633                     3993027                     
GPU 2           100.119           0.000        0.000        0.000        3750875                     3087291                     
GPU 3           98.549            0.000        0.000        0.000        428061                      213157                      
GPU 4           97.637            0.000        0.000        0.000        4069512                     3321024                     
GPU 5           100.123           0.000        0.000        0.000        2443244                     1935290                     
GPU 6           101.489           0.000        0.000        0.000        1841338                     3336911                     
GPU 7           102.740           0.000        0.000        0.000        1806075                     1372901                     
GPU 0           98.054            0.000        0.000        0.000        4576186                     3739673                     
GPU 1           99.522            0.000        0.000        0.000        4862570                     99593                       
GPU 2           100.202           0.000        0.000        0.000        4534821                     3723984                     
GPU 3           98.584            0.000        0.000        0.000        6619084                     5551456                     
GPU 4           97.836            0.000        0.000        0.000        4096007                     3391064                     
GPU 5           100.152           0.000        0.000        0.000        5190777                     4338489                     
GPU 6           101.546           0.000        0.000        0.000        4060234                     3177846                     
GPU 7           102.744           0.000        0.000        0.000        5699377                     4769572                     
GPU 0           98.140            0.000        0.000        0.000        3510565                     2882113                     
GPU 1           99.562            0.000        0.000        0.000        285676                      3418080                     
GPU 2           100.147           0.000        0.000        0.000        2753564                     2224604                     
GPU 3           98.542            0.000        0.000        0.000        1977405                     1522694                     
GPU 4           97.829            0.000        0.000        0.000        2180818                     1705297                     
GPU 5           100.163           0.000        0.000        0.000        1559294                     1173620                     
GPU 6           101.459           0.000        0.000        0.000        3816095                     2245472                     
GPU 7           102.721           0.000        0.000        0.000        2335685                     1826052                     
GPU 0           98.053            0.000        0.000        0.000        531715                      316816                      
GPU 1           99.486            0.000        0.000        0.000        4104212                     2966222                     
GPU 2           100.070           0.000        0.000        0.000        1114703                     824670                      
GPU 3           98.586            0.000        0.000        0.000        3856959                     3183472                     
GPU 4           97.778            0.000        0.000        0.000        2054709                     1635381                     
GPU 5           100.167           0.000        0.000        0.000        2555465                     2070582                     
GPU 6           101.530           0.000        0.000        0.000        2802123                     1173577                     
GPU 7           102.766           0.000        0.000        0.000        1477047                     1137399                     
GPU 0           98.076            0.000        0.000        0.000        4133805                     3456631                     
GPU 1           99.513            0.000        0.000        0.000        3573762                     309838                      
GPU 2           100.149           0.000        0.000        0.000        4143512                     3484638                     
GPU 3           98.523            0.000        0.000        0.000        830781                      565647                      
GPU 4           97.859            0.000        0.000        0.000        4115572                     3448338                     
GPU 5           100.115           0.000        0.000        0.000        4064108                     3409993                     
GPU 6           101.462           0.000        0.000        0.000        1515849                     3397035                     
GPU 7           102.735           0.000        0.000        0.000        4024920                     3367641                     
GPU 0           98.200            0.000        0.000        0.000        266266                      71284                       
GPU 1           99.541            0.000        0.000        0.000        515426                      3542770                     
GPU 2           100.229           0.000        0.000        0.000        1130152                     823315                      
GPU 3           98.558            0.000        0.000        0.000        4484209                     3771348                     
GPU 4           97.775            0.000        0.000        0.000        2034673                     1611060                     
GPU 5           100.146           0.000        0.000        0.000        1565836                     1206065                     
GPU 6           101.440           0.000        0.000        0.000        1717622                     1332375                     
GPU 7           102.754           0.000        0.000        0.000        1718702                     1334497                     
#Entity         POWER             SMACT        TENSO        DRAMA        PCITX                       PCIRX                       
ID               W                                                                                                               
GPU 0           98.167            0.000        0.000        0.000        4197867                     3510714                     
GPU 1           99.493            0.000        0.000        0.000        4205827                     2985880                     
GPU 2           100.090           0.000        0.000        0.000        3465485                     2888875                     
GPU 3           98.528            0.000        0.000        0.000        3878745                     3224076                     
GPU 4           97.871            0.000        0.000        0.000        2315050                     1874753                     
GPU 5           100.196           0.000        0.000        0.000        2562706                     2094615                     
GPU 6           101.576           0.000        0.000        0.000        2547908                     2078267                     
GPU 7           102.744           0.000        0.000        0.000        2508348                     2044518                     
GPU 0           141.305           0.000        0.000        0.000        3886051                     3326782                     
GPU 1           117.441           0.000        0.000        0.000        3502905                     259121386                   
GPU 2           108.698           0.000        0.000        0.000        3852000                     3293777                     
GPU 3           138.650           0.000        0.018        0.000        462688                      254454                      
GPU 4           102.771           0.001        0.000        0.000        4964512                     7213820                     
GPU 5           100.924           0.008        0.003        0.002        4183903                     4679179                     
GPU 6           113.749           0.000        0.001        0.001        4698509                     6922767                     
GPU 7           102.705           0.008        0.003        0.002        125653116                   121618027                   
GPU 0           101.218           0.087        0.032        0.026        1168337822                  1246726836                  
GPU 1           105.705           0.094        0.035        0.028        14699849                    939112172                   
GPU 2           144.708           0.088        0.033        0.026        18843016                    343490796                   
GPU 3           101.263           0.048        0.016        0.014        650811445                   608049867                   
GPU 4           140.891           0.081        0.029        0.023        1139782819                  2334438115                  
GPU 5           151.749           0.069        0.025        0.020        53308194                    1015013368                  
GPU 6           126.170           0.004        0.026        0.021        9786526                     140752398                   
GPU 7           146.931           0.066        0.025        0.020        877814036                   938097718                   
GPU 0           130.994           0.008        0.000        0.002        306866805                   4489987236                  
GPU 1           110.904           0.005        0.001        0.001        48417008                    1706395946                  
GPU 2           105.039           0.008        0.000        0.002        97582133                    2026125818                  
GPU 3           121.787           0.043        0.000        0.013        599205413                   732182450                   
GPU 4           101.439           0.007        0.000        0.002        235978062                   3633353870                  
GPU 5           107.350           0.015        0.000        0.002        258327168                   5580027463                  
GPU 6           106.156           0.068        0.000        0.002        8546000                     127955202                   
GPU 7           106.226           0.005        0.000        0.002        83058636                    495825026                   
GPU 0           220.892           0.141        0.010        0.145        394482956                   4591569850                  
GPU 1           235.299           0.084        0.006        0.040        103909273                   2237984607                  
GPU 2           197.768           0.169        0.012        0.081        141389455                   1799500381                  
GPU 3           209.125           0.005        0.019        0.002        78806356                    401754442                   
GPU 4           194.507           0.205        0.015        0.100        530442893                   6152280006                  
GPU 5           196.614           0.257        0.019        0.124        200873811                   2395370448                  
GPU 6           205.215           0.277        0.020        0.135        195250947                   2157407524                  
GPU 7           215.927           0.286        0.021        0.139        3125501399                  2533810737                  
GPU 0           179.570           0.296        0.022        0.069        498328145                   5672799994                  
GPU 1           192.138           0.196        0.022        0.143        123602979                   1355242608                  
GPU 2           219.583           0.291        0.022        0.143        186328720                   2104530272                  
GPU 3           168.504           0.225        0.017        0.126        2834233093                  1590724269                  
GPU 4           218.024           0.291        0.022        0.142        514946014                   5869828503                  
GPU 5           228.425           0.274        0.020        0.134        179895373                   2029940124                  
GPU 6           229.997           0.225        0.017        0.111        152137958                   1701482453                  
GPU 7           162.670           0.225        0.017        0.111        2418872636                  1817854283                  
GPU 0           103.923           0.139        0.010        0.000        551407693                   8509558862                  
GPU 1           105.779           0.005        0.015        0.097        6355236                     123896457                   
GPU 2           122.025           0.082        0.006        0.041        97984527                    1533850831                  
GPU 3           103.480           0.005        0.000        0.111        2415045127                  1013435371                  
GPU 4           117.644           0.064        0.005        0.032        171983582                   2335111956                  
GPU 5           133.669           0.005        0.000        0.002        53461541                    1079938633                  
GPU 6           110.002           0.006        0.000        0.002        50753597                    1055509093                  
GPU 7           108.054           0.005        0.000        0.002        79894734                    1000404931                  
GPU 0           147.986           0.005        0.000        0.078        396407965                   4636908420                  
GPU 1           154.051           0.094        0.000        0.002        65310221                    694105389                   
GPU 2           118.791           0.004        0.000        0.000        9737602                     68630159                    
GPU 3           150.173           0.085        0.008        0.002        79612063                    806282601                   
GPU 4           114.245           0.013        0.001        0.006        123065155                   1404738109                  
GPU 5           116.286           0.035        0.002        0.014        41275285                    417823034                   
GPU 6           125.849           0.074        0.004        0.035        70194499                    745281352                   
GPU 7           168.258           0.076        0.005        0.035        623378883                   1002215642                  
GPU 0           145.283           0.192        0.025        0.047        1209455005                  4740978244                  
GPU 1           154.927           0.150        0.013        0.041        90644645                    1111152069                  
GPU 2           191.444           0.257        0.039        0.111        189105662                   2300732668                  
GPU 3           140.275           0.137        0.024        0.038        657658865                   1489028963                  
GPU 4           185.461           0.224        0.034        0.096        701431245                   4249413205                  
GPU 5           203.705           0.207        0.033        0.089        152871583                   1843573966                  
GPU 6           196.218           0.146        0.028        0.061        105069333                   1304812991                  
GPU 7           149.644           0.146        0.027        0.062        1424042348                  1646544394                  
GPU 0           244.626           0.113        0.104        0.087        6364126598                  2484104061                  
GPU 1           263.530           0.264        0.033        0.061        59154536                    1068879726                  
GPU 2           171.188           0.095        0.033        0.031        19103627                    239376333                   
GPU 3           239.746           0.247        0.091        0.059        1385413351                  5148870815                  
GPU 4           169.307           0.121        0.046        0.037        2406270174                  2418610637                  
GPU 5           169.898           0.122        0.045        0.038        17112992                    204133184                   
GPU 6           179.221           0.197        0.074        0.063        19609951                    243237584                   
GPU 7           245.435           0.253        0.093        0.078        5472009176                  5318172528                  
GPU 0           245.760           0.278        0.102        0.087        6455321128                  6304010834                  
GPU 1           264.709           0.267        0.097        0.085        35271536                    551113235                   
GPU 2           280.352           0.286        0.107        0.091        48256500                    861266031                   
GPU 3           238.239           0.278        0.103        0.077        5358249695                  6619625842                  
GPU 4           273.839           0.308        0.114        0.097        7262540775                  7052581699                  
GPU 5           273.148           0.297        0.111        0.095        28549216                    429271572                   
GPU 6           278.800           0.281        0.104        0.090        34553306                    513162748                   
GPU 7           248.319           0.271        0.101        0.085        6480145926                  6355229149                  
GPU 0           245.760           0.275        0.131        0.087        7860977671                  6279522433                  
GPU 1           302.867           0.340        0.100        0.087        32029077                    551113235                   
GPU 2           256.997           0.348        0.107        0.109        47992640                    529479334                   
GPU 3           276.555           0.328        0.122        0.088        6651987238                  7093652915                  
GPU 4           248.101           0.264        0.098        0.106        7262540775                  7741057285                  
GPU 5           256.759           0.319        0.119        0.101        7301923                     34161468                    
GPU 6           274.599           0.281        0.127        0.108        14000803                    513162748                   
GPU 7           248.319           0.348        0.130        0.106        7838125862                  7331859422                  
GPU 0           288.284           0.346        0.134        0.104        7734815270                  7836899585                  
GPU 1           301.910           0.344        0.131        0.108        50763178                    825127262                   
GPU 2           297.722           0.355        0.140        0.105        41248789                    707902859                   
GPU 3           277.885           0.348        0.133        0.106        7961666527                  7686289349                  
GPU 4           288.116           0.351        0.137        0.104        7582889854                  7298519652                  
GPU 5           298.463           0.354        0.134        0.109        31932189                    474107103                   
GPU 6           303.599           0.343        0.131        0.108        31064891                    434389787                   
GPU 7           288.114           0.343        0.131        0.105        7923256309                  7545754384                  
GPU 0           296.528           0.364        0.149        0.105        7543421496                  7202499751                  
GPU 1           318.769           0.359        0.146        0.106        30500584                    483729667                   
GPU 2           310.373           0.370        0.152        0.107        31603143                    491595336                   
GPU 3           291.604           0.352        0.139        0.104        7711824730                  7284886311                  
GPU 4           303.255           0.370        0.154        0.105        7490708402                  7247071173                  
GPU 5           315.877           0.376        0.139        0.106        18913343                    266661104                   
GPU 6           320.626           0.354        0.141        0.106        20169527                    292484877                   
GPU 7           297.634           0.353        0.141        0.104        7701156103                  7261236045                  
#Entity         POWER             SMACT        TENSO        DRAMA        PCITX                       PCIRX                       
ID               W                                                                                                               
GPU 0           311.674           0.378        0.163        0.106        7396767563                  7256687395                  
GPU 1           339.286           0.377        0.161        0.108        55676730                    947520620                   
GPU 2           322.830           0.385        0.167        0.108        33290235                    543551663                   
GPU 3           305.051           0.370        0.154        0.105        7497447533                  7342693044                  
GPU 4           322.181           0.388        0.170        0.106        7452223469                  7221059304                  
GPU 5           329.596           0.393        0.157        0.107        23936221                    320739082                   
GPU 6           333.663           0.380        0.160        0.108        41810345                    621431711                   
GPU 7           315.534           0.374        0.157        0.106        7530443037                  7462027482                  
GPU 0           292.318           0.374        0.159        0.107        7527814341                  7304635274                  
GPU 1           332.940           0.377        0.162        0.109        27192588                    415484999                   
GPU 2           304.196           0.376        0.157        0.110        56651371                    943328510                   
GPU 3           282.873           0.377        0.162        0.106        7509029388                  7161424316                  
GPU 4           297.203           0.373        0.154        0.108        7598468399                  7572513400                  
GPU 5           310.660           0.360        0.172        0.109        21466084                    321145328                   
GPU 6           312.304           0.393        0.174        0.109        13245731                    190559963                   
GPU 7           305.962           0.382        0.166        0.106        7466107708                  7065423060                  
GPU 0           292.318           0.374        0.112        0.107        4330607000                  7304635274                  
GPU 1           286.719           0.323        0.162        0.109        177732091                   415484999                   
GPU 2           304.196           0.324        0.108        0.117        192335288                   943328510                   
GPU 3           243.138           0.327        0.112        0.106        7509029388                  6155900701                  
GPU 4           297.203           0.373        0.154        0.117        3263399821                  5758015227                  
GPU 5           310.660           0.360        0.147        0.108        43917661                    644527626                   
GPU 6           312.304           0.393        0.136        0.120        49208913                    3021980608                  
GPU 7           305.962           0.345        0.126        0.112        6298681442                  7122959275                  
GPU 0           259.894           0.309        0.094        0.122        2009957706                  4744324103                  
GPU 1           271.684           0.301        0.090        0.120        231220061                   2534013628                  
GPU 2           265.210           0.313        0.095        0.125        229507789                   2515673705                  
GPU 3           246.383           0.305        0.092        0.122        2495562746                  4174460249                  
GPU 4           263.505           0.310        0.095        0.124        2010694776                  4762023550                  
GPU 5           274.396           0.312        0.102        0.120        216615771                   2579195578                  
GPU 6           276.193           0.312        0.095        0.124        251947218                   2818393710                  
GPU 7           262.135           0.307        0.093        0.122        2536327113                  4624164626                  
GPU 0           262.025           0.317        0.097        0.127        2027775570                  5141873454                  
GPU 1           280.583           0.311        0.094        0.125        267837183                   2985833070                  
GPU 2           268.059           0.317        0.097        0.127        272705452                   3042434393                  
GPU 3           249.002           0.313        0.095        0.125        2493138130                  4545608324                  
GPU 4           263.969           0.316        0.097        0.127        2042530154                  5332131095                  
GPU 5           275.030           0.316        0.095        0.125        260087829                   2899469233                  
GPU 6           279.851           0.314        0.095        0.126        254720762                   3185804173                  
GPU 7           262.721           0.314        0.096        0.125        2485138935                  4684545530                  
GPU 0           266.661           0.323        0.100        0.129        1987602797                  4802041386                  
GPU 1           279.729           0.313        0.096        0.127        228520803                   2544531425                  
GPU 2           271.778           0.324        0.100        0.130        232569267                   2593526048                  
GPU 3           252.739           0.316        0.097        0.127        2446758104                  4538779520                  
GPU 4           268.942           0.318        0.098        0.128        1989136026                  4791416250                  
GPU 5           278.031           0.322        0.100        0.130        262154353                   3043767143                  
GPU 6           284.340           0.321        0.099        0.129        285083294                   2777490114                  
GPU 7           267.900           0.319        0.101        0.131        2520579868                  4763053352                  
GPU 0           264.856           0.319        0.098        0.128        2014905257                  5276763875                  
GPU 1           281.724           0.314        0.096        0.127        276021334                   3078087827                  
GPU 2           270.366           0.326        0.101        0.131        284412044                   3171163501                  
GPU 3           252.163           0.320        0.099        0.129        2436697090                  4302535802                  
GPU 4           268.316           0.320        0.099        0.129        2026293991                  5367371600                  
GPU 5           279.427           0.320        0.099        0.129        283138040                   2945543410                  
GPU 6           280.702           0.321        0.099        0.129        249316927                   3329597150                  
GPU 7           268.653           0.325        0.099        0.129        2469450928                  4641866038                  
GPU 0           266.062           0.322        0.099        0.129        1985409808                  4778310348                  
GPU 1           283.849           0.316        0.097        0.127        239391822                   2675666484                  
GPU 2           269.792           0.321        0.099        0.129        244366287                   2709787190                  
GPU 3           252.492           0.319        0.098        0.128        2468271534                  4503383839                  
GPU 4           272.399           0.319        0.099        0.129        1991407693                  4911498628                  
GPU 5           279.116           0.320        0.099        0.129        260085455                   3146567495                  
GPU 6           283.152           0.322        0.100        0.130        298161035                   2877377238                  
GPU 7           268.226           0.322        0.100        0.130        2479539349                  4652117700                  
GPU 0           264.435           0.320        0.099        0.128        2019409472                  5285914814                  
GPU 1           283.886           0.318        0.098        0.129        245460047                   3029060553                  
GPU 2           269.682           0.321        0.099        0.129        280664180                   3167595237                  
GPU 3           254.123           0.316        0.098        0.128        2444051453                  4685203410                  
GPU 4           267.355           0.321        0.100        0.129        2023537971                  5271229901                  
GPU 5           279.031           0.317        0.098        0.128        279216971                   2893568448                  
GPU 6           283.552           0.319        0.098        0.128        285174594                   3192526980                  
GPU 7           268.049           0.323        0.100        0.130        2457188692                  4859397444                  
GPU 0           266.222           0.319        0.098        0.128        2018429726                  4782022633                  
GPU 1           284.732           0.316        0.097        0.127        267743994                   2714401666                  
GPU 2           273.138           0.322        0.099        0.130        234980119                   2582459502                  
GPU 3           254.574           0.319        0.097        0.139        2677420141                  4507097764                  
GPU 4           268.501           0.319        0.099        0.129        1993673674                  4853796390                  
GPU 5           278.670           0.319        0.098        0.129        250599169                   3126375214                  
GPU 6           285.306           0.322        0.100        0.130        255762447                   2823600062                  
GPU 7           267.748           0.321        0.099        0.129        2476717429                  4516446325                  
GPU 0           268.726           0.322        0.100        0.129        1985537215                  5254096684                  
GPU 1           288.915           0.317        0.097        0.128        247540096                   3019057259                  
GPU 2           270.794           0.321        0.099        0.129        277126037                   3130415579                  
GPU 3           254.749           0.319        0.098        0.129        2438255188                  4396698011                  
GPU 4           269.047           0.321        0.100        0.130        2020795602                  5281922528                  
GPU 5           279.901           0.322        0.100        0.130        276923957                   2763432771                  
GPU 6           284.221           0.321        0.099        0.130        278277673                   3123786027                  
GPU 7           267.299           0.323        0.100        0.130        2483702630                  4835834414                  
GPU 0           268.906           0.323        0.100        0.130        2008921297                  4794590402                  
GPU 1           287.396           0.318        0.097        0.129        257666992                   2735937162                  
GPU 2           275.255           0.323        0.100        0.130        241582268                   2656045939                  
GPU 3           255.288           0.319        0.098        0.128        2433406137                  4384252097                  
GPU 4           272.675           0.323        0.100        0.130        1985458505                  5806991888                  
GPU 5           282.497           0.323        0.100        0.131        269365734                   3005553571                  
GPU 6           286.487           0.325        0.101        0.131        271606492                   3028240580                  
GPU 7           268.560           0.324        0.100        0.131        2469654600                  4557892643                  
GPU 0           268.894           0.321        0.099        0.129        1982945145                  5190209853                  
GPU 1           288.854           0.317        0.097        0.129        254906846                   2898062382                  
GPU 2           273.135           0.326        0.100        0.130        272631726                   3048333299                  
GPU 3           256.623           0.320        0.098        0.129        2476558399                  4465379326                  
GPU 4           270.309           0.320        0.099        0.141        2202482458                  4779563532                  
GPU 5           283.674           0.324        0.100        0.131        278727558                   3092756557                  
GPU 6           284.930           0.324        0.101        0.131        282585035                   3144634275                  
GPU 7           268.572           0.324        0.101        0.131        2481953218                  5015244281                  
GPU 0           270.537           0.324        0.101        0.130        2007240268                  5117942813                  
GPU 1           290.149           0.317        0.097        0.129        259893121                   2891855543                  
GPU 2           272.082           0.324        0.100        0.131        233665554                   2603142576                  
GPU 3           257.991           0.322        0.099        0.130        2443150976                  4435430317                  
GPU 4           273.263           0.324        0.101        0.131        1979512124                  5433797673                  
GPU 5           282.882           0.325        0.101        0.132        270953603                   3031044129                  
GPU 6           287.929           0.326        0.101        0.132        268553918                   3014965465                  
GPU 7           272.453           0.327        0.102        0.132        2434721933                  4412594799                  
#Entity         POWER             SMACT        TENSO        DRAMA        PCITX                       PCIRX                       
ID               W                                                                                                               
GPU 0           268.677           0.321        0.100        0.129        1992071704                  4924234457                  
GPU 1           290.508           0.318        0.098        0.129        244879751                   2738805006                  
GPU 2           271.227           0.324        0.100        0.131        272973778                   3037813158                  
GPU 3           256.036           0.320        0.098        0.129        2445333680                  4368416856                  
GPU 4           271.270           0.324        0.101        0.131        2031733214                  4828796943                  
GPU 5           283.983           0.322        0.099        0.130        263468892                   2946703823                  
GPU 6           286.155           0.324        0.101        0.128        287433435                   3194476692                  
GPU 7           268.583           0.322        0.100        0.130        2449551428                  5126319987                  
GPU 0           273.397           0.333        0.099        0.128        2050384348                  4911448646                  
GPU 1           295.129           0.328        0.107        0.127        239001097                   2679424193                  
GPU 2           278.625           0.335        0.099        0.130        245459799                   2750205985                  
GPU 3           263.080           0.330        0.107        0.126        2444825803                  4281322098                  
GPU 4           274.984           0.323        0.100        0.130        1986317982                  5034829126                  
GPU 5           287.376           0.333        0.109        0.128        254046954                   2851270708                  
GPU 6           292.492           0.330        0.107        0.128        234816780                   2633296070                  
GPU 7           275.118           0.332        0.107        0.128        2628789894                  4231096078                  
GPU 0           276.006           0.333        0.109        0.129        2106686361                  4948572894                  
GPU 1           292.808           0.328        0.107        0.127        244976065                   2783016345                  
GPU 2           275.593           0.333        0.109        0.128        246883353                   2739240937                  
GPU 3           262.705           0.331        0.108        0.127        2555410971                  4584707380                  
GPU 4           276.717           0.336        0.109        0.125        2117445759                  5129678564                  
GPU 5           284.640           0.332        0.108        0.130        258606075                   2913430557                  
GPU 6           289.136           0.337        0.112        0.133        276787050                   3144796787                  
GPU 7           273.963           0.338        0.113        0.127        2476508901                  4946552267                  
GPU 0           274.203           0.328        0.102        0.132        1988946688                  5002990887                  
GPU 1           292.473           0.322        0.099        0.131        242761994                   2678481716                  
GPU 2           275.304           0.327        0.108        0.132        257998105                   2895140736                  
GPU 3           260.014           0.322        0.100        0.130        2452168979                  4139940402                  
GPU 4           274.288           0.328        0.102        0.133        2115136721                  5151055875                  
GPU 5           286.159           0.325        0.101        0.132        271937333                   3037484998                  
GPU 6           288.914           0.327        0.102        0.132        261203095                   2891342756                  
GPU 7           272.793           0.327        0.102        0.132        2474422521                  4596957431                  
GPU 0           283.293           0.327        0.101        0.132        1998226299                  5135517207                  
GPU 1           293.668           0.321        0.099        0.131        276184428                   2402387689                  
GPU 2           275.980           0.325        0.102        0.130        250122029                   2799211252                  
GPU 3           268.417           0.324        0.115        0.131        2432402431                  4649223225                  
GPU 4           274.377           0.326        0.105        0.129        2621521280                  5349230521                  
GPU 5           289.092           0.325        0.103        0.130        255125057                   2848765803                  
GPU 6           289.409           0.327        0.102        0.125        288500041                   2134045721                  
GPU 7           275.393           0.328        0.102        0.133        3357482380                  4894598137                  
GPU 0           302.721           0.354        0.125        0.123        4459850398                  6436683172                  
GPU 1           318.404           0.332        0.112        0.122        176396495                   2077747180                  
GPU 2           292.203           0.360        0.129        0.122        130707302                   1914720100                  
GPU 3           284.872           0.359        0.132        0.122        4845044692                  6555073130                  
GPU 4           289.048           0.356        0.129        0.119        5271324409                  6702207044                  
GPU 5           300.952           0.361        0.131        0.121        117264694                   1704641553                  
GPU 6           308.882           0.338        0.127        0.121        126451321                   1882723406                  
GPU 7           281.207           0.359        0.130        0.119        5406395915                  6502915853                  
GPU 0           286.470           0.369        0.137        0.118        5869616641                  8406819099                  
GPU 1           310.670           0.381        0.145        0.120        111068054                   2346899923                  
GPU 2           295.505           0.365        0.132        0.122        235729039                   4553090306                  
GPU 3           271.397           0.349        0.125        0.117        5646643590                  8844920188                  
GPU 4           294.893           0.355        0.129        0.118        5792431786                  9261237750                  
GPU 5           307.262           0.357        0.129        0.119        189785701                   3691507681                  
GPU 6           304.171           0.353        0.128        0.119        191386158                   3721362231                  
GPU 7           303.949           0.359        0.130        0.118        6291829236                  9061129201                  
GPU 0           297.120           0.344        0.126        0.111        7478789643                  7658925286                  
GPU 1           314.378           0.330        0.118        0.113        124549084                   29344702                    
GPU 2           300.314           0.351        0.131        0.111        29713665                    455710868                   
GPU 3           282.603           0.345        0.128        0.116        6334707122                  7311693269                  
GPU 4           293.618           0.346        0.129        0.108        7905292617                  7584266797                  
GPU 5           300.676           0.351        0.131        0.111        8954881                     46742836                    
GPU 6           307.617           0.340        0.126        0.110        10584368                    73188545                    
GPU 7           299.073           0.347        0.129        0.108        7933360658                  7286828604                  
GPU 0           303.948           0.358        0.137        0.123        8090312994                  7629695965                  
GPU 1           320.605           0.350        0.132        0.113        8250213                     1659795763                  
GPU 2           302.576           0.373        0.145        0.116        63833835                    938109067                   
GPU 3           288.072           0.359        0.135        0.109        7942789230                  6875552129                  
GPU 4           303.114           0.359        0.136        0.114        6390713586                  7098509297                  
GPU 5           313.196           0.364        0.138        0.117        90279207                    1119604949                  
GPU 6           313.563           0.357        0.134        0.116        91728719                    1144407080                  
GPU 7           295.156           0.363        0.137        0.114        6572943244                  6925668457                  
GPU 0           278.207           0.376        0.139        0.125        5827349072                  7170897758                  
GPU 1           305.757           0.359        0.134        0.118        130550705                   3559285897                  
GPU 2           297.140           0.358        0.127        0.122        172186032                   1922243774                  
GPU 3           267.917           0.350        0.122        0.114        6554502758                  6758921290                  
GPU 4           294.859           0.358        0.127        0.122        5501244327                  7266095459                  
GPU 5           302.275           0.357        0.126        0.124        216345412                   2439541462                  
GPU 6           304.663           0.353        0.124        0.124        207173402                   2327170774                  
GPU 7           276.072           0.356        0.125        0.122        5382401130                  7042246675                  
GPU 0           288.480           0.326        0.104        0.112        2327713580                  7446391816                  
GPU 1           314.022           0.355        0.108        0.123        92380270                    1531361437                  
GPU 2           293.639           0.344        0.116        0.124        206199795                   3041693186                  
GPU 3           280.351           0.346        0.123        0.122        5260638367                  6988633471                  
GPU 4           286.272           0.340        0.119        0.117        5040908373                  7953634158                  
GPU 5           297.628           0.350        0.126        0.118        125353845                   2049988154                  
GPU 6           304.063           0.348        0.125        0.118        137532450                   2192307607                  
GPU 7           288.157           0.354        0.127        0.116        6397862898                  7431238074                  
GPU 0           279.691           0.355        0.133        0.138        7142871605                  7578545435                  
GPU 1           299.728           0.333        0.131        0.117        355959453                   4473972044                  
GPU 2           287.723           0.349        0.123        0.121        176564235                   2409108661                  
GPU 3           266.746           0.337        0.103        0.116        6279887072                  6196798368                  
GPU 4           292.239           0.347        0.119        0.127        4303450121                  7304163793                  
GPU 5           301.488           0.339        0.108        0.134        332176708                   4162577826                  
GPU 6           301.559           0.338        0.105        0.137        360524374                   4508481689                  
GPU 7           279.964           0.338        0.105        0.137        3126724690                  6542694652                  
GPU 0           288.733           0.338        0.104        0.143        2046277160                  6972214554                  
GPU 1           312.975           0.346        0.102        0.136        416737143                   5163064956                  
GPU 2           285.698           0.342        0.106        0.141        384247128                   4799033501                  
GPU 3           274.829           0.348        0.108        0.138        2885066458                  6480214689                  
GPU 4           287.213           0.341        0.106        0.141        2083387043                  7681155550                  
GPU 5           296.957           0.344        0.107        0.142        424087064                   5241918186                  
GPU 6           302.010           0.345        0.107        0.143        435389266                   5384379983                  
GPU 7           283.553           0.350        0.109        0.144        2948013579                  7335576879                  
GPU 0           288.733           0.348        0.104        0.143        2046277160                  7549037383                  
GPU 1           312.975           0.346        0.107        0.143        416737143                   5163064956                  
GPU 2           289.017           0.342        0.106        0.141        384247128                   4965494280                  
GPU 3           274.829           0.348        0.108        0.143        2884795796                  6480214689                  
GPU 4           290.169           0.347        0.108        0.141        2083387043                  7681155550                  
GPU 5           301.845           0.351        0.110        0.145        397543085                   5241918186                  
GPU 6           305.852           0.345        0.111        0.143        435389266                   5384379983                  
GPU 7           283.553           0.350        0.112        0.147        2948013579                  6686854948                  
#Entity         POWER             SMACT        TENSO        DRAMA        PCITX                       PCIRX                       
ID               W                                                                                                               
GPU 0           291.411           0.353        0.111        0.146        2024718372                  7180158543                  
GPU 1           315.019           0.350        0.110        0.146        381935311                   4763901315                  
GPU 2           291.588           0.353        0.111        0.147        384480724                   4787787172                  
GPU 3           279.445           0.351        0.110        0.145        2852371456                  6513110088                  
GPU 4           295.315           0.351        0.111        0.143        2050037919                  7406986506                  
GPU 5           303.580           0.349        0.110        0.146        412235251                   4940960552                  
GPU 6           305.564           0.352        0.110        0.147        389723645                   4885303917                  
GPU 7           290.577           0.356        0.112        0.146        2864753701                  7208544915                  
GPU 0           290.673           0.351        0.111        0.146        2042370614                  7423997494                  
GPU 1           314.051           0.349        0.110        0.145        406970131                   5094118097                  
GPU 2           291.642           0.352        0.111        0.146        407753192                   5095196797                  
GPU 3           278.782           0.352        0.111        0.146        2835694984                  6120011174                  
GPU 4           297.264           0.351        0.111        0.146        2043931932                  7400742519                  
GPU 5           302.749           0.351        0.111        0.146        408347054                   5108829537                  
GPU 6           308.845           0.348        0.111        0.145        432896505                   5350081689                  
GPU 7           289.356           0.353        0.112        0.147        2934215190                  6857256206                  
GPU 0           293.275           0.354        0.112        0.147        2021215978                  7089385775                  
GPU 1           313.581           0.350        0.110        0.146        417992655                   4719168918                  
GPU 2           292.334           0.352        0.111        0.146        372995101                   4637872176                  
GPU 3           280.021           0.352        0.111        0.146        2895683186                  6584164526                  
GPU 4           293.047           0.348        0.110        0.146        2058023094                  7620693002                  
GPU 5           304.228           0.350        0.110        0.146        397148624                   5100024113                  
GPU 6           306.833           0.351        0.111        0.147        405595134                   5055979933                  
GPU 7           292.172           0.355        0.112        0.147        2898800578                  7129333719                  
GPU 0           297.472           0.350        0.124        0.145        2508764175                  7481427102                  
GPU 1           324.379           0.370        0.110        0.146        320622472                   4104590072                  
GPU 2           291.460           0.370        0.123        0.145        322542670                   5072003586                  
GPU 3           287.479           0.356        0.112        0.146        2885464538                  5967420260                  
GPU 4           293.892           0.350        0.110        0.145        2524279412                  6994071715                  
GPU 5           304.576           0.350        0.110        0.146        431589211                   4209673967                  
GPU 6           307.898           0.351        0.111        0.146        419096882                   5197887220                  
GPU 7           292.361           0.356        0.113        0.148        2897300647                  6854458388                  
GPU 0           301.840           0.374        0.128        0.142        2801222714                  6524235502                  
GPU 1           327.704           0.368        0.123        0.144        323924031                   4094628251                  
GPU 2           305.773           0.374        0.127        0.143        286202581                   3614770040                  
GPU 3           291.353           0.379        0.130        0.142        3677368969                  6163964937                  
GPU 4           309.523           0.379        0.132        0.141        2941656547                  6617721059                  
GPU 5           315.106           0.371        0.123        0.145        336545733                   3960338859                  
GPU 6           318.213           0.370        0.123        0.146        334816356                   4231960457                  
GPU 7           300.754           0.373        0.124        0.146        3257759790                  6667460372                  
GPU 0           301.840           0.374        0.145        0.142        3490779489                  6524235502                  
GPU 1           333.215           0.397        0.123        0.144        198842543                   4094628251                  
GPU 2           305.773           0.396        0.127        0.142        259213233                   3614770040                  
GPU 3           291.353           0.396        0.144        0.142        3677368969                  5143990019                  
GPU 4           309.523           0.379        0.132        0.141        2941656547                  6849043871                  
GPU 5           315.106           0.371        0.124        0.145        316859982                   3078897732                  
GPU 6           318.213           0.370        0.133        0.142        271866891                   4231960457                  
GPU 7           300.754           0.388        0.139        0.138        3920777726                  5317009971                  
GPU 0           305.694           0.378        0.128        0.145        2989282217                  6926181900                  
GPU 1           328.720           0.378        0.130        0.143        293933362                   3717667233                  
GPU 2           304.216           0.376        0.126        0.147        288979505                   3721263093                  
GPU 3           292.320           0.376        0.128        0.143        3351457405                  6169842362                  
GPU 4           308.634           0.375        0.127        0.144        3054719582                  6701366299                  
GPU 5           321.172           0.374        0.126        0.146        298258518                   3770197512                  
GPU 6           320.118           0.372        0.125        0.146        272160548                   3698095125                  
GPU 7           302.945           0.396        0.127        0.141        3636024263                  6165705559                  
GPU 0           298.067           0.376        0.139        0.128        3279498159                  5565819364                  
GPU 1           322.170           0.375        0.135        0.133        225271608                   3132890473                  
GPU 2           302.539           0.382        0.144        0.124        165628692                   2449793119                  
GPU 3           285.170           0.385        0.133        0.142        4163050490                  6017860788                  
GPU 4           305.215           0.377        0.141        0.124        3282231302                  5478976681                  
GPU 5           312.217           0.384        0.145        0.125        124993451                   1673238725                  
GPU 6           323.028           0.383        0.144        0.125        292413184                   1923316518                  
GPU 7           297.297           0.376        0.145        0.145        3875461490                  5963316587                  
GPU 0           298.067           0.376        0.140        0.128        2961405710                  5565819364                  
GPU 1           325.612           0.390        0.135        0.133        191962348                   3132890473                  
GPU 2           302.539           0.383        0.143        0.127        130657379                   2449793119                  
GPU 3           291.802           0.373        0.142        0.142        4163050490                  4610653933                  
GPU 4           305.215           0.377        0.141        0.121        5523716817                  6647513383                  
GPU 5           312.217           0.384        0.145        0.125        124993451                   2612098863                  
GPU 6           323.028           0.383        0.144        0.124        145483137                   1431669401                  
GPU 7           297.297           0.385        0.145        0.124        5864999879                  5029192580                  
GPU 0           299.266           0.360        0.133        0.119        5824638255                  7547119149                  
GPU 1           317.906           0.356        0.131        0.120        154605533                   2207366579                  
GPU 2           301.915           0.360        0.137        0.114        62446720                    1004400557                  
GPU 3           282.915           0.359        0.130        0.121        5949877965                  7082445125                  
GPU 4           301.191           0.352        0.132        0.114        6785408982                  7830111298                  
GPU 5           314.681           0.357        0.136        0.114        36472113                    510810325                   
GPU 6           313.166           0.358        0.131        0.122        156808648                   2066522359                  
GPU 7           295.694           0.359        0.132        0.120        6070119494                  7040197365                  
GPU 0           301.094           0.378        0.132        0.139        2825321370                  6318524503                  
GPU 1           322.016           0.377        0.131        0.140        278338173                   3594657970                  
GPU 2           312.487           0.375        0.132        0.136        278406539                   3699617454                  
GPU 3           292.121           0.377        0.132        0.138        3611122826                  5572243637                  
GPU 4           306.596           0.379        0.133        0.139        2973151107                  6693830930                  
GPU 5           313.551           0.376        0.137        0.129        190138913                   2474637173                  
GPU 6           321.187           0.379        0.132        0.141        267803976                   3390781306                  
GPU 7           298.734           0.378        0.132        0.138        3590744839                  5830321353                  
GPU 0           301.094           0.378        0.138        0.139        2825321370                  6318524503                  
GPU 1           322.016           0.377        0.131        0.140        278338173                   3594657970                  
GPU 2           312.487           0.384        0.132        0.136        263991317                   3699617454                  
GPU 3           292.121           0.377        0.137        0.138        3611122826                  5572243637                  
GPU 4           306.596           0.379        0.133        0.138        2973151107                  6993218422                  
GPU 5           313.551           0.376        0.137        0.129        190138913                   3167516858                  
GPU 6           321.187           0.379        0.132        0.135        267803976                   3390781306                  
GPU 7           298.734           0.378        0.132        0.138        3925635977                  5830321353                  
GPU 0           303.439           0.375        0.125        0.146        2667334952                  6834327906                  
GPU 1           325.788           0.371        0.123        0.145        310054010                   3959410776                  
GPU 2           303.673           0.372        0.123        0.145        303879909                   3894752657                  
GPU 3           290.240           0.373        0.124        0.145        3407232298                  5916735425                  
GPU 4           304.935           0.384        0.137        0.134        3290808411                  6745868513                  
GPU 5           311.654           0.373        0.125        0.146        320116552                   4031498756                  
GPU 6           320.172           0.360        0.116        0.147        334130137                   4181255778                  
GPU 7           299.934           0.373        0.125        0.143        3747427082                  6691507739                  
GPU 0           303.066           0.374        0.125        0.145        2883847180                  6962341618                  
GPU 1           327.073           0.375        0.125        0.146        308939326                   3916152410                  
GPU 2           304.665           0.372        0.124        0.144        303174920                   3839599988                  
GPU 3           291.792           0.373        0.124        0.144        3566200796                  6190328031                  
GPU 4           306.446           0.379        0.131        0.142        3290917559                  6833469351                  
GPU 5           312.128           0.374        0.125        0.145        310417216                   3890806517                  
GPU 6           318.602           0.383        0.132        0.143        281803358                   3585869481                  
GPU 7           300.171           0.387        0.134        0.142        4089731804                  6173775476                  
#Entity         POWER             SMACT        TENSO        DRAMA        PCITX                       PCIRX                       
ID               W                                                                                                               
GPU 0           303.066           0.374        0.133        0.145        2883847180                  6962341618                  
GPU 1           327.073           0.375        0.125        0.146        308939326                   3916152410                  
GPU 2           304.665           0.372        0.132        0.142        299092838                   3839599988                  
GPU 3           297.401           0.373        0.136        0.144        3566200796                  6190328031                  
GPU 4           306.446           0.379        0.131        0.138        3034278164                  7325679804                  
GPU 5           312.128           0.374        0.125        0.145        310417216                   3890806517                  
GPU 6           318.602           0.383        0.132        0.144        281803358                   3979773456                  
GPU 7           300.171           0.387        0.134        0.142        3343581705                  6173775476                  
GPU 0           302.012           0.415        0.158        0.132        3435285544                  5549613035                  
GPU 1           330.319           0.389        0.138        0.139        276921916                   3698979755                  
GPU 2           311.479           0.408        0.152        0.133        207295401                   2892970978                  
GPU 3           295.428           0.391        0.139        0.138        3510460748                  5589209176                  
GPU 4           309.793           0.389        0.138        0.137        2833971238                  6487035212                  
GPU 5           313.365           0.397        0.142        0.139        254733550                   3266933390                  
GPU 6           320.307           0.403        0.147        0.138        248870352                   3190247971                  
GPU 7           306.681           0.399        0.143        0.139        3381809143                  5391721767                  
GPU 0           302.805           0.356        0.120        0.133        4109815593                  7495778008                  
GPU 1           318.798           0.360        0.125        0.132        219418958                   2850745949                  
GPU 2           303.540           0.357        0.122        0.132        252108764                   3263492598                  
GPU 3           289.593           0.359        0.124        0.131        5138298105                  6767458062                  
GPU 4           303.231           0.360        0.125        0.130        4668972552                  7368846567                  
GPU 5           309.539           0.360        0.124        0.133        231205073                   2904089034                  
GPU 6           315.958           0.365        0.125        0.136        239364327                   3055575221                  
GPU 7           297.152           0.383        0.133        0.138        3510791008                  5982855557                  
GPU 0           302.805           0.356        0.139        0.133        4109815593                  7495778008                  
GPU 1           318.798           0.360        0.125        0.132        219418958                   2850745949                  
GPU 2           303.540           0.357        0.122        0.141        238128505                   3263492598                  
GPU 3           289.593           0.359        0.153        0.131        5138298105                  6767458062                  
GPU 4           303.231           0.360        0.125        0.135        4668972552                  7368846567                  
GPU 5           309.539           0.360        0.124        0.133        231205073                   2904089034                  
GPU 6           315.958           0.365        0.125        0.138        239364327                   3055575221                  
GPU 7           297.152           0.383        0.133        0.138        5304961109                  5982855557                  
GPU 0           315.184           0.409        0.154        0.132        3818410233                  5739795977                  
GPU 1           334.332           0.405        0.150        0.135        193119231                   2634645028                  
GPU 2           322.630           0.394        0.140        0.132        160091300                   3140063526                  
GPU 3           302.342           0.409        0.151        0.134        4205571284                  5379384187                  
GPU 4           322.960           0.405        0.150        0.125        3492126935                  6006845136                  
GPU 5           323.587           0.412        0.155        0.136        173854342                   2266255851                  
GPU 6           328.425           0.408        0.153        0.135        157535910                   5804220354                  
GPU 7           321.193           0.408        0.151        0.135        4207953257                  5602020600                  
GPU 0           310.846           0.397        0.150        0.128        4360250266                  8667737770                  
GPU 1           324.624           0.392        0.148        0.128        256503227                   4631419191                  
GPU 2           314.171           0.416        0.158        0.129        282037514                   2599327472                  
GPU 3           292.279           0.398        0.129        0.128        4415228118                  8237795146                  
GPU 4           311.745           0.397        0.152        0.131        4366824144                  9837195960                  
GPU 5           316.721           0.395        0.148        0.130        297340775                   5338374873                  
GPU 6           324.060           0.394        0.149        0.128        318897148                   3569615661                  
GPU 7           302.995           0.397        0.149        0.126        4856932943                  8905181069                  
GPU 0           301.289           0.375        0.133        0.133        3138326008                  7114628486                  
GPU 1           319.768           0.377        0.134        0.133        309041163                   4040753559                  
GPU 2           302.917           0.384        0.129        0.136        322733248                   4492214344                  
GPU 3           292.614           0.368        0.138        0.131        4437973483                  6610152966                  
GPU 4           304.723           0.381        0.138        0.134        3340824161                  7261136723                  
GPU 5           315.751           0.382        0.138        0.133        287161706                   3616163825                  
GPU 6           317.596           0.380        0.137        0.132        281364049                   2804210815                  
GPU 7           297.887           0.377        0.133        0.134        3686222283                  6605041615                  
GPU 0           315.482           0.385        0.139        0.131        4745611987                  7107703410                  
GPU 1           330.828           0.381        0.136        0.133        193384713                   3134679169                  
GPU 2           312.318           0.394        0.145        0.131        171351002                   2365074276                  
GPU 3           299.580           0.383        0.144        0.130        4999460734                  6405272841                  
GPU 4           310.152           0.387        0.142        0.130        4888081921                  7198229075                  
GPU 5           319.075           0.385        0.139        0.133        195491124                   2515238674                  
GPU 6           325.203           0.382        0.136        0.134        216657365                   2216174164                  
GPU 7           306.141           0.387        0.140        0.131        5255404963                  6787912728                  
GPU 0           302.045           0.394        0.141        0.137        3588816483                  6194135044                  
GPU 1           333.852           0.395        0.143        0.135        228710390                   3866152570                  
GPU 2           314.668           0.399        0.144        0.137        209501547                   2835127511                  
GPU 3           291.947           0.394        0.132        0.133        4974433558                  6395899388                  
GPU 4           314.376           0.395        0.143        0.135        3714350934                  6610379222                  
GPU 5           318.320           0.397        0.143        0.138        204413270                   2612191519                  
GPU 6           324.454           0.390        0.142        0.134        173725858                   4057063020                  
GPU 7           308.070           0.400        0.144        0.136        4313550877                  6094666483                  
GPU 0           296.025           0.372        0.126        0.140        2439937780                  7069412042                  
GPU 1           315.906           0.372        0.125        0.142        305573624                   4854242172                  
GPU 2           295.873           0.363        0.119        0.141        370679876                   4655760251                  
GPU 3           289.723           0.382        0.131        0.139        3605324509                  5874312011                  
GPU 4           301.269           0.362        0.119        0.141        2201230053                  7239685676                  
GPU 5           310.314           0.372        0.125        0.142        374649646                   4680001553                  
GPU 6           311.182           0.378        0.129        0.142        319806104                   4245208729                  
GPU 7           298.193           0.369        0.122        0.143        2967115421                  6630332208                  
GPU 0           301.714           0.362        0.119        0.141        2208314344                  7092635970                  
GPU 1           312.115           0.371        0.126        0.140        377679762                   3879053643                  
GPU 2           296.597           0.361        0.118        0.141        361314067                   4581039974                  
GPU 3           281.120           0.351        0.110        0.140        3109501562                  6256277666                  
GPU 4           294.806           0.360        0.118        0.141        2206699419                  7206380849                  
GPU 5           304.020           0.361        0.117        0.143        380900457                   4757651519                  
GPU 6           305.926           0.380        0.132        0.139        337977439                   4994973297                  
GPU 7           293.222           0.363        0.118        0.143        3004295050                  6559435662                  
GPU 0           299.499           0.370        0.124        0.141        2977637501                  6866535664                  
GPU 1           323.773           0.363        0.118        0.143        311002989                   4608082088                  
GPU 2           305.430           0.372        0.124        0.143        287867580                   3651699605                  
GPU 3           293.042           0.371        0.131        0.143        2944503255                  6885511384                  
GPU 4           307.912           0.370        0.128        0.134        4267947172                  6940251128                  
GPU 5           311.963           0.375        0.131        0.136        197458100                   2480548937                  
GPU 6           315.071           0.350        0.110        0.145        400949272                   2641176664                  
GPU 7           298.995           0.376        0.133        0.131        5431962388                  6967917492                  
GPU 0           300.219           0.357        0.122        0.133        3785455081                  8362961653                  
GPU 1           320.021           0.359        0.125        0.132        297531383                   4396952871                  
GPU 2           299.746           0.359        0.123        0.133        311801355                   4672178734                  
GPU 3           287.043           0.364        0.122        0.130        5358311607                  6941319010                  
GPU 4           299.154           0.355        0.118        0.139        2791299002                  9162511063                  
GPU 5           305.596           0.355        0.119        0.138        410955569                   6100485916                  
GPU 6           307.838           0.371        0.131        0.132        203966589                   5837434897                  
GPU 7           294.686           0.365        0.122        0.141        3108747067                  7842119549                  
GPU 0           300.219           0.387        0.122        0.137        3785455081                  6447232659                  
GPU 1           320.021           0.359        0.123        0.143        297531383                   4396952871                  
GPU 2           307.015           0.359        0.123        0.133        311801355                   3696297493                  
GPU 3           287.043           0.364        0.122        0.140        3097381351                  6269943364                  
GPU 4           311.302           0.380        0.134        0.139        2791299002                  9162511063                  
GPU 5           315.061           0.381        0.133        0.140        281518747                   6100485916                  
GPU 6           320.714           0.361        0.120        0.132        203966589                   5837434897                  
GPU 7           303.194           0.365        0.138        0.133        3108747067                  6293512477                  
#Entity         POWER             SMACT        TENSO        DRAMA        PCITX                       PCIRX                       
ID               W                                                                                                               
GPU 0           306.193           0.375        0.144        0.126        4512517147                  6795198357                  
GPU 1           329.687           0.385        0.139        0.129        215934462                   1727859555                  
GPU 2           312.518           0.382        0.133        0.124        73727131                    902665094                   
GPU 3           296.565           0.372        0.133        0.130        5338626816                  7601747023                  
GPU 4           309.883           0.376        0.141        0.120        3086934708                  7688190744                  
GPU 5           320.062           0.381        0.144        0.121        87466357                    1064618463                  
GPU 6           320.944           0.380        0.138        0.128        196587990                   2122534770                  
GPU 7           302.855           0.372        0.136        0.123        6640022998                  7374342954                  
GPU 0           306.999           0.387        0.134        0.141        3133348829                  7294736642                  
GPU 1           324.534           0.383        0.143        0.128        297914759                   3831549564                  
GPU 2           315.197           0.391        0.144        0.132        232092298                   3203449642                  
GPU 3           296.945           0.398        0.145        0.128        5803090887                  5534396934                  
GPU 4           314.795           0.397        0.147        0.132        3712741543                  6573626745                  
GPU 5           325.092           0.396        0.144        0.136        244528828                   3128485648                  
GPU 6           320.318           0.391        0.141        0.140        307704630                   3888145489                  
GPU 7           310.055           0.399        0.146        0.135        4071352570                  6001476701                  
GPU 0           306.999           0.386        0.134        0.141        3133348829                  7083322334                  
GPU 1           324.534           0.383        0.134        0.140        213246484                   3831549564                  
GPU 2           309.976           0.391        0.144        0.132        232092298                   3917993618                  
GPU 3           296.945           0.398        0.145        0.135        3643427872                  6746041696                  
GPU 4           309.277           0.379        0.131        0.132        3712741543                  6573626745                  
GPU 5           316.400           0.390        0.138        0.137        230666540                   3128485648                  
GPU 6           319.229           0.391        0.139        0.140        307704630                   3888145489                  
GPU 7           310.055           0.399        0.136        0.137        4071352570                  6860299975                  
GPU 0           317.860           0.398        0.145        0.135        3963248936                  6355811363                  
GPU 1           328.019           0.396        0.145        0.136        133962648                   2851354926                  
GPU 2           318.058           0.400        0.146        0.136        202891767                   2673003595                  
GPU 3           303.263           0.401        0.137        0.136        4731543462                  5191275252                  
GPU 4           317.628           0.398        0.146        0.136        3718924888                  6568927021                  
GPU 5           325.786           0.402        0.147        0.139        216731104                   2762034706                  
GPU 6           327.509           0.389        0.140        0.138        126457067                   2939937103                  
GPU 7           313.252           0.386        0.155        0.134        4715966091                  5405090391                  
GPU 0           303.060           0.384        0.139        0.131        4133902190                  6337046905                  
GPU 1           328.893           0.390        0.145        0.129        211415605                   1679336930                  
GPU 2           311.132           0.390        0.142        0.132        159059315                   2032620845                  
GPU 3           295.942           0.379        0.149        0.131        4400150684                  6152401227                  
GPU 4           304.648           0.384        0.140        0.130        4005765084                  6295518201                  
GPU 5           313.933           0.391        0.144        0.132        169917296                   2093423598                  
GPU 6           321.137           0.395        0.148        0.129        185975237                   1537774173                  
GPU 7           303.502           0.412        0.136        0.132        4126872286                  6235167161                  
GPU 0           312.493           0.388        0.142        0.129        5368854486                  7143549474                  
GPU 1           325.759           0.380        0.135        0.134        232501735                   2731905214                  
GPU 2           317.569           0.391        0.143        0.131        164009920                   2157701438                  
GPU 3           298.401           0.390        0.135        0.133        4812147292                  6437105408                  
GPU 4           303.102           0.389        0.143        0.128        5595986985                  7396014712                  
GPU 5           319.409           0.390        0.143        0.131        159634993                   1998577681                  
GPU 6           324.720           0.382        0.138        0.132        275350140                   2361767319                  
GPU 7           307.317           0.382        0.141        0.131        4744006497                  7388150564                  
GPU 0           299.107           0.376        0.132        0.136        2975563045                  6353374814                  
GPU 1           322.128           0.386        0.128        0.124        216293031                   2832916155                  
GPU 2           303.216           0.370        0.132        0.129        225424101                   2974831369                  
GPU 3           290.404           0.362        0.128        0.127        5076677935                  6667637652                  
GPU 4           294.480           0.365        0.130        0.128        4243565315                  7100067921                  
GPU 5           310.725           0.374        0.133        0.133        212905117                   2704890407                  
GPU 6           311.201           0.382        0.133        0.142        136030836                   3489696402                  
GPU 7           297.941           0.388        0.133        0.126        4979427124                  6855173984                  
GPU 0           304.379           0.366        0.137        0.117        6862272408                  8045297736                  
GPU 1           322.462           0.357        0.132        0.136        245061644                   3205272487                  
GPU 2           307.508           0.382        0.137        0.133        220352718                   2967302423                  
GPU 3           294.380           0.375        0.131        0.134        4858307006                  6981650293                  
GPU 4           302.153           0.378        0.133        0.135        4430956002                  7494451293                  
GPU 5           316.125           0.383        0.144        0.124        154591266                   2034405637                  
GPU 6           317.790           0.363        0.134        0.120        297449138                   1753227069                  
GPU 7           305.288           0.370        0.134        0.134        5090115903                  7220829123                  
GPU 0           295.746           0.361        0.119        0.141        2992012177                  7606532110                  
GPU 1           314.536           0.376        0.111        0.147        363374038                   4515385776                  
GPU 2           297.043           0.357        0.112        0.148        405594749                   5017292626                  
GPU 3           284.111           0.357        0.113        0.148        2865236149                  6350476645                  
GPU 4           292.469           0.355        0.112        0.147        2056016325                  7580675197                  
GPU 5           305.228           0.353        0.111        0.146        426845372                   5290593119                  
GPU 6           309.643           0.371        0.128        0.137        408178480                   3755433811                  
GPU 7           292.815           0.379        0.113        0.148        2919291763                  7143410132                  
GPU 0           295.746           0.361        0.145        0.141        2102997162                  7606532110                  
GPU 1           314.536           0.354        0.111        0.147        363374038                   4515385776                  
GPU 2           297.043           0.384        0.112        0.139        252413331                   5017292626                  
GPU 3           284.111           0.357        0.139        0.148        2865236149                  6350476645                  
GPU 4           292.469           0.355        0.112        0.132        2056016325                  6695792950                  
GPU 5           305.228           0.353        0.111        0.146        426845372                   4025031675                  
GPU 6           309.643           0.371        0.128        0.132        408178480                   3755433811                  
GPU 7           292.815           0.358        0.113        0.148        4736369499                  7143410132                  
GPU 0           308.762           0.394        0.143        0.135        2293456000                  5227903832                  
GPU 1           330.498           0.391        0.141        0.137        263682891                   3492999005                  
GPU 2           308.302           0.390        0.143        0.131        180122611                   2383408694                  
GPU 3           296.920           0.391        0.140        0.137        2983300715                  4660986840                  
GPU 4           302.712           0.380        0.134        0.137        2337157999                  5950816088                  
GPU 5           318.621           0.392        0.144        0.132        163901101                   2054019704                  
GPU 6           318.281           0.389        0.139        0.138        238081192                   3058078705                  
GPU 7           304.676           0.399        0.144        0.138        2914234665                  4967948016                  
GPU 0           310.856           0.395        0.143        0.137        2567211518                  6119247696                  
GPU 1           331.471           0.393        0.142        0.137        288226955                   3721855329                  
GPU 2           313.177           0.395        0.143        0.137        254536956                   3370704980                  
GPU 3           297.753           0.392        0.141        0.136        3241581062                  5397846678                  
GPU 4           305.351           0.398        0.146        0.135        2566888748                  5742230252                  
GPU 5           323.112           0.399        0.146        0.136        221200257                   2867932214                  
GPU 6           319.597           0.390        0.140        0.138        273435653                   3450669202                  
GPU 7           309.815           0.394        0.142        0.137        3308848279                  5475343601                  
GPU 0           310.856           0.395        0.129        0.137        2567211518                  6119247696                  
GPU 1           331.471           0.393        0.142        0.137        288226955                   3721855329                  
GPU 2           313.177           0.389        0.131        0.140        265291874                   3370704980                  
GPU 3           293.333           0.392        0.130        0.136        3241581062                  5397846678                  
GPU 4           305.351           0.398        0.146        0.138        3019333042                  7048893470                  
GPU 5           323.112           0.399        0.146        0.136        221200257                   3494696126                  
GPU 6           319.597           0.390        0.140        0.141        273435653                   3968737480                  
GPU 7           309.815           0.394        0.142        0.137        3424526580                  5475343601                  
GPU 0           303.961           0.375        0.128        0.139        3248636940                  7210828731                  
GPU 1           318.946           0.369        0.124        0.140        315469505                   4041134934                  
GPU 2           304.500           0.375        0.128        0.140        300088127                   3830446630                  
GPU 3           291.796           0.371        0.125        0.139        3698408783                  6369863944                  
GPU 4           298.177           0.369        0.126        0.137        3368818632                  7245741922                  
GPU 5           312.466           0.373        0.127        0.140        321284079                   4022637101                  
GPU 6           315.355           0.373        0.130        0.135        232058876                   2884011141                  
GPU 7           298.413           0.375        0.131        0.136        4364716770                  6755198080                  
#Entity         POWER             SMACT        TENSO        DRAMA        PCITX                       PCIRX                       
ID               W                                                                                                               
GPU 0           312.388           0.389        0.143        0.129        5140955896                  6937653647                  
GPU 1           328.594           0.386        0.141        0.131        197405546                   2632295840                  
GPU 2           315.960           0.392        0.144        0.131        150010680                   2047947662                  
GPU 3           297.899           0.386        0.141        0.129        5658003149                  6492876034                  
GPU 4           303.464           0.380        0.134        0.134        3965081361                  6683749227                  
GPU 5           321.093           0.389        0.143        0.131        148306109                   1924876080                  
GPU 6           321.129           0.386        0.139        0.134        191784584                   2487406102                  
GPU 7           311.649           0.386        0.138        0.133        4697382082                  6093860406                  
GPU 0           312.388           0.389        0.127        0.129        5140955896                  6937653647                  
GPU 1           328.594           0.386        0.141        0.131        197405546                   2632295840                  
GPU 2           315.960           0.392        0.129        0.143        275421685                   2047947662                  
GPU 3           294.081           0.386        0.130        0.129        5658003149                  6492876034                  
GPU 4           303.464           0.380        0.134        0.137        3317543306                  7097772950                  
GPU 5           321.093           0.389        0.143        0.131        148306109                   1924876080                  
GPU 6           321.129           0.386        0.139        0.142        191784584                   3720029983                  
GPU 7           311.649           0.386        0.138        0.133        4279842002                  6093860406                  
GPU 0           318.570           0.386        0.141        0.130        4361023298                  6542790397                  
GPU 1           340.395           0.405        0.150        0.135        168059499                   2190800047                  
GPU 2           313.470           0.384        0.141        0.129        150214188                   1931194531                  
GPU 3           306.900           0.408        0.151        0.134        4095598010                  4815050098                  
GPU 4           309.697           0.393        0.144        0.132        3843496083                  6654031762                  
GPU 5           332.261           0.405        0.151        0.135        178477487                   2225822385                  
GPU 6           328.115           0.372        0.131        0.134        251603708                   3166464264                  
GPU 7           315.330           0.405        0.150        0.133        4333930544                  5583952507                  
GPU 0           302.277           0.400        0.148        0.133        3729462848                  7550264497                  
GPU 1           325.148           0.375        0.133        0.135        342510689                   5197325235                  
GPU 2           307.963           0.401        0.147        0.135        249630031                   3779046453                  
GPU 3           289.860           0.378        0.135        0.134        3845606322                  7422479545                  
GPU 4           296.563           0.398        0.148        0.133        3770645853                  8127817856                  
GPU 5           317.530           0.383        0.138        0.135        347415628                   5276813064                  
GPU 6           323.300           0.412        0.155        0.135        167652550                   2121983597                  
GPU 7           303.522           0.382        0.137        0.134        3905724466                  8001615710                  
GPU 0           302.277           0.400        0.118        0.133        3729462848                  7550264497                  
GPU 1           325.148           0.375        0.133        0.135        342510689                   5197325235                  
GPU 2           307.963           0.401        0.147        0.142        361607159                   3779046453                  
GPU 3           289.860           0.378        0.118        0.134        3845606322                  7422479545                  
GPU 4           296.563           0.398        0.148        0.142        3770645853                  8127817856                  
GPU 5           317.530           0.383        0.138        0.135        347415628                   5276813064                  
GPU 6           323.300           0.412        0.155        0.137        167652550                   2121983597                  
GPU 7           303.522           0.382        0.137        0.134        3905724466                  8001615710                  
GPU 0           305.808           0.378        0.130        0.139        3209461332                  6801583069                  
GPU 1           324.913           0.369        0.124        0.140        298551702                   3816630648                  
GPU 2           303.577           0.350        0.112        0.139        264434365                   4584804002                  
GPU 3           297.059           0.361        0.135        0.141        3252903235                  5976574281                  
GPU 4           300.922           0.346        0.108        0.137        2049880457                  7276018605                  
GPU 5           315.649           0.371        0.125        0.141        302205655                   3794791667                  
GPU 6           319.004           0.368        0.124        0.141        295938945                   3939889745                  
GPU 7           299.180           0.371        0.125        0.140        3680382461                  6639825911                  
GPU 0           306.310           0.388        0.137        0.138        2414058984                  6241083906                  
GPU 1           327.679           0.377        0.130        0.138        293596342                   3833293593                  
GPU 2           303.129           0.382        0.132        0.138        292157254                   3377243684                  
GPU 3           297.059           0.384        0.144        0.136        3830413645                  6137496368                  
GPU 4           300.832           0.390        0.139        0.135        3421452462                  6594009021                  
GPU 5           315.580           0.380        0.132        0.139        327037019                   4094518667                  
GPU 6           316.386           0.389        0.139        0.137        312032822                   3939889745                  
GPU 7           301.726           0.381        0.132        0.139        3070685659                  6130693856                  
GPU 0           315.841           0.388        0.147        0.121        6160358057                  6518163305                  
GPU 1           334.839           0.394        0.149        0.126        63395851                    806873832                   
GPU 2           313.512           0.386        0.135        0.123        56420698                    3757373140                  
GPU 3           297.207           0.392        0.137        0.129        4729046083                  5496029031                  
GPU 4           308.834           0.402        0.147        0.115        3155430326                  6195441123                  
GPU 5           322.553           0.399        0.152        0.125        52478103                    620346428                   
GPU 6           323.744           0.392        0.144        0.131        148361026                   2392114400                  
GPU 7           306.060           0.398        0.151        0.122        6106823676                  5912701340                  
GPU 0           306.527           0.380        0.133        0.138        3289440707                  7214705395                  
GPU 1           324.992           0.382        0.137        0.134        262377532                   3404491486                  
GPU 2           308.411           0.383        0.148        0.149        316244319                   4062806622                  
GPU 3           297.657           0.384        0.134        0.127        5437755745                  5990688239                  
GPU 4           303.097           0.383        0.133        0.139        6593918427                  6823933787                  
GPU 5           314.314           0.384        0.136        0.146        285904409                   3590467430                  
GPU 6           319.690           0.381        0.140        0.128        192005867                   3705725836                  
GPU 7           299.536           0.385        0.136        0.136        4026561788                  6443736905                  
GPU 0           311.161           0.399        0.146        0.135        3649582336                  6405913505                  
GPU 1           327.153           0.391        0.140        0.138        257025730                   3347289273                  
GPU 2           305.877           0.386        0.135        0.138        250665723                   3289962725                  
GPU 3           285.209           0.371        0.125        0.139        3569742891                  6294678727                  
GPU 4           300.381           0.372        0.126        0.139        3283669392                  7137390754                  
GPU 5           312.667           0.374        0.127        0.140        297164610                   3759130069                  
GPU 6           313.366           0.379        0.131        0.140        294462235                   4149319300                  
GPU 7           306.879           0.376        0.128        0.139        3918672583                  6755440599                  
GPU 0           302.371           0.366        0.120        0.142        2752885681                  7123310902                  
GPU 1           323.982           0.367        0.121        0.142        329286657                   3611548537                  
GPU 2           300.141           0.370        0.122        0.142        332770931                   4179646489                  
GPU 3           291.742           0.367        0.121        0.139        3851261368                  6691060653                  
GPU 4           296.138           0.369        0.123        0.141        3008570204                  7616580194                  
GPU 5           313.370           0.372        0.123        0.143        361249157                   4476801825                  
GPU 6           317.231           0.365        0.120        0.143        329149089                   4493313606                  
GPU 7           295.786           0.370        0.122        0.142        3776128665                  7232642894                  
GPU 0           319.934           0.359        0.123        0.132        4618184165                  7766837603                  
GPU 1           340.176           0.355        0.117        0.139        288573975                   1905601230                  
GPU 2           307.827           0.358        0.122        0.134        257467599                   3320773039                  
GPU 3           307.605           0.393        0.145        0.141        3743240227                  6221914732                  
GPU 4           302.512           0.374        0.134        0.130        5044526996                  7307378606                  
GPU 5           318.719           0.393        0.145        0.131        130265858                   1646519847                  
GPU 6           324.609           0.377        0.127        0.129        114646632                   1462711191                  
GPU 7           294.792           0.391        0.143        0.130        5315820103                  6351285838                  
GPU 0           308.397           0.415        0.155        0.135        3983261179                  6287528773                  
GPU 1           327.597           0.407        0.154        0.131        143627061                   3642441096                  
GPU 2           313.372           0.418        0.156        0.136        189778378                   2399767947                  
GPU 3           291.848           0.381        0.135        0.130        5394075480                  5664646659                  
GPU 4           309.419           0.398        0.144        0.136        3588166792                  6671019967                  
GPU 5           324.577           0.393        0.139        0.140        296434585                   3681436465                  
GPU 6           323.811           0.397        0.150        0.137        252853247                   3216948316                  
GPU 7           314.479           0.390        0.137        0.140        3669996036                  6436806508                  
GPU 0           304.966           0.378        0.139        0.125        4919901844                  6727644023                  
GPU 1           324.305           0.390        0.139        0.138        274607311                   2706178348                  
GPU 2           299.022           0.374        0.135        0.129        207028568                   2749659138                  
GPU 3           293.768           0.369        0.132        0.135        3932204300                  7023001988                  
GPU 4           301.606           0.371        0.135        0.126        4755632760                  7082748772                  
GPU 5           313.835           0.370        0.133        0.129        195473853                   2490436417                  
GPU 6           317.183           0.386        0.138        0.128        190312089                   2434910305                  
GPU 7           302.530           0.366        0.133        0.123        5827419875                  7265999304                  
#Entity         POWER             SMACT        TENSO        DRAMA        PCITX                       PCIRX                       
ID               W                                                                                                               
GPU 0           304.966           0.387        0.139        0.138        4919901844                  6655688823                  
GPU 1           324.305           0.390        0.130        0.128        230978403                   2706178348                  
GPU 2           314.274           0.374        0.135        0.129        207028568                   2782533144                  
GPU 3           293.768           0.369        0.132        0.127        5706167237                  5142819532                  
GPU 4           307.728           0.398        0.144        0.126        4755632760                  7082748772                  
GPU 5           324.909           0.408        0.150        0.139        202149039                   2490436417                  
GPU 6           330.197           0.368        0.132        0.128        190312089                   2434910305                  
GPU 7           304.403           0.366        0.145        0.138        5827419875                  5423225485                  
GPU 0           309.888           0.402        0.146        0.138        2756831306                  5834662870                  
GPU 1           330.340           0.404        0.149        0.137        271567476                   3087956158                  
GPU 2           313.740           0.398        0.143        0.139        232537831                   2986733586                  
GPU 3           300.313           0.398        0.146        0.138        3375698273                  5739998214                  
GPU 4           309.184           0.405        0.150        0.138        3154952675                  6017364334                  
GPU 5           323.314           0.405        0.149        0.137        227755149                   2605653491                  
GPU 6           327.795           0.400        0.146        0.138        277385751                   2993362736                  
GPU 7           307.943           0.400        0.152        0.135        3776838977                  5316383473                  
GPU 0           312.225           0.392        0.140        0.137        3220219563                  6539519515                  
GPU 1           332.512           0.383        0.133        0.139        253797410                   3546858687                  
GPU 2           306.563           0.394        0.141        0.137        283968155                   3692797820                  
GPU 3           301.015           0.384        0.145        0.135        3938043532                  5674414094                  
GPU 4           302.183           0.378        0.130        0.134        2806323315                  5828013372                  
GPU 5           315.420           0.387        0.135        0.140        301798058                   2870307661                  
GPU 6           311.756           0.386        0.136        0.139        302068350                   3499147425                  
GPU 7           303.481           0.410        0.137        0.139        3463714770                  6364793899                  
GPU 0           306.750           0.384        0.134        0.139        3475573051                  6786769989                  
GPU 1           326.187           0.368        0.140        0.139        332563794                   3241812090                  
GPU 2           307.043           0.385        0.131        0.135        199714267                   3878390996                  
GPU 3           294.319           0.370        0.124        0.139        3354890861                  5954972156                  
GPU 4           304.062           0.386        0.135        0.132        3188499153                  6487484339                  
GPU 5           315.762           0.381        0.132        0.142        318289053                   2158066093                  
GPU 6           321.205           0.394        0.140        0.143        293031906                   3746773854                  
GPU 7           301.689           0.376        0.128        0.142        3210789568                  6647075593                  
GPU 0           311.722           0.393        0.143        0.132        4843080806                  7030540976                  
GPU 1           331.254           0.384        0.141        0.130        157114617                   2163915400                  
GPU 2           312.961           0.391        0.145        0.130        142433846                   1916098959                  
GPU 3           298.962           0.388        0.142        0.129        5648194352                  6518973851                  
GPU 4           305.363           0.388        0.144        0.128        5121338751                  6847560764                  
GPU 5           321.872           0.391        0.143        0.132        168415558                   1779156962                  
GPU 6           325.759           0.390        0.130        0.127        96947807                    1249855175                  
GPU 7           305.678           0.388        0.141        0.130        5389231901                  6610332513                  
GPU 0           304.253           0.377        0.138        0.128        5124501659                  6967297597                  
GPU 1           328.517           0.388        0.144        0.129        135297355                   1779017212                  
GPU 2           301.055           0.366        0.125        0.137        271666840                   3408148406                  
GPU 3           291.134           0.391        0.147        0.126        6053395477                  6380157187                  
GPU 4           301.718           0.372        0.129        0.137        3834182343                  7380881118                  
GPU 5           311.068           0.372        0.145        0.131        138985335                   3363233596                  
GPU 6           318.441           0.380        0.146        0.131        170670664                   2158041468                  
GPU 7           294.894           0.387        0.143        0.127        5660886432                  6275330218                  
GPU 0           312.586           0.361        0.132        0.121        5515446661                  7083285195                  
GPU 1           319.142           0.346        0.137        0.138        182697227                   3274285152                  
GPU 2           305.601           0.370        0.133        0.129        190416472                   2382458572                  
GPU 3           300.845           0.351        0.136        0.132        4849599869                  6357983144                  
GPU 4           305.339           0.372        0.134        0.128        4709157991                  7258051216                  
GPU 5           319.952           0.372        0.129        0.137        272579721                   2401136758                  
GPU 6           318.441           0.348        0.138        0.124        161632411                   1964691925                  
GPU 7           304.246           0.368        0.127        0.137        5117190986                  7062179601                  
GPU 0           302.836           0.374        0.125        0.145        2542579688                  7196611868                  
GPU 1           332.056           0.384        0.120        0.140        291717420                   3693795361                  
GPU 2           297.571           0.369        0.122        0.144        330393476                   4194834519                  
GPU 3           287.460           0.378        0.120        0.138        4392518932                  6378371213                  
GPU 4           297.863           0.360        0.119        0.140        3463172095                  7130037347                  
GPU 5           312.995           0.379        0.128        0.146        348033806                   4308853395                  
GPU 6           313.212           0.388        0.137        0.142        328562955                   4113027461                  
GPU 7           295.206           0.376        0.123        0.141        4074395041                  6939766707                  
GPU 0           308.212           0.364        0.129        0.130        5165928306                  7473173499                  
GPU 1           319.391           0.360        0.135        0.132        186347051                   2532890578                  
GPU 2           309.454           0.367        0.132        0.128        179219999                   2419579012                  
GPU 3           301.594           0.359        0.138        0.132        5479041343                  6571783899                  
GPU 4           305.452           0.376        0.136        0.130        5163381475                  7347886584                  
GPU 5           317.127           0.367        0.130        0.132        184941451                   2358745299                  
GPU 6           320.259           0.363        0.127        0.144        223572939                   2855555989                  
GPU 7           300.663           0.367        0.134        0.129        5732947193                  7189044637                  
GPU 0           321.760           0.364        0.154        0.130        4497093058                  7473173499                  
GPU 1           335.566           0.376        0.135        0.132        186347051                   2532890578                  
GPU 2           309.454           0.421        0.159        0.136        89128164                    2419579012                  
GPU 3           312.444           0.382        0.157        0.132        5479041343                  6571783899                  
GPU 4           305.452           0.376        0.136        0.134        4415340471                  5775536974                  
GPU 5           317.127           0.367        0.130        0.132        184941451                   1144683082                  
GPU 6           320.259           0.363        0.127        0.135        189063608                   1797982073                  
GPU 7           300.663           0.373        0.134        0.129        4878175647                  7189044637                  
GPU 0           309.293           0.390        0.142        0.131        4758029585                  6843522156                  
GPU 1           331.555           0.388        0.142        0.132        167546235                   2236718031                  
GPU 2           311.027           0.418        0.159        0.133        114966663                   1484421085                  
GPU 3           296.825           0.384        0.138        0.132        5108989912                  6425452313                  
GPU 4           303.349           0.400        0.150        0.127        5574799527                  6824235847                  
GPU 5           319.019           0.419        0.160        0.133        109890824                   1346751590                  
GPU 6           324.731           0.387        0.140        0.133        179538368                   2298770376                  
GPU 7           307.641           0.392        0.145        0.128        5860638610                  6335250933                  
GPU 0           313.386           0.393        0.141        0.137        2389955154                  5693370758                  
GPU 1           332.309           0.394        0.141        0.139        236009851                   2975734682                  
GPU 2           311.333           0.380        0.133        0.137        250863269                   3255476962                  
GPU 3           302.939           0.399        0.145        0.137        3156638236                  4788842833                  
GPU 4           308.200           0.394        0.142        0.136        2736265345                  5792440072                  
GPU 5           317.988           0.377        0.131        0.137        262329823                   3327709362                  
GPU 6           319.310           0.394        0.142        0.138        245378579                   3011242936                  
GPU 7           303.583           0.399        0.144        0.136        3295776956                  5314043247                  
GPU 0           313.386           0.393        0.145        0.137        2389955154                  5693370758                  
GPU 1           332.309           0.394        0.141        0.139        236009851                   2975734682                  
GPU 2           311.333           0.402        0.133        0.137        261675611                   3255476962                  
GPU 3           302.939           0.399        0.136        0.137        3156638236                  4788842833                  
GPU 4           308.200           0.394        0.142        0.139        2736265345                  6861123875                  
GPU 5           317.988           0.377        0.131        0.137        262329823                   2810746276                  
GPU 6           319.310           0.394        0.142        0.138        245378579                   3011242936                  
GPU 7           303.583           0.399        0.144        0.136        3249326709                  5314043247                  
GPU 0           314.570           0.368        0.122        0.143        2784481827                  6815069503                  
GPU 1           323.138           0.387        0.143        0.136        309483306                   3436724657                  
GPU 2           307.903           0.384        0.145        0.139        305728727                   3619031585                  
GPU 3           302.406           0.386        0.138        0.139        4482966488                  5952192027                  
GPU 4           307.072           0.376        0.130        0.139        2476986366                  6839916921                  
GPU 5           324.678           0.399        0.147        0.135        257672806                   3964011343                  
GPU 6           326.806           0.376        0.128        0.143        289972176                   3799537023                  
GPU 7           307.845           0.386        0.132        0.141        3215259589                  6149498994                  
#Entity         POWER             SMACT        TENSO        DRAMA        PCITX                       PCIRX                       
ID               W                                                                                                               
GPU 0           310.005           0.393        0.145        0.133        4049693598                  8697661525                  
GPU 1           324.944           0.382        0.135        0.138        336112265                   4947520718                  
GPU 2           307.310           0.384        0.136        0.135        223376524                   4584038659                  
GPU 3           296.636           0.381        0.137        0.134        4114427367                  8394616531                  
GPU 4           304.252           0.396        0.144        0.135        4007290870                  7618858733                  
GPU 5           320.286           0.385        0.136        0.139        315320282                   4272480830                  
GPU 6           317.773           0.394        0.146        0.133        310633740                   5300900424                  
GPU 7           300.708           0.394        0.144        0.134        4440524197                  8489846153                  
GPU 0           310.005           0.393        0.135        0.133        4049693598                  8697661525                  
GPU 1           324.944           0.382        0.135        0.138        336112265                   4947520718                  
GPU 2           307.310           0.384        0.127        0.138        322237445                   4584038659                  
GPU 3           289.770           0.381        0.131        0.134        4114427367                  8394616531                  
GPU 4           304.252           0.396        0.144        0.137        5083950445                  8715454724                  
GPU 5           320.286           0.385        0.136        0.139        315320282                   4272480830                  
GPU 6           317.773           0.394        0.146        0.137        310633740                   3609784050                  
GPU 7           300.708           0.394        0.144        0.134        4625614804                  8489846153                  
GPU 0           302.439           0.381        0.131        0.136        3763586826                  7207052267                  
GPU 1           327.669           0.368        0.132        0.130        201242680                   4303609547                  
GPU 2           303.545           0.366        0.130        0.132        211048768                   2716916789                  
GPU 3           292.848           0.377        0.131        0.137        4265970594                  6540251039                  
GPU 4           293.692           0.364        0.128        0.128        2270594956                  7470904364                  
GPU 5           318.042           0.373        0.134        0.131        211379904                   2678112769                  
GPU 6           312.842           0.365        0.132        0.128        171611068                   2187613595                  
GPU 7           299.145           0.368        0.131        0.129        5430008330                  7195605395                  
GPU 0           299.367           0.367        0.124        0.129        4847540495                  7079886298                  
GPU 1           323.589           0.371        0.123        0.146        338193443                   3930421639                  
GPU 2           301.615           0.374        0.134        0.139        304721589                   3991613497                  
GPU 3           296.732           0.365        0.130        0.126        5581599210                  6644103370                  
GPU 4           299.389           0.377        0.128        0.144        5415300133                  6613845492                  
GPU 5           313.448           0.373        0.124        0.147        341191477                   4279010869                  
GPU 6           316.870           0.371        0.123        0.147        344026867                   4306441939                  
GPU 7           296.509           0.374        0.125        0.144        3061537582                  6373455654                  
GPU 0           302.883           0.373        0.133        0.145        2118045389                  6462964352                  
GPU 1           320.496           0.358        0.130        0.121        225324421                   5095795852                  
GPU 2           301.992           0.377        0.120        0.134        198153627                   2556625169                  
GPU 3           287.832           0.379        0.125        0.141        3795768938                  6017487984                  
GPU 4           295.254           0.371        0.134        0.126        3789295234                  8383277046                  
GPU 5           312.303           0.356        0.132        0.118        251677518                   4749437508                  
GPU 6           316.006           0.355        0.130        0.119        242818338                   4512301707                  
GPU 7           296.176           0.361        0.130        0.122        6331226336                  9110750117                  
GPU 0           303.009           0.354        0.123        0.114        6551110300                  10874572910                 
GPU 1           323.801           0.368        0.127        0.139        325897053                   3733338001                  
GPU 2           298.612           0.340        0.132        0.125        456703557                   8251098007                  
GPU 3           301.030           0.337        0.126        0.111        6470795177                  11736602297                 
GPU 4           299.338           0.361        0.127        0.131        2532442789                  10861161256                 
GPU 5           313.635           0.376        0.129        0.143        344601276                   5182674596                  
GPU 6           316.529           0.371        0.127        0.141        349781571                   5373091258                  
GPU 7           299.875           0.368        0.128        0.136        4174945098                  9138133609                  
GPU 0           303.009           0.370        0.138        0.144        2773807950                  7073428641                  
GPU 1           329.400           0.369        0.122        0.145        300470360                   3733338001                  
GPU 2           297.727           0.382        0.150        0.142        326115196                   4168266980                  
GPU 3           309.227           0.375        0.147        0.143        3513355317                  5614341770                  
GPU 4           301.634           0.374        0.126        0.143        4598242179                  6777371457                  
GPU 5           317.141           0.378        0.128        0.144        295666769                   3675154562                  
GPU 6           314.375           0.375        0.126        0.144        304178235                   3793417243                  
GPU 7           302.784           0.372        0.124        0.145        3064063696                  6224167175                  
GPU 0           303.634           0.413        0.158        0.129        5313272552                  6058785053                  
GPU 1           339.709           0.423        0.165        0.129        31445614                    3954498478                  
GPU 2           319.234           0.407        0.148        0.136        135450506                   1685127767                  
GPU 3           306.813           0.403        0.151        0.137        3638259896                  4733574651                  
GPU 4           311.963           0.416        0.159        0.131        3351096340                  5421970178                  
GPU 5           330.095           0.417        0.160        0.132        72966092                    835512541                   
GPU 6           332.162           0.415        0.159        0.131        70575214                    813731278                   
GPU 7           317.066           0.417        0.159        0.130        5333843743                  5337779635                  
GPU 0           307.157           0.394        0.141        0.138        2460171807                  5671096406                  
GPU 1           332.093           0.370        0.123        0.143        317819984                   3237874780                  
GPU 2           308.081           0.401        0.129        0.133        169009418                   2184446820                  
GPU 3           296.213           0.403        0.141        0.130        5843907937                  5925026053                  
GPU 4           302.545           0.383        0.134        0.137        2355071923                  6877095544                  
GPU 5           319.207           0.397        0.142        0.139        253759595                   3120140739                  
GPU 6           322.206           0.395        0.141        0.140        250507257                   3086723108                  
GPU 7           303.859           0.396        0.141        0.138        3245194577                  5226699561                  
GPU 0           313.774           0.353        0.111        0.144        2022003084                  6872540040                  
GPU 1           314.624           0.379        0.130        0.140        263475667                   2617465223                  
GPU 2           292.838           0.378        0.120        0.141        299611137                   3811870499                  
GPU 3           289.162           0.395        0.111        0.138        3155099873                  5028054994                  
GPU 4           292.059           0.375        0.128        0.141        2572273122                  6382375177                  
GPU 5           305.097           0.353        0.110        0.145        375327781                   4667456273                  
GPU 6           312.458           0.351        0.110        0.145        375907779                   4686258500                  
GPU 7           297.845           0.356        0.112        0.146        2877092135                  6506279276                  
GPU 0           314.363           0.401        0.147        0.135        3396699442                  5627254789                  
GPU 1           338.814           0.386        0.136        0.139        208339930                   2321947051                  
GPU 2           314.163           0.411        0.154        0.134        199665215                   2714709744                  
GPU 3           302.851           0.404        0.150        0.133        4137504297                  4928910397                  
GPU 4           310.435           0.386        0.136        0.139        3787560162                  5881668363                  
GPU 5           327.751           0.411        0.153        0.136        152642612                   1903733011                  
GPU 6           325.631           0.405        0.150        0.136        167856811                   2074985172                  
GPU 7           309.061           0.406        0.150        0.134        4107481137                  5292276301                  
GPU 0           304.351           0.394        0.142        0.135        3864544021                  6747427429                  
GPU 1           321.945           0.404        0.149        0.135        185843711                   3619728198                  
GPU 2           301.946           0.375        0.127        0.140        300495079                   3902502398                  
GPU 3           294.133           0.380        0.130        0.139        3997730795                  6237140674                  
GPU 4           298.405           0.401        0.148        0.133        3296658636                  6003625128                  
GPU 5           312.928           0.372        0.125        0.141        312920483                   3903270248                  
GPU 6           317.271           0.387        0.137        0.137        215147021                   2694760994                  
GPU 7           304.138           0.383        0.132        0.139        4075914736                  6598293785                  
GPU 0           330.091           0.382        0.133        0.140        2567648561                  6089971548                  
GPU 1           337.320           0.369        0.124        0.141        287216183                   1914919735                  
GPU 2           312.616           0.401        0.145        0.138        206513146                   2683980786                  
GPU 3           303.257           0.399        0.144        0.139        3616227371                  5239811541                  
GPU 4           307.424           0.376        0.129        0.139        3073525732                  7142552970                  
GPU 5           322.499           0.406        0.149        0.138        192147974                   2416444320                  
GPU 6           322.832           0.411        0.136        0.140        264299751                   3325163901                  
GPU 7           314.303           0.402        0.145        0.139        3642650753                  5452302362                  
GPU 0           302.048           0.413        0.154        0.135        3692630613                  6144902936                  
GPU 1           320.765           0.385        0.136        0.138        308972100                   4239310815                  
GPU 2           302.630           0.406        0.149        0.137        216681917                   2879326232                  
GPU 3           291.879           0.396        0.143        0.136        4215394988                  5893643517                  
GPU 4           299.286           0.388        0.139        0.136        3397043226                  7967555924                  
GPU 5           311.227           0.385        0.136        0.137        329531630                   5041915013                  
GPU 6           312.979           0.368        0.153        0.137        171978820                   2197265556                  
GPU 7           298.279           0.391        0.139        0.137        4049480924                  7073892232                  
#Entity         POWER             SMACT        TENSO        DRAMA        PCITX                       PCIRX                       
ID               W                                                                                                               
GPU 0           299.935           0.358        0.119        0.138        2868375473                  8975755006                  
GPU 1           317.346           0.338        0.115        0.126        238820321                   3863169768                  
GPU 2           295.994           0.344        0.112        0.136        379911023                   5972157940                  
GPU 3           283.822           0.339        0.113        0.129        4459533242                  8361079405                  
GPU 4           289.616           0.342        0.121        0.121        5571729172                  7801627153                  
GPU 5           310.143           0.350        0.126        0.122        128726928                   1590735311                  
GPU 6           307.916           0.347        0.127        0.136        397858015                   6376923197                  
GPU 7           295.507           0.349        0.122        0.123        5767143757                  7885167406                  
GPU 0           299.964           0.352        0.131        0.115        6894077112                  7513237229                  
GPU 1           318.937           0.357        0.128        0.127        180323899                   2162611008                  
GPU 2           297.380           0.355        0.131        0.119        110995023                   1308640277                  
GPU 3           288.223           0.355        0.128        0.123        6250641546                  7118712033                  
GPU 4           297.033           0.360        0.125        0.133        4349172997                  7581739339                  
GPU 5           310.707           0.360        0.123        0.136        288433012                   3520532347                  
GPU 6           311.802           0.356        0.124        0.122        136542177                   1682288501                  
GPU 7           299.562           0.361        0.126        0.131        5150597058                  7123315379                  
GPU 0           299.964           0.351        0.116        0.144        2322493025                  6784136176                  
GPU 1           311.751           0.363        0.120        0.142        293576560                   2162611008                  
GPU 2           294.979           0.365        0.131        0.141        293660648                   3674555633                  
GPU 3           288.223           0.364        0.128        0.140        3141507695                  5551082754                  
GPU 4           293.587           0.361        0.120        0.133        4349172997                  6653106251                  
GPU 5           310.761           0.359        0.118        0.141        377037292                   5494978658                  
GPU 6           313.088           0.356        0.116        0.140        392821619                   1682288501                  
GPU 7           299.562           0.360        0.118        0.141        3063550993                  7308474331                  
GPU 0           296.000           0.355        0.118        0.139        2092498360                  8402897740                  
GPU 1           315.170           0.355        0.117        0.138        372421419                   5784851539                  
GPU 2           292.097           0.344        0.108        0.140        411550841                   6282319690                  
GPU 3           283.262           0.355        0.117        0.138        2894415979                  7469571782                  
GPU 4           288.459           0.355        0.118        0.137        2223248700                  9375100801                  
GPU 5           303.578           0.358        0.119        0.139        363097421                   5534928755                  
GPU 6           307.822           0.355        0.118        0.139        350397141                   5234595484                  
GPU 7           291.002           0.354        0.117        0.137        2882363920                  7598844404                  
GPU 0           314.925           0.356        0.137        0.139        3869195593                  7173903461                  
GPU 1           335.585           0.359        0.118        0.141        311917921                   4512073204                  
GPU 2           300.049           0.356        0.118        0.139        307220015                   4572197314                  
GPU 3           301.050           0.357        0.118        0.139        3523041446                  6839041541                  
GPU 4           295.351           0.362        0.120        0.141        2852021909                  8002621386                  
GPU 5           307.495           0.372        0.127        0.141        284998435                   3962825082                  
GPU 6           316.232           0.389        0.138        0.141        214827022                   2691357384                  
GPU 7           306.661           0.385        0.134        0.141        4205132030                  6002323103                  
GPU 0           314.925           0.388        0.131        0.139        2526705094                  6651163634                  
GPU 1           327.947           0.383        0.135        0.139        216090745                   4512073204                  
GPU 2           306.104           0.372        0.118        0.140        324848434                   2654876953                  
GPU 3           288.443           0.372        0.127        0.137        4193498578                  5818767518                  
GPU 4           303.269           0.384        0.135        0.138        2852021909                  6744883329                  
GPU 5           313.221           0.380        0.132        0.140        259784420                   3274336055                  
GPU 6           319.935           0.389        0.134        0.140        277143335                   3580103901                  
GPU 7           306.661           0.385        0.135        0.139        3382882236                  5758998971                  
GPU 0           301.221           0.378        0.115        0.145        2058351878                  6567388151                  
GPU 1           319.772           0.377        0.131        0.140        319766461                   4094415158                  
GPU 2           304.257           0.366        0.121        0.144        329036673                   4163480284                  
GPU 3           290.201           0.363        0.118        0.140        2875701334                  5534508131                  
GPU 4           300.406           0.378        0.131        0.140        2346000673                  6514559900                  
GPU 5           313.042           0.375        0.129        0.141        337400599                   4199830143                  
GPU 6           319.964           0.353        0.112        0.147        352366242                   4390233861                  
GPU 7           293.461           0.356        0.113        0.147        2852461965                  6137013028                  
GPU 0           309.193           0.357        0.132        0.130        4463566676                  6550265846                  
GPU 1           325.089           0.363        0.119        0.144        312689108                   3983032380                  
GPU 2           298.123           0.366        0.129        0.130        218022202                   2762463482                  
GPU 3           290.922           0.367        0.129        0.145        5157593104                  6813037253                  
GPU 4           296.607           0.363        0.120        0.143        2222644737                  6796914715                  
GPU 5           308.931           0.374        0.128        0.140        297548379                   3729690089                  
GPU 6           315.001           0.372        0.128        0.139        291792640                   3713974838                  
GPU 7           297.928           0.378        0.133        0.136        4145727244                  6170798937                  
GPU 0           309.193           0.371        0.132        0.130        4463566676                  7257426737                  
GPU 1           325.089           0.363        0.128        0.131        84876093                    3983032380                  
GPU 2           304.060           0.366        0.129        0.130        218022202                   2762463482                  
GPU 3           290.922           0.367        0.129        0.129        5157593104                  7019266443                  
GPU 4           298.002           0.366        0.136        0.143        2222644737                  6796914715                  
GPU 5           315.740           0.355        0.134        0.114        28838363                    3729690089                  
GPU 6           312.672           0.372        0.132        0.139        291792640                   3713974838                  
GPU 7           297.928           0.378        0.135        0.109        4145727244                  7365580622                  
GPU 0           311.745           0.373        0.142        0.119        2670899799                  7134821070                  
GPU 1           324.416           0.383        0.140        0.120        283331755                   1056019329                  
GPU 2           311.182           0.377        0.144        0.122        111712080                   1438866951                  
GPU 3           301.339           0.379        0.139        0.117        6927824430                  5385824933                  
GPU 4           305.608           0.375        0.143        0.121        5610861749                  6973267567                  
GPU 5           324.465           0.391        0.149        0.127        155894743                   1951589853                  
GPU 6           323.263           0.346        0.145        0.111        241420730                   28445483                    
GPU 7           309.029           0.392        0.145        0.133        8040914203                  5885788295                  
GPU 0           306.611           0.378        0.132        0.140        2011380216                  6323456595                  
GPU 1           311.152           0.347        0.137        0.137        340853313                   3750517626                  
GPU 2           301.984           0.372        0.127        0.141        314287349                   4096224593                  
GPU 3           294.225           0.363        0.134        0.136        3317838586                  6104424233                  
GPU 4           299.240           0.374        0.130        0.140        2699237582                  6909941289                  
GPU 5           313.482           0.370        0.126        0.143        332070122                   4201774604                  
GPU 6           317.653           0.391        0.120        0.134        320846448                   3065745485                  
GPU 7           299.620           0.362        0.120        0.142        3954447752                  6196825274                  
GPU 0           304.438           0.367        0.121        0.144        2490206357                  6967966938                  
GPU 1           320.873           0.351        0.110        0.145        375065973                   4696462208                  
GPU 2           300.154           0.363        0.119        0.144        321893674                   4076367737                  
GPU 3           289.599           0.350        0.110        0.144        2799395758                  6087984612                  
GPU 4           298.749           0.364        0.120        0.144        2459755926                  7114515669                  
GPU 5           311.809           0.345        0.109        0.142        349378410                   4328871340                  
GPU 6           301.729           0.365        0.109        0.144        383091086                   4249542801                  
GPU 7           297.003           0.352        0.111        0.145        2887552746                  6468727454                  
GPU 0           307.178           0.367        0.123        0.142        2076550831                  6350029555                  
GPU 1           326.663           0.367        0.122        0.143        326824876                   4137093386                  
GPU 2           306.422           0.380        0.132        0.139        202142426                   2532035918                  
GPU 3           295.779           0.366        0.121        0.142        3368519775                  6167505454                  
GPU 4           300.042           0.376        0.131        0.137        3147321693                  6205435643                  
GPU 5           315.043           0.380        0.133        0.145        344925560                   2901771037                  
GPU 6           319.803           0.376        0.130        0.139        336746999                   2746943412                  
GPU 7           302.255           0.371        0.124        0.144        3357230975                  6176826839                  
GPU 0           312.066           0.370        0.124        0.142        3009811523                  5660881737                  
GPU 1           324.606           0.374        0.128        0.142        197331765                   2405725485                  
GPU 2           311.265           0.384        0.133        0.142        186054232                   2262054724                  
GPU 3           296.297           0.377        0.130        0.140        3656167631                  4655584741                  
GPU 4           305.025           0.382        0.132        0.143        2957752666                  5573144160                  
GPU 5           320.015           0.374        0.124        0.137        234022782                   2592712707                  
GPU 6           323.500           0.386        0.135        0.143        223808593                   2521442981                  
GPU 7           303.213           0.380        0.132        0.138        3830364701                  5764807985                  
#Entity         POWER             SMACT        TENSO        DRAMA        PCITX                       PCIRX                       
ID               W                                                                                                               
GPU 0           315.169           0.396        0.141        0.139        3213229474                  5900277643                  
GPU 1           332.602           0.391        0.139        0.140        183911803                   2335747914                  
GPU 2           311.596           0.384        0.135        0.139        271416199                   3525407728                  
GPU 3           301.744           0.390        0.140        0.138        3232148458                  5305208450                  
GPU 4           305.025           0.382        0.132        0.138        2555689789                  6310673034                  
GPU 5           320.929           0.374        0.124        0.147        218671433                   3041362900                  
GPU 6           323.500           0.385        0.135        0.140        208081286                   3332586422                  
GPU 7           306.386           0.381        0.130        0.144        3232483857                  4905864617                  
GPU 0           306.713           0.392        0.140        0.141        2342998022                  6143386341                  
GPU 1           327.536           0.396        0.145        0.136        251720168                   3327996208                  
GPU 2           302.062           0.386        0.137        0.138        245398045                   3215038229                  
GPU 3           293.064           0.392        0.131        0.136        3939124930                  5568931245                  
GPU 4           298.536           0.382        0.136        0.134        3554257778                  6285624033                  
GPU 5           315.745           0.382        0.134        0.138        276886920                   3485316479                  
GPU 6           317.868           0.376        0.131        0.138        260667891                   3387269292                  
GPU 7           303.651           0.391        0.134        0.136        4013963474                  5919092566                  
GPU 0           302.309           0.391        0.140        0.136        3642079667                  6443654231                  
GPU 1           330.764           0.376        0.131        0.138        312249659                   3000187746                  
GPU 2           300.781           0.375        0.127        0.141        314997593                   3986634158                  
GPU 3           292.648           0.376        0.122        0.143        3260973340                  5710729235                  
GPU 4           295.357           0.369        0.123        0.142        2580990966                  6868558514                  
GPU 5           312.712           0.385        0.135        0.138        259485714                   3282551896                  
GPU 6           315.617           0.370        0.122        0.144        266235416                   4322632218                  
GPU 7           296.798           0.382        0.123        0.143        3339752622                  6639308133                  
GPU 0           302.309           0.391        0.142        0.136        1973151946                  6443654231                  
GPU 1           313.910           0.370        0.131        0.138        312249659                   3000187746                  
GPU 2           300.781           0.378        0.128        0.141        254160068                   3986634158                  
GPU 3           302.401           0.370        0.135        0.143        3260973340                  5710729235                  
GPU 4           295.357           0.369        0.123        0.140        2829105928                  6561783896                  
GPU 5           312.712           0.385        0.135        0.138        259485714                   4266535879                  
GPU 6           315.617           0.370        0.122        0.139        350030568                   3088377046                  
GPU 7           296.798           0.373        0.123        0.143        4404566814                  6639308133                  
GPU 0           304.231           0.384        0.134        0.139        3924489549                  6675142100                  
GPU 1           335.255           0.384        0.132        0.139        216359924                   3394735390                  
GPU 2           306.223           0.387        0.136        0.138        243649287                   3225266585                  
GPU 3           295.442           0.387        0.132        0.139        3853814131                  6109652727                  
GPU 4           304.876           0.385        0.135        0.137        3647102361                  6657399122                  
GPU 5           317.414           0.403        0.146        0.139        209944003                   2691839909                  
GPU 6           320.096           0.392        0.139        0.139        240537590                   3112312349                  
GPU 7           301.898           0.394        0.127        0.142        3335528207                  5650051106                  
GPU 0           299.813           0.364        0.127        0.133        3830488541                  6666437086                  
GPU 1           323.696           0.361        0.125        0.133        241719514                   3184524504                  
GPU 2           298.434           0.377        0.133        0.134        226057220                   3058952663                  
GPU 3           290.535           0.362        0.125        0.133        4433428346                  6186690636                  
GPU 4           292.892           0.376        0.134        0.132        4293735388                  7223463295                  
GPU 5           311.525           0.384        0.134        0.138        210118687                   2757926812                  
GPU 6           313.802           0.362        0.126        0.133        223242318                   2896953793                  
GPU 7           298.440           0.377        0.133        0.133        4649604078                  6495892713                  
GPU 0           299.813           0.364        0.110        0.133        3830488541                  6666437086                  
GPU 1           323.696           0.361        0.125        0.133        241719514                   3184524504                  
GPU 2           298.434           0.354        0.133        0.142        300749835                   3058952663                  
GPU 3           290.535           0.362        0.111        0.133        4433428346                  6186690636                  
GPU 4           292.892           0.376        0.134        0.143        4293735388                  6219677362                  
GPU 5           311.525           0.384        0.134        0.138        210118687                   3200036158                  
GPU 6           313.802           0.362        0.126        0.144        223242318                   2896953793                  
GPU 7           298.440           0.377        0.133        0.133        2870803479                  6495892713                  
GPU 0           299.315           0.351        0.124        0.144        2031381286                  7019432562                  
GPU 1           315.901           0.352        0.111        0.145        353318786                   4444684618                  
GPU 2           290.328           0.352        0.134        0.145        425065653                   5163825684                  
GPU 3           297.477           0.353        0.127        0.145        2848735027                  6181730934                  
GPU 4           292.225           0.352        0.111        0.145        2086658334                  7808170414                  
GPU 5           303.670           0.353        0.112        0.145        412348633                   5033671429                  
GPU 6           310.998           0.351        0.110        0.146        371934581                   4326628505                  
GPU 7           292.037           0.352        0.111        0.144        2873632293                  6124729359                  
GPU 0           307.679           0.372        0.133        0.143        2752919255                  6215388784                  
GPU 1           331.266           0.384        0.134        0.141        223495408                   2970798490                  
GPU 2           312.029           0.385        0.122        0.141        245068422                   3249905269                  
GPU 3           292.606           0.375        0.134        0.142        3795136691                  5744621663                  
GPU 4           305.138           0.384        0.135        0.140        3094822328                  6280411508                  
GPU 5           321.656           0.386        0.135        0.141        232914057                   2998997154                  
GPU 6           322.626           0.354        0.112        0.140        351855118                   3076376798                  
GPU 7           307.038           0.357        0.113        0.146        3747704096                  6539325213                  
GPU 0           303.121           0.383        0.123        0.142        2615394692                  6518918734                  
GPU 1           320.849           0.367        0.122        0.143        321247482                   4088115748                  
GPU 2           302.942           0.368        0.138        0.143        320993700                   4040427371                  
GPU 3           301.152           0.385        0.131        0.142        3164267664                  5211360241                  
GPU 4           299.638           0.369        0.123        0.143        3468912157                  6383569796                  
GPU 5           314.199           0.372        0.124        0.145        295542161                   3693050297                  
GPU 6           312.993           0.392        0.139        0.146        238140749                   4607242879                  
GPU 7           297.873           0.387        0.135        0.140        3034877251                  5664273649                  
GPU 0           305.532           0.369        0.145        0.142        2789261596                  6351216020                  
GPU 1           336.976           0.390        0.139        0.138        234396375                   3423421084                  
GPU 2           310.573           0.389        0.153        0.138        282551182                   3688327338                  
GPU 3           302.104           0.380        0.140        0.138        3613445042                  5762298656                  
GPU 4           309.375           0.391        0.139        0.137        4203475652                  6815409553                  
GPU 5           326.347           0.395        0.142        0.137        259287312                   3271111083                  
GPU 6           323.524           0.380        0.146        0.136        221800010                   2847993692                  
GPU 7           301.610           0.399        0.144        0.135        4339136142                  6027072724                  
GPU 0           301.688           0.380        0.132        0.137        3546423285                  6860031675                  
GPU 1           321.893           0.365        0.121        0.142        309434893                   3910765128                  
GPU 2           295.545           0.363        0.119        0.135        182541051                   4004107100                  
GPU 3           285.744           0.367        0.123        0.139        3605391195                  5863767331                  
GPU 4           297.303           0.364        0.121        0.135        2512530300                  6715244934                  
GPU 5           311.490           0.368        0.122        0.143        331247472                   4110263657                  
GPU 6           313.563           0.367        0.122        0.143        314876556                   2943325918                  
GPU 7           297.506           0.370        0.123        0.143        3238233557                  6020356703                  
GPU 0           300.331           0.380        0.121        0.137        3546423285                  6860031675                  
GPU 1           321.893           0.365        0.121        0.142        309434893                   5001730736                  
GPU 2           295.545           0.363        0.112        0.141        318110215                   4004107100                  
GPU 3           292.556           0.367        0.124        0.139        3605391195                  5863767331                  
GPU 4           297.303           0.364        0.121        0.140        2030430710                  6715244934                  
GPU 5           311.490           0.368        0.122        0.143        331247472                   4110263657                  
GPU 6           313.563           0.367        0.122        0.143        314876556                   3958392054                  
GPU 7           297.506           0.370        0.123        0.143        3238233557                  6020356703                  
GPU 0           302.789           0.361        0.114        0.148        1939912565                  7104260074                  
GPU 1           322.718           0.359        0.114        0.148        397783407                   5176212597                  
GPU 2           297.576           0.356        0.114        0.147        393659266                   4911384146                  
GPU 3           289.779           0.363        0.115        0.149        2737719206                  6923223428                  
GPU 4           294.767           0.359        0.114        0.148        1998915194                  7458658802                  
GPU 5           310.142           0.363        0.116        0.150        452523194                   5624279844                  
GPU 6           315.138           0.365        0.114        0.149        444167464                   5547766268                  
GPU 7           299.019           0.364        0.116        0.150        2758996360                  6516426085                  
#Entity         POWER             SMACT        TENSO        DRAMA        PCITX                       PCIRX                       
ID               W                                                                                                               
GPU 0           305.127           0.365        0.108        0.162        1614515807                  10612254560                 
GPU 1           327.830           0.361        0.114        0.150        409388006                   5577411113                  
GPU 2           300.737           0.359        0.102        0.148        400615413                   4978661075                  
GPU 3           294.616           0.365        0.109        0.160        5269544437                  6395168687                  
GPU 4           301.494           0.359        0.114        0.148        1496940061                  8139578756                  
GPU 5           318.407           0.365        0.107        0.163        422407141                   5732983214                  
GPU 6           320.494           0.354        0.114        0.155        422434545                   5773458241                  
GPU 7           300.692           0.368        0.111        0.160        5077850474                  6585209749                  
GPU 0           306.811           0.354        0.078        0.188        1280491625                  15954343015                 
GPU 1           325.681           0.354        0.087        0.179        388221994                   5234997179                  
GPU 2           301.782           0.360        0.077        0.164        374150738                   5143716334                  
GPU 3           294.806           0.355        0.078        0.190        10349707452                 5495690799                  
GPU 4           298.092           0.359        0.094        0.173        1320055962                  14001979666                 
GPU 5           315.532           0.357        0.079        0.191        405236682                   5930751825                  
GPU 6           322.949           0.358        0.079        0.190        399349351                   5557901142                  
GPU 7           295.000           0.356        0.078        0.190        10450480683                 6283250924                  
GPU 0           282.060           0.355        0.060        0.188        1096510993                  13723766358                 
GPU 1           302.900           0.357        0.076        0.190        365657636                   5552534420                  
GPU 2           279.233           0.352        0.052        0.185        329526632                   4856340869                  
GPU 3           270.908           0.358        0.054        0.189        7659310794                  5474236607                  
GPU 4           281.623           0.355        0.050        0.186        1067930160                  13590018504                 
GPU 5           297.588           0.360        0.054        0.190        400268890                   5723657019                  
GPU 6           300.561           0.265        0.069        0.191        398662017                   5767834785                  
GPU 7           226.623           0.359        0.057        0.189        7901199618                  5907669297                  
